{"type":"FeatureCollection","features":[{"type":"Feature","properties":{"slug":"achham"},"geometry":{"type":"MultiPolygon","coordinates":[[[[81.104583593,29.099621064],[81.074106991,29.126839378],[81.071940479,29.134086172],[81.065434412,29.13520161],[81.066588165,29.144370766],[81.055439222,29.149821301],[81.057642298,29.161085649],[81.049730547,29.162221254],[81.049193797,29.170457225],[81.043338267,29.175297886],[81.045499821,29.184412808],[81.036289373,29.189342104],[81.03002178,29.186282624],[81.026725393,29.19534692],[81.038851665,29.199634422],[81.064310209,29.198354553],[81.090735447,29.21502514],[81.101567026,29.215312877],[81.113656416,29.227793237],[81.112894072,29.239683863],[81.097319495,29.248258921],[81.100015284,29.261362789],[81.120690261,29.299370489],[81.13568162,29.304884913],[81.143808324,29.349406402],[81.148216487,29.359626686],[81.154539009,29.362648921],[81.153301419,29.381758298],[81.160099488,29.385542156],[81.176256904,29.385451811],[81.199995931,29.365570485],[81.222836363,29.362225219],[81.249012541,29.350756073],[81.258625504,29.338094637],[81.253737005,29.325744982],[81.268086137,29.301840286],[81.295084616,29.310386648],[81.309229058,29.32514301],[81.31700353,29.323137488],[81.322362952,29.314036411],[81.329790118,29.314392787],[81.332462857,29.304632487],[81.340585734,29.301767675],[81.343614615,29.291753528],[81.354294099,29.284101323],[81.366549167,29.284584813],[81.382760746,29.296722387],[81.382050428,29.302740376],[81.395907711,29.285162018],[81.416805686,29.276856133],[81.428806261,29.286301094],[81.443002179,29.287438985],[81.47763629,29.264011637],[81.491211853,29.26169772],[81.499627909,29.238870468],[81.487040893,29.226975165],[81.482109204,29.200603506],[81.490767166,29.185039077],[81.487322403,29.173017468],[81.495256767,29.168876148],[81.496950963,29.154841544],[81.524673283,29.152757542],[81.533332771,29.146585546],[81.535297106,29.136898415],[81.565558792,29.126165443],[81.53672199,29.106760625],[81.523519269,29.10427962],[81.509907542,29.090743456],[81.50059424,29.091177792],[81.469390089,29.078137289],[81.466815439,29.067097536],[81.444141191,29.053804544],[81.439668841,29.040298184],[81.432727834,29.037530289],[81.425538182,29.023010239],[81.417805201,29.021374228],[81.414916659,29.01385333],[81.419036883,29.004325649],[81.410146655,28.996978843],[81.425149581,28.980270973],[81.424029655,28.966401377],[81.432795118,28.957111108],[81.443953325,28.958545557],[81.444641661,28.940445005],[81.451303654,28.938997101],[81.455910098,28.931113271],[81.466534815,28.928915865],[81.491662294,28.894222301],[81.508984263,28.889824562],[81.515156308,28.874457012],[81.531925088,28.856122064],[81.556893808,28.797579526],[81.579881232,28.780072267],[81.580184699,28.757399755],[81.548205989,28.749254281],[81.520465633,28.749081935],[81.535068258,28.761339674],[81.527831642,28.774573848],[81.515475285,28.780455203],[81.522370963,28.803345851],[81.498241815,28.821282992],[81.490539468,28.840984307],[81.463271101,28.852811163],[81.467398824,28.861937555],[81.462232304,28.875163193],[81.464944936,28.893676504],[81.440641691,28.90041056],[81.431785661,28.910667176],[81.414170687,28.914169371],[81.394398846,28.908526015],[81.374843703,28.893023332],[81.355239987,28.889778444],[81.342340443,28.892701567],[81.336602361,28.906984161],[81.324197093,28.908101897],[81.31630634,28.920239038],[81.302050501,28.925757965],[81.283514717,28.921636236],[81.266129024,28.902679782],[81.245691849,28.915164105],[81.236636296,28.90598997],[81.204211175,28.90810717],[81.194527548,28.916229038],[81.184408322,28.914894221],[81.169247408,28.921176379],[81.120733335,28.962627829],[81.103829777,28.965671518],[81.105291066,28.977802277],[81.118188682,28.974078477],[81.13183596,28.98090545],[81.136049,28.989116986],[81.143615691,28.990821298],[81.150157672,29.006108579],[81.14429126,29.018873936],[81.144664624,29.035410895],[81.136573433,29.041900309],[81.131417347,29.059387921],[81.12137893,29.065368483],[81.11955044,29.072286438],[81.128592433,29.081285461],[81.109918609,29.08485039],[81.109646132,29.097063494],[81.104583593,29.099621064]]]]}},{"type":"Feature","properties":{"slug":"arghakhanchi"},"geometry":{"type":"MultiPolygon","coordinates":[[[[83.231040919,27.823207645],[83.247842814,27.808459477],[83.245398223,27.790169357],[83.258460569,27.78504651],[83.258041727,27.772563452],[83.246341237,27.751202227],[83.237547926,27.750409486],[83.22577108,27.763251337],[83.185810582,27.754103413],[83.178026789,27.758714008],[83.143693653,27.760669217],[83.127034418,27.768991536],[83.12161402,27.761834798],[83.108496368,27.770497636],[83.100029396,27.769296689],[83.093441281,27.783022408],[83.089277349,27.782408467],[83.089933272,27.771299363],[83.086633774,27.774867054],[83.074871337,27.764882422],[83.066764052,27.764536901],[83.066191435,27.757906935],[83.058288127,27.764303428],[83.052548591,27.756735723],[83.049924724,27.769006507],[83.034566924,27.781766441],[83.033045172,27.79332018],[83.022499178,27.798410129],[83.020726612,27.808436941],[83.016088765,27.810095974],[83.01972384,27.820686811],[82.996473195,27.792892516],[82.960692432,27.795646512],[82.929910812,27.784372921],[82.898929166,27.793697138],[82.840653274,27.790353068],[82.816398988,27.795753489],[82.799461097,27.794037223],[82.794235087,27.806006809],[82.78709809,27.803318455],[82.787533124,27.794494765],[82.769366339,27.810450497],[82.757954085,27.812279359],[82.748381878,27.825945042],[82.758830283,27.837102355],[82.780738562,27.842750206],[82.791631684,27.855896533],[82.807367801,27.857364492],[82.792028838,27.865460602],[82.809046199,27.868137532],[82.810031885,27.87134944],[82.803952797,27.872921025],[82.805420242,27.879072171],[82.824316053,27.905701128],[82.848375971,27.901232308],[82.867491261,27.909642996],[82.877049068,27.901191464],[82.895149913,27.914185467],[82.915781578,27.904190795],[82.928578284,27.922710784],[82.943039136,27.931072598],[82.968764401,27.926297772],[82.98391449,27.930175569],[82.988491586,27.92547625],[83.004205611,27.932225668],[83.009958433,27.920116293],[83.014325615,27.92268337],[83.016764493,27.95652944],[83.001838187,27.970077428],[82.99965709,27.977790568],[82.989414793,27.976747893],[82.975799544,27.984328697],[82.973714249,27.991992467],[82.968217083,27.993523749],[82.964272209,27.988050444],[82.952395942,27.994141782],[82.973570508,28.006524262],[82.97487983,28.030988544],[82.970396297,28.038435799],[82.96086884,28.0410553],[82.961572839,28.046317017],[82.985129935,28.073862205],[82.993307156,28.090862267],[83.001959592,28.095888492],[83.002527563,28.11400328],[83.02944191,28.099138022],[83.039752725,28.105511461],[83.045247007,28.101046948],[83.050813092,28.106867557],[83.048898458,28.111172199],[83.057005701,28.106765906],[83.068622656,28.10951857],[83.066550948,28.098393933],[83.073236501,28.090818595],[83.089938707,28.097355424],[83.098757449,28.094627487],[83.09642555,28.082174967],[83.102302415,28.077241378],[83.125384189,28.084494482],[83.125351782,28.069343054],[83.150374603,28.059785911],[83.183912975,28.087659283],[83.22986279,28.048381283],[83.233550671,28.021015897],[83.23987025,28.008011112],[83.244023187,28.008415198],[83.246034425,27.9977507],[83.252111219,27.99533832],[83.252533315,27.986977464],[83.262900453,27.988975807],[83.280437685,27.967613508],[83.300949375,27.967784663],[83.302541087,27.954878925],[83.283982172,27.942424856],[83.278620463,27.931486463],[83.287358857,27.924691458],[83.308123025,27.927678423],[83.306640897,27.914788638],[83.297829987,27.909336196],[83.311071293,27.901757077],[83.309113726,27.888896533],[83.330465435,27.875196776],[83.317486131,27.860236014],[83.30789897,27.856998108],[83.300618266,27.859837932],[83.310137333,27.851563011],[83.297802683,27.843881908],[83.289802354,27.82801205],[83.274078672,27.826387096],[83.248176345,27.831915847],[83.231040919,27.823207645]]]]}},{"type":"Feature","properties":{"slug":"baglung"},"geometry":{"type":"MultiPolygon","coordinates":[[[[83.281752477,28.190157949],[83.273695854,28.187642875],[83.268842202,28.197270423],[83.259237,28.200088401],[83.251805423,28.214202064],[83.233780823,28.221869601],[83.215413735,28.248455775],[83.184845549,28.270737166],[83.167816696,28.257974152],[83.155521797,28.270850044],[83.130819805,28.250157147],[83.124385341,28.257804291],[83.109557504,28.251800253],[83.09357093,28.257021357],[83.097061216,28.277180809],[83.069426849,28.301934329],[83.06691029,28.313349997],[83.044764996,28.324629643],[83.03327353,28.321785239],[83.018583935,28.325544683],[83.012898939,28.332875867],[83.004205236,28.332702196],[82.994003398,28.350976434],[82.980084115,28.359429459],[82.954747383,28.360171528],[82.955114248,28.371699349],[82.94798914,28.378714353],[82.950409718,28.384047711],[82.942262759,28.393865255],[82.94362443,28.398452851],[82.915949069,28.403029036],[82.919207705,28.409181642],[82.912264682,28.427414178],[82.91431247,28.434236206],[82.900664316,28.447377239],[82.886347276,28.452473879],[82.878681172,28.473635448],[82.886610244,28.479678381],[82.903959047,28.475483702],[82.911761653,28.480630901],[82.877353274,28.515446268],[82.894613761,28.515450201],[82.914066481,28.527605485],[82.91367252,28.555580528],[82.920810719,28.567238806],[82.933035977,28.565587259],[82.973814912,28.542346923],[82.977363362,28.546235554],[82.985472002,28.570870901],[82.962291921,28.581897739],[82.952637111,28.598107919],[82.956491549,28.610514956],[82.967072094,28.615443591],[82.97697026,28.628962988],[83.019127274,28.621738138],[83.042820865,28.629983221],[83.05752513,28.620126967],[83.080879256,28.625617801],[83.096360117,28.635160147],[83.107411182,28.632230889],[83.103582492,28.609866395],[83.108706711,28.581217482],[83.100541639,28.566983549],[83.101540482,28.541359484],[83.125666674,28.527814955],[83.1312492,28.496165134],[83.168917433,28.493440996],[83.199744509,28.501638816],[83.219453066,28.51385623],[83.248269938,28.500695361],[83.257829523,28.500937479],[83.254687231,28.495709164],[83.273919997,28.493620513],[83.282602092,28.476280358],[83.296514274,28.470203432],[83.30047022,28.461430296],[83.290441279,28.446816429],[83.272643384,28.4421091],[83.274666839,28.429980806],[83.279557748,28.433180833],[83.289315149,28.418491949],[83.296834878,28.415769684],[83.289804173,28.39696387],[83.282461986,28.392912133],[83.286689038,28.379831833],[83.278823137,28.367511348],[83.285928038,28.368584229],[83.30159985,28.356293835],[83.31193187,28.354611515],[83.335639944,28.370922304],[83.363573698,28.370721732],[83.377763331,28.355421781],[83.411338785,28.357513271],[83.424381468,28.341179272],[83.438886725,28.340371122],[83.443513572,28.328796563],[83.484640407,28.320116778],[83.497980538,28.324403333],[83.509744917,28.316773393],[83.527065001,28.315095178],[83.535227194,28.303231697],[83.546500236,28.313613415],[83.559208349,28.316716507],[83.585232556,28.309716409],[83.602318315,28.297273302],[83.600465776,28.289358248],[83.607738885,28.285002629],[83.60519937,28.270795829],[83.610716142,28.266906454],[83.609985201,28.259114155],[83.648605062,28.237596947],[83.657387453,28.237395909],[83.660561474,28.230391971],[83.667679388,28.230783916],[83.674595634,28.215166009],[83.669218148,28.209558066],[83.671212613,28.203952045],[83.65927406,28.198724845],[83.639508034,28.174786985],[83.643903656,28.167003637],[83.633855552,28.151049193],[83.63926291,28.136829884],[83.629979353,28.122853459],[83.604780205,28.110607015],[83.600476821,28.09516286],[83.5894565,28.080910122],[83.581307457,28.081352525],[83.580678989,28.077461058],[83.575160912,28.087610051],[83.562644613,28.092822953],[83.564932715,28.101015301],[83.555192789,28.106631083],[83.554513314,28.11676771],[83.548226596,28.119928204],[83.531988143,28.116593456],[83.510350844,28.127019936],[83.4996757,28.117535207],[83.486077661,28.113317955],[83.474126091,28.119048132],[83.478253519,28.13015474],[83.473708399,28.132346036],[83.45751013,28.13239117],[83.446020616,28.125092043],[83.43875704,28.131041018],[83.423315591,28.125246571],[83.418220302,28.137148346],[83.394784716,28.15593885],[83.390129313,28.167394672],[83.38422367,28.163848847],[83.355535826,28.197500789],[83.330879661,28.189116446],[83.316522312,28.190405869],[83.307079376,28.197911545],[83.281752477,28.190157949]]]]}},{"type":"Feature","properties":{"slug":"baitadi"},"geometry":{"type":"MultiPolygon","coordinates":[[[[80.27121324,29.373191683],[80.279006398,29.378577581],[80.273016663,29.386214102],[80.274739882,29.393042167],[80.241730749,29.411615956],[80.247456762,29.432422375],[80.243863988,29.445504597],[80.25821798,29.451812987],[80.274366485,29.449544895],[80.269261037,29.455061189],[80.276296828,29.45856413],[80.280572506,29.45762427],[80.280569424,29.450936401],[80.302583866,29.45311971],[80.286876957,29.477189187],[80.293116885,29.478902914],[80.299165182,29.490605194],[80.313147732,29.484538498],[80.313944769,29.499070761],[80.328794942,29.505356098],[80.332405762,29.512934988],[80.340947136,29.509950623],[80.345429961,29.51368545],[80.34859311,29.524155563],[80.358078299,29.532545073],[80.348642532,29.540490646],[80.341919645,29.540335703],[80.345743489,29.548616717],[80.342776766,29.552932774],[80.364112524,29.556629746],[80.363727209,29.564082538],[80.378916539,29.561341731],[80.37919334,29.571495338],[80.388358821,29.572052085],[80.39152992,29.581625781],[80.40782953,29.594892227],[80.408948026,29.605015596],[80.41788633,29.606868656],[80.417791853,29.614043164],[80.427275515,29.612234888],[80.429134228,29.618145728],[80.436890378,29.620247187],[80.442328064,29.616602598],[80.450221962,29.625387115],[80.458869885,29.626198644],[80.467113595,29.620448726],[80.496931802,29.624670257],[80.506436109,29.644762475],[80.537292183,29.663723502],[80.55900127,29.670828099],[80.573614114,29.687497205],[80.601376602,29.691763147],[80.606612029,29.686642884],[80.62400376,29.686821959],[80.633512141,29.690579347],[80.648214953,29.68162169],[80.659926832,29.682340206],[80.674371828,29.687246299],[80.685371794,29.703752065],[80.694341772,29.706139202],[80.708697725,29.699260469],[80.754615456,29.707983349],[80.76464162,29.701697194],[80.780719783,29.701808262],[80.796020091,29.688323979],[80.792191539,29.678019029],[80.780636184,29.67831848],[80.778724971,29.66553735],[80.771169017,29.668795134],[80.763044434,29.661977988],[80.761983507,29.647495217],[80.771561026,29.642333201],[80.784353093,29.645478628],[80.790881825,29.641392908],[80.780941509,29.633489028],[80.787773467,29.613328206],[80.786632299,29.602686695],[80.777788462,29.586853515],[80.780163513,29.571566612],[80.776656185,29.560016469],[80.771310052,29.551875858],[80.756228984,29.55654979],[80.748330183,29.553285873],[80.748332429,29.530679629],[80.780657741,29.523278858],[80.788350206,29.506802571],[80.8047017,29.515245668],[80.817064871,29.515732466],[80.823851229,29.509563383],[80.822627354,29.50083919],[80.84546598,29.489014216],[80.856406934,29.469093168],[80.87546184,29.464181559],[80.883245815,29.442748425],[80.908270345,29.441461988],[80.875285968,29.412474548],[80.862022003,29.414410324],[80.852087538,29.407632649],[80.860159678,29.396493735],[80.852665568,29.378158178],[80.84517195,29.37550377],[80.83481134,29.381101239],[80.814675739,29.364847327],[80.785802418,29.366428129],[80.778572633,29.3794565],[80.762352626,29.385823449],[80.767439887,29.399912437],[80.741442045,29.401745752],[80.72137348,29.409543767],[80.718627209,29.418666749],[80.706947501,29.414583613],[80.682126732,29.425141872],[80.668784353,29.41875512],[80.677846805,29.410607312],[80.678607538,29.401358692],[80.65786284,29.392347528],[80.650559562,29.382565988],[80.626538447,29.388257349],[80.616252477,29.39654481],[80.581866944,29.396375964],[80.576354326,29.411852626],[80.552230152,29.41856101],[80.547992113,29.398746637],[80.532117085,29.392028637],[80.50792593,29.394249069],[80.502603086,29.398884941],[80.479875413,29.385738027],[80.457895264,29.396089596],[80.447580142,29.394427689],[80.440461501,29.386113011],[80.436275073,29.394078085],[80.415695409,29.373661695],[80.419373735,29.368507851],[80.414495664,29.356044403],[80.410313491,29.359810935],[80.402571738,29.356020822],[80.401967246,29.360709873],[80.386434764,29.355947572],[80.385906009,29.348966223],[80.380218456,29.354218097],[80.377651453,29.349031742],[80.368117933,29.349983911],[80.365816773,29.340488028],[80.372077203,29.338047709],[80.362652829,29.332736095],[80.36274028,29.327106439],[80.352927893,29.333954738],[80.350682922,29.32789422],[80.33328832,29.319110712],[80.335185717,29.313086364],[80.32586513,29.308440377],[80.308487163,29.322846249],[80.295334615,29.325346606],[80.279551432,29.347665126],[80.279201102,29.359850349],[80.271368741,29.363748325],[80.27121324,29.373191683]]]]}},{"type":"Feature","properties":{"slug":"bajhang"},"geometry":{"type":"MultiPolygon","coordinates":[[[[80.908432466,29.444177922],[80.883245815,29.442748425],[80.87546184,29.464181559],[80.856406934,29.469093168],[80.84546598,29.489014216],[80.822627354,29.50083919],[80.823851229,29.509563383],[80.817064871,29.515732466],[80.8047017,29.515245668],[80.788350206,29.506802571],[80.780657741,29.523278858],[80.748332429,29.530679629],[80.748330183,29.553285873],[80.756228984,29.55654979],[80.771310052,29.551875858],[80.776656185,29.560016469],[80.780163513,29.571566612],[80.777788462,29.586853515],[80.786632299,29.602686695],[80.787773467,29.613328206],[80.780941509,29.633489028],[80.790881825,29.641392908],[80.784353093,29.645478628],[80.771561026,29.642333201],[80.761983507,29.647495217],[80.763044434,29.661977988],[80.771169017,29.668795134],[80.778724971,29.66553735],[80.780636184,29.67831848],[80.792191539,29.678019029],[80.796020091,29.688323979],[80.811242821,29.68409026],[80.829764152,29.691527229],[80.840422506,29.687424064],[80.845510395,29.693416376],[80.858321404,29.696002107],[80.864699668,29.706357398],[80.939898534,29.735460235],[80.975232409,29.72191778],[80.988149872,29.741157379],[81.004185865,29.740643572],[81.020484746,29.748358429],[81.031704181,29.742378888],[81.038195927,29.752682874],[81.055364938,29.756669158],[81.060132943,29.762015027],[81.06223343,29.793503954],[81.067785876,29.795840243],[81.069350973,29.803210567],[81.069859848,29.828409317],[81.055450492,29.82981231],[81.040055236,29.840673833],[81.040499968,29.860060006],[81.036704538,29.864617275],[81.040795682,29.881710773],[81.027710185,29.906405329],[81.000615041,29.928185229],[81.002291237,29.936153933],[81.021597819,29.958646366],[81.017606928,29.966119419],[81.020531827,29.97400196],[81.014984352,29.980717315],[81.025945538,29.987518125],[81.038123386,30.015095233],[81.053547232,30.024102768],[81.069971493,30.04451611],[81.091145031,30.054271588],[81.106660003,30.04437423],[81.110771964,30.035653423],[81.118170469,30.034230529],[81.123915546,30.020270615],[81.149355318,30.01157871],[81.177698856,30.015100375],[81.18446806,30.010898112],[81.194962532,30.022895614],[81.207292309,30.020758917],[81.217472205,30.007311138],[81.245147955,30.011083272],[81.253268181,30.023637628],[81.23742328,30.031834204],[81.271968915,30.045266266],[81.291048657,30.034985681],[81.31462014,30.032705273],[81.318661273,30.025599875],[81.346461567,30.018785766],[81.357050569,30.010554375],[81.381950453,30.007216335],[81.383926381,30.013591259],[81.399551964,30.018105292],[81.401339198,30.02282718],[81.463013761,29.995708201],[81.460719005,29.985688555],[81.470191862,29.973157555],[81.466928656,29.960746123],[81.452762585,29.951169212],[81.458605309,29.94263691],[81.454785224,29.934758228],[81.462692069,29.920967825],[81.456432467,29.901193296],[81.470691397,29.889834186],[81.479854662,29.892056662],[81.492737417,29.887171172],[81.505601084,29.894409974],[81.51333572,29.886860354],[81.533083192,29.883536372],[81.564980258,29.851563133],[81.558441895,29.809920785],[81.546670531,29.794646129],[81.560604857,29.770625269],[81.55175225,29.753446145],[81.540924716,29.747414505],[81.512309985,29.752664188],[81.508229036,29.738937052],[81.524442126,29.710566817],[81.514583148,29.700836789],[81.518510022,29.691627897],[81.515853476,29.679444758],[81.446403492,29.647246112],[81.441074994,29.649584946],[81.427475142,29.643995041],[81.418066716,29.624002173],[81.418829817,29.597844021],[81.398382544,29.576855475],[81.402457601,29.566602743],[81.399965209,29.558424667],[81.371499689,29.550017207],[81.351141008,29.530011069],[81.338707327,29.505060002],[81.314749776,29.491564706],[81.317004169,29.483389442],[81.29092151,29.474852714],[81.307684026,29.460390168],[81.302852278,29.451401137],[81.262145459,29.433857253],[81.250481697,29.421836669],[81.255006479,29.41659497],[81.251841093,29.413334735],[81.226024403,29.411677992],[81.202029642,29.395746302],[81.193193749,29.40182043],[81.186788691,29.397861844],[81.184331692,29.406669172],[81.170667541,29.411629591],[81.163710777,29.394756774],[81.143985539,29.390940316],[81.131655751,29.404347397],[81.119239407,29.395746858],[81.095680428,29.407842792],[81.081141443,29.410123891],[81.062582748,29.405453342],[81.047766146,29.413320538],[81.033581238,29.411824872],[81.022648878,29.421903347],[81.008779059,29.42003722],[80.986877118,29.405171901],[80.97097925,29.400297095],[80.939498357,29.397554889],[80.931511228,29.418571811],[80.916235981,29.43144072],[80.912096943,29.445430038],[80.908432466,29.444177922]]]]}},{"type":"Feature","properties":{"slug":"bajura"},"geometry":{"type":"MultiPolygon","coordinates":[[[[81.190269006,29.373267636],[81.171225278,29.389302071],[81.193107136,29.401818366],[81.202115631,29.395768739],[81.226024403,29.411677992],[81.251841093,29.413334735],[81.255006479,29.41659497],[81.250481697,29.421836669],[81.262145459,29.433857253],[81.302852278,29.451401137],[81.307684026,29.460390168],[81.29092151,29.474852714],[81.317004169,29.483389442],[81.314749776,29.491564706],[81.338707327,29.505060002],[81.351141008,29.530011069],[81.371499689,29.550017207],[81.399965209,29.558424667],[81.402457601,29.566602743],[81.398382544,29.576855475],[81.418829817,29.597844021],[81.418066716,29.624002173],[81.427475142,29.643995041],[81.441074994,29.649584946],[81.446403492,29.647246112],[81.515853476,29.679444758],[81.518510022,29.691627897],[81.514583148,29.700836789],[81.524442126,29.710566817],[81.50830352,29.7428185],[81.513303083,29.753515183],[81.539818749,29.747103269],[81.552449578,29.754277826],[81.56059867,29.770681702],[81.546670531,29.794646129],[81.558441895,29.809920785],[81.565014443,29.851425397],[81.541698921,29.877937079],[81.527562348,29.88572834],[81.51333572,29.886860354],[81.505601084,29.894409974],[81.516940288,29.904344251],[81.512000444,29.916152819],[81.516729304,29.922654956],[81.534919281,29.927585049],[81.5493735,29.923168036],[81.584901814,29.936861413],[81.591033645,29.930665456],[81.602631999,29.930164098],[81.612895668,29.94323894],[81.626618745,29.938374836],[81.644825258,29.948118477],[81.670714275,29.940688408],[81.687359709,29.949281511],[81.697935523,29.941487641],[81.697482578,29.931500766],[81.709651179,29.926879869],[81.710782813,29.914315508],[81.715998998,29.909431353],[81.779972004,29.911071389],[81.799219222,29.901690915],[81.79873869,29.896698129],[81.793637911,29.895542542],[81.797212725,29.878803858],[81.791544267,29.853809574],[81.794210117,29.84884964],[81.780780819,29.839285482],[81.780360395,29.807066825],[81.773657599,29.798156572],[81.764521472,29.801829664],[81.739622682,29.792241352],[81.730182827,29.769222641],[81.732839831,29.759195934],[81.726795236,29.747963159],[81.727019889,29.734142588],[81.714031255,29.722317837],[81.697066801,29.678328933],[81.703610241,29.645431554],[81.69939319,29.642084062],[81.715799572,29.620873591],[81.736921062,29.606600033],[81.773772973,29.605828669],[81.777923889,29.599768608],[81.789692584,29.596678997],[81.798540858,29.576599378],[81.797569677,29.552162097],[81.790388366,29.540552964],[81.792890138,29.530604744],[81.777292756,29.517355276],[81.780625695,29.509188712],[81.762492115,29.505371574],[81.788049593,29.500048358],[81.807061474,29.466177856],[81.805434672,29.439366848],[81.789346322,29.389042158],[81.768838752,29.392252079],[81.76652737,29.385755782],[81.761095658,29.38661469],[81.749681569,29.366575226],[81.752542553,29.352405216],[81.743999608,29.337405943],[81.703192669,29.330616716],[81.690920582,29.320593678],[81.668528136,29.317071582],[81.647748145,29.321466517],[81.64194946,29.334464471],[81.644092132,29.354357824],[81.634732984,29.364424443],[81.613673748,29.370800439],[81.581792268,29.364832822],[81.573174891,29.36078065],[81.567027767,29.347850467],[81.558454575,29.357917535],[81.547374366,29.338258042],[81.52891216,29.32610906],[81.523885536,29.315134772],[81.507966781,29.314621046],[81.500002291,29.29732525],[81.483867047,29.279618882],[81.466286329,29.271924058],[81.443002179,29.287438985],[81.428806261,29.286301094],[81.416805686,29.276856133],[81.395907711,29.285162018],[81.382050428,29.302740376],[81.382760746,29.296722387],[81.366549167,29.284584813],[81.354294099,29.284101323],[81.343614615,29.291753528],[81.340585734,29.301767675],[81.332462857,29.304632487],[81.329790118,29.314392787],[81.322362952,29.314036411],[81.31700353,29.323137488],[81.309229058,29.32514301],[81.295084616,29.310386648],[81.268086137,29.301840286],[81.253737005,29.325744982],[81.258625504,29.338094637],[81.249012541,29.350756073],[81.222836363,29.362225219],[81.200761957,29.365215216],[81.190269006,29.373267636]]]]}},{"type":"Feature","properties":{"slug":"banke"},"geometry":{"type":"MultiPolygon","coordinates":[[[[81.534932244,28.054928791],[81.502807844,28.073202636],[81.518032554,28.076160183],[81.524805883,28.084321704],[81.510609629,28.0909541],[81.511826129,28.096276062],[81.503464124,28.104424393],[81.511053547,28.107726248],[81.501219465,28.117569715],[81.505896253,28.122540691],[81.498703157,28.126711465],[81.504453233,28.128071163],[81.49893457,28.145494673],[81.506336898,28.152264956],[81.512250907,28.148719046],[81.515001603,28.156146959],[81.522430581,28.157289698],[81.516966123,28.161693909],[81.522693369,28.168156074],[81.518810209,28.171812125],[81.523937232,28.173942619],[81.518252917,28.178999768],[81.529232686,28.182720814],[81.528845963,28.195714861],[81.540748413,28.20374046],[81.561602538,28.207333771],[81.562156541,28.21780625],[81.564005297,28.213627221],[81.57230111,28.217680704],[81.578560228,28.223695979],[81.575605303,28.228274644],[81.582918194,28.228009075],[81.589471045,28.240323648],[81.590046865,28.235125573],[81.606494942,28.235976268],[81.612565535,28.248817412],[81.620847286,28.249118553],[81.62315163,28.254921735],[81.647199069,28.266254625],[81.646560475,28.27718567],[81.640683415,28.279652116],[81.653434395,28.293835971],[81.662141763,28.287377931],[81.676797327,28.322393262],[81.680512115,28.323741936],[81.678489803,28.31380089],[81.691424827,28.327542477],[81.684576154,28.325957222],[81.684885631,28.332373883],[81.67597839,28.332781542],[81.673567886,28.337562569],[81.686224359,28.337858207],[81.702086333,28.334508597],[81.725209515,28.316091975],[81.74806905,28.312487606],[81.753801358,28.307497454],[81.761228888,28.309231703],[81.767447377,28.300793502],[81.786405971,28.295242012],[81.7936516,28.273874641],[81.808481945,28.283023554],[81.843554394,28.27203934],[81.864673541,28.249846602],[81.860921421,28.238739514],[81.882900311,28.24354886],[81.896505648,28.233328919],[81.921572413,28.226913228],[81.926706595,28.209495086],[81.936113299,28.20765287],[81.951956745,28.194115976],[81.962689851,28.194428895],[81.965268406,28.184521165],[81.977923892,28.182896421],[82.002582862,28.158070939],[82.017906007,28.134494186],[82.016479946,28.116191351],[82.021032054,28.099350835],[82.1065118,28.073144441],[82.159410564,28.046889245],[82.17417928,28.046012523],[82.193929475,28.025280003],[82.18595831,27.995102165],[82.192276155,27.979951139],[82.192686657,27.954424423],[82.176724472,27.951793826],[82.153075052,27.961337948],[82.141586078,27.95874697],[82.133533414,27.962271852],[82.119559769,27.948825837],[82.114019258,27.952929262],[82.100060761,27.949089117],[82.095112258,27.955406847],[82.088059922,27.949994375],[82.069781397,27.952662076],[82.063853328,27.940954509],[82.068209623,27.936925436],[82.066959224,27.922248828],[81.968291629,27.929019408],[81.92547708,27.875866347],[81.926224932,27.859843451],[81.899640229,27.853898712],[81.885033574,27.857343456],[81.832795491,27.898137973],[81.821212273,27.903527265],[81.804965835,27.903447063],[81.698393856,27.988270519],[81.643531469,27.99388961],[81.624411485,28.001449857],[81.617144942,28.010475433],[81.534932244,28.054928791]]]]}},{"type":"Feature","properties":{"slug":"bara"},"geometry":{"type":"MultiPolygon","coordinates":[[[[84.910648487,27.020710125],[84.917300158,27.034441754],[84.899180938,27.03341244],[84.900101884,27.046129883],[84.917559572,27.072603041],[84.935845758,27.071043027],[84.924222039,27.08385439],[84.928331135,27.089704932],[84.940272808,27.093158873],[84.941629462,27.111434637],[84.955035332,27.126874031],[84.95517147,27.134954999],[84.946814261,27.141189249],[84.952499617,27.151840887],[84.950631613,27.161487808],[84.944713156,27.164018677],[84.953226506,27.191031521],[84.959906894,27.196529509],[84.965222318,27.244356567],[84.972932851,27.264162416],[84.957606474,27.300322377],[84.962272495,27.312412806],[84.967706514,27.313162824],[84.963999426,27.336122649],[84.969667715,27.356404858],[84.995570488,27.365741367],[85.003978008,27.35287059],[85.021495775,27.35210056],[85.024562739,27.358704455],[85.036488128,27.357402635],[85.05617543,27.365675018],[85.061477209,27.360450195],[85.070816774,27.364415112],[85.086566449,27.361143842],[85.091340035,27.356594325],[85.094900606,27.332475478],[85.104075456,27.320066732],[85.116795446,27.317917064],[85.126395303,27.292918764],[85.144783265,27.282989068],[85.145278398,27.272976909],[85.155635868,27.262400706],[85.180959751,27.25459068],[85.177304705,27.249646751],[85.192473048,27.245123396],[85.201576059,27.250297828],[85.208402508,27.245395187],[85.231797529,27.243399988],[85.242966453,27.24869788],[85.251520651,27.244982536],[85.257793327,27.22922398],[85.27101083,27.226471811],[85.262568598,27.221686228],[85.265330775,27.213372451],[85.25139451,27.190119867],[85.246390099,27.15905262],[85.23181741,27.145452727],[85.231242084,27.13420422],[85.197195278,27.107497],[85.202458681,27.08365627],[85.194259381,27.077487877],[85.200493167,27.065788455],[85.192276576,27.064935589],[85.183147701,27.04978567],[85.196452811,27.050541812],[85.194602387,27.043141442],[85.200554557,27.039187575],[85.177249527,27.037604349],[85.198191528,27.027881732],[85.194987319,27.021787912],[85.182772174,27.018646623],[85.187003898,27.007578238],[85.17757116,27.003221727],[85.163605504,26.980493656],[85.172298307,26.976879364],[85.168464186,26.954538541],[85.175628138,26.94718462],[85.163980966,26.938324037],[85.179351686,26.929293332],[85.178137527,26.923209416],[85.169971409,26.920129875],[85.177050047,26.907124766],[85.17580227,26.900856054],[85.170744771,26.899582713],[85.175517949,26.893629442],[85.164332689,26.892521803],[85.163208655,26.889031595],[85.168416899,26.889480511],[85.173014004,26.87880422],[85.165706969,26.878515006],[85.176370999,26.869266245],[85.140019671,26.871197692],[85.134165755,26.867846835],[85.111153311,26.872510562],[85.08670287,26.867439068],[85.087218333,26.852940678],[85.078280204,26.858850638],[85.063958199,26.849721852],[85.064660531,26.856902912],[85.057921743,26.85614575],[85.057419067,26.849222669],[85.022025231,26.854929612],[85.028762448,26.859364073],[85.029284321,26.875328161],[85.037454319,26.878136226],[85.041695829,26.874639291],[85.04314504,26.87971205],[85.05223744,26.881321111],[85.049836859,26.882388103],[85.048376996,26.8852667],[85.055189923,26.881499891],[85.059866921,26.885424677],[85.060242091,26.886996731],[85.003884526,26.895145317],[84.99273384,26.902958824],[84.995837485,26.906686916],[85.00221221,26.903460426],[84.999519831,26.91223173],[84.967622571,26.916309996],[84.978275893,26.940343022],[84.962321664,26.960540727],[84.929417583,26.968735236],[84.909946034,26.968029685],[84.895624385,26.972992771],[84.892236271,26.969591335],[84.888657276,26.977520198],[84.866216483,26.983812853],[84.867203443,26.988944535],[84.874082266,26.986810519],[84.886595229,26.994040506],[84.910648487,27.020710125]]]]}},{"type":"Feature","properties":{"slug":"bardiya"},"geometry":{"type":"MultiPolygon","coordinates":[[[[81.184196835,28.365708717],[81.079880911,28.385004064],[81.067385954,28.394510965],[81.059567019,28.409950311],[81.068599228,28.425857761],[81.0858675,28.438422936],[81.091437122,28.457836767],[81.109008055,28.461476336],[81.114496513,28.472250967],[81.138700609,28.49148111],[81.162117986,28.502021159],[81.1694482,28.523340724],[81.248663766,28.592482092],[81.259630309,28.612137808],[81.268794534,28.61786358],[81.271088895,28.630239585],[81.286315954,28.645498922],[81.285296388,28.673199397],[81.290465161,28.674751694],[81.321122677,28.667628248],[81.316311705,28.65238504],[81.310241738,28.651129017],[81.316360143,28.636782929],[81.345538443,28.624746232],[81.364602688,28.623545775],[81.379350559,28.612329444],[81.400988214,28.60688004],[81.40152972,28.602050745],[81.424649631,28.587806365],[81.421770315,28.581367863],[81.43074179,28.577357975],[81.433648631,28.563136332],[81.445366312,28.554313801],[81.466124388,28.553486083],[81.476114384,28.539809793],[81.486139849,28.539165169],[81.491194963,28.532428796],[81.497360608,28.533579456],[81.511914911,28.524551294],[81.516219135,28.513584678],[81.536137593,28.504109314],[81.538758456,28.49469397],[81.557347746,28.495009307],[81.658456759,28.415453172],[81.669792698,28.413360701],[81.674307453,28.417638239],[81.688224313,28.41061582],[81.695763394,28.397129915],[81.688406147,28.392853964],[81.688998369,28.386004168],[81.683454886,28.388743718],[81.684102239,28.384783592],[81.689741641,28.382408947],[81.697149674,28.387821607],[81.701250553,28.38435348],[81.700375201,28.375035705],[81.694352019,28.374823646],[81.714029735,28.367286413],[81.710840437,28.351030935],[81.701492633,28.351352346],[81.697932585,28.345586395],[81.694820639,28.352586645],[81.689683796,28.347329251],[81.683368221,28.350546497],[81.673797099,28.337929163],[81.67597839,28.332781542],[81.684885631,28.332373883],[81.684576154,28.325957222],[81.691424827,28.327542477],[81.678489803,28.31380089],[81.680512115,28.323741936],[81.676797327,28.322393262],[81.662141763,28.287377931],[81.654219061,28.293252956],[81.642654222,28.2793957],[81.648355499,28.27693575],[81.648355499,28.265865976],[81.624735922,28.254796201],[81.622292517,28.249056319],[81.614147835,28.248646327],[81.60763209,28.235526594],[81.592157194,28.235116603],[81.591342726,28.240446494],[81.58482698,28.227736753],[81.577496766,28.228146745],[81.579940171,28.222816854],[81.567723148,28.213387046],[81.563650807,28.217896954],[81.563650807,28.208057155],[81.542474634,28.203547247],[81.530257611,28.194937422],[81.531072079,28.182637673],[81.519669524,28.178947749],[81.525370802,28.173617857],[81.520483993,28.171567899],[81.524556334,28.168287966],[81.518855056,28.160908117],[81.524556334,28.157218192],[81.51722612,28.155988217],[81.513153779,28.148608367],[81.50826697,28.151888301],[81.500122288,28.144098459],[81.505823565,28.133028685],[81.505823565,28.127698794],[81.500122288,28.126468819],[81.507452502,28.123188886],[81.502565692,28.117449003],[81.513153779,28.10678922],[81.505009097,28.105149254],[81.513153779,28.096129438],[81.512339311,28.090799547],[81.52618527,28.085469655],[81.516411652,28.074399881],[81.505823565,28.075629856],[81.507452502,28.069889973],[81.480575051,28.082599714],[81.48546186,28.118268986],[81.452068664,28.140818526],[81.448810791,28.160088133],[81.412159723,28.174437841],[81.415417595,28.187557573],[81.411345254,28.193297456],[81.412159723,28.201087297],[81.410530786,28.20190728],[81.413788659,28.210517105],[81.40890185,28.215027013],[81.396684827,28.218716937],[81.395937939,28.218491354],[81.412381453,28.210833855],[81.408680157,28.202118489],[81.409495939,28.193315186],[81.413419372,28.18785949],[81.410706139,28.174665173],[81.374759333,28.177017563],[81.366958762,28.16541991],[81.37842462,28.155572527],[81.371350537,28.14245471],[81.33450405,28.140261948],[81.318083313,28.133620729],[81.318412393,28.14529978],[81.327968492,28.148347744],[81.320226096,28.160323354],[81.31070202,28.155641354],[81.301865984,28.166147398],[81.321302437,28.168896201],[81.324805177,28.175112422],[81.318411611,28.182446102],[81.320648257,28.197326568],[81.286147108,28.228597745],[81.232782922,28.28904636],[81.234623288,28.324711333],[81.213455115,28.358336204],[81.184196835,28.365708717]],[[81.153158836,28.497921242],[81.156868374,28.496702041],[81.160989742,28.497592745],[81.153158836,28.497921242]],[[81.161406373,28.497384723],[81.161471735,28.493736687],[81.170746476,28.485989648],[81.167017647,28.479582758],[81.178659156,28.474169343],[81.175051062,28.467685837],[81.177153887,28.464689391],[81.180036287,28.474141727],[81.168633732,28.479471619],[81.171891605,28.486441476],[81.161406373,28.497384723]],[[81.178960139,28.457160987],[81.176935105,28.456895174],[81.175100266,28.454594177],[81.176452637,28.447301058],[81.170709857,28.447116628],[81.167702447,28.443542296],[81.170725398,28.432750335],[81.1694482,28.441752388],[81.171891605,28.446262296],[81.176778414,28.446672288],[81.179221819,28.449542229],[81.178960139,28.457160987]],[[81.17414037,28.432856555],[81.173995519,28.420940471],[81.183513967,28.417794382],[81.181671153,28.410070075],[81.185861307,28.407905328],[81.184923096,28.417972873],[81.175963946,28.420432823],[81.177592882,28.431502597],[81.17414037,28.432856555]],[[81.179509396,28.463801941],[81.182062586,28.461528996],[81.179458379,28.457239522],[81.184108628,28.461431986],[81.179509396,28.463801941]],[[81.190798021,28.411343446],[81.192015286,28.411774922],[81.193113877,28.412331232],[81.190141952,28.411284015],[81.190798021,28.411343446]],[[81.20121246,28.406493107],[81.196325651,28.413462965],[81.195356149,28.413121342],[81.199119593,28.40671573],[81.203346546,28.405069373],[81.20121246,28.406493107]],[[81.292432898,28.286775549],[81.303835453,28.297435332],[81.308722262,28.308505106],[81.312794603,28.332694612],[81.313609071,28.338844487],[81.307093325,28.356884119],[81.301392048,28.36467396],[81.304018605,28.373566186],[81.300144794,28.36342945],[81.311821795,28.335133029],[81.304253043,28.301889384],[81.290286588,28.28838127],[81.290928965,28.286764553],[81.293384644,28.286080271],[81.30543221,28.285563759],[81.292432898,28.286775549]],[[81.311901124,28.372106796],[81.311885542,28.372108397],[81.311904179,28.372104985],[81.311901124,28.372106796]],[[81.31257588,28.284787821],[81.323502008,28.274294367],[81.336050012,28.269585023],[81.344390658,28.268916848],[81.323382689,28.274885792],[81.31257588,28.284787821]],[[81.350839263,28.419900301],[81.341881239,28.415196811],[81.325338702,28.401514055],[81.315182087,28.385520282],[81.316542269,28.374498758],[81.312517703,28.37199268],[81.317681412,28.372873793],[81.316866944,28.385173542],[81.32745503,28.401163216],[81.343744394,28.415102931],[81.353518012,28.420022831],[81.367363972,28.422072789],[81.371634846,28.424496316],[81.350839263,28.419900301]],[[81.36011085,28.271574456],[81.364362857,28.254954171],[81.369501061,28.251414667],[81.364920567,28.265865976],[81.36011085,28.271574456]],[[81.374654307,28.253105722],[81.376812206,28.249074997],[81.370406995,28.242204801],[81.370497045,28.23840759],[81.373670692,28.23751915],[81.372250781,28.242496452],[81.378766527,28.250286293],[81.374654307,28.253105722]],[[81.37787163,28.237209794],[81.378355194,28.236897079],[81.378785233,28.237080796],[81.37764766,28.237309851],[81.37787163,28.237209794]],[[81.384390866,28.237629275],[81.389189231,28.232952456],[81.386424388,28.21924125],[81.38873134,28.21836386],[81.390983549,28.232656653],[81.384390866,28.237629275]],[[81.390055543,28.217960789],[81.390782141,28.217423973],[81.391856871,28.217715182],[81.389875953,28.218313481],[81.390055543,28.217960789]],[[81.392862796,28.217535364],[81.393803791,28.217674801],[81.394339519,28.218008581],[81.392817732,28.217548953],[81.392862796,28.217535364]],[[81.419512458,28.370412633],[81.419401271,28.370450361],[81.419608461,28.370365027],[81.419512458,28.370412633]],[[81.421205928,28.369717031],[81.420951239,28.369811989],[81.421377014,28.369636629],[81.421205928,28.369717031]],[[81.421118873,28.213387046],[81.417053048,28.217736237],[81.422747809,28.20928713],[81.421118873,28.213387046]],[[81.463640591,28.348754201],[81.454871961,28.345133548],[81.444482091,28.342408325],[81.456955473,28.344994362],[81.463640591,28.348754201]],[[81.470560968,28.348750852],[81.468108235,28.348858561],[81.466477802,28.348526646],[81.473637905,28.348011747],[81.470560968,28.348750852]],[[81.483579555,28.323605032],[81.483253284,28.323770825],[81.482964744,28.323742391],[81.483845745,28.323350894],[81.483579555,28.323605032]],[[81.487552044,28.322009418],[81.487355615,28.321976702],[81.488266099,28.321620228],[81.487961991,28.321904183],[81.487552044,28.322009418]],[[81.487090797,28.212977054],[81.487090797,28.212202626],[81.490348669,28.210927096],[81.487090797,28.212977054]],[[81.508269757,28.309701759],[81.505588041,28.310643449],[81.503198894,28.310213508],[81.508461269,28.309633521],[81.508269757,28.309701759]],[[81.519385627,28.30362972],[81.517197339,28.30345745],[81.515597183,28.301125256],[81.518855056,28.303585206],[81.519385627,28.30362972]],[[81.529865452,28.306445461],[81.523842506,28.307071077],[81.520152223,28.303694035],[81.525370802,28.306865139],[81.529865452,28.306445461]],[[81.544083551,28.297534718],[81.543300025,28.297959731],[81.542395392,28.297903623],[81.545058943,28.297194871],[81.544083551,28.297534718]],[[81.560239258,28.304165188],[81.549539585,28.300046369],[81.547940637,28.29646957],[81.562450614,28.303592425],[81.560239258,28.304165188]],[[81.585765403,28.290819937],[81.58502412,28.291242702],[81.578604673,28.288015179],[81.579125703,28.287595532],[81.585765403,28.290819937]],[[81.610255825,28.295626247],[81.604646191,28.296688889],[81.60199587,28.296195275],[81.601488217,28.290695152],[81.593832282,28.286688904],[81.60274528,28.290055482],[81.604374217,28.296205357],[81.610255825,28.295626247]],[[81.618930098,28.302783761],[81.61549454,28.296572789],[81.612970138,28.295206804],[81.614962303,28.294975382],[81.619034644,28.298665307],[81.618930098,28.302783761]],[[81.621678101,28.302820918],[81.621487034,28.30268232],[81.622511828,28.302579147],[81.622086045,28.302830359],[81.621678101,28.302820918]],[[81.633586688,28.29472132],[81.633131058,28.294924233],[81.63198501,28.295057057],[81.633947657,28.294620208],[81.633586688,28.29472132]],[[81.650440215,28.295190307],[81.648364548,28.295773227],[81.645820262,28.296098852],[81.637304809,28.293986479],[81.650440215,28.295190307]]]]}},{"type":"Feature","properties":{"slug":"bhaktapur"},"geometry":{"type":"MultiPolygon","coordinates":[[[[85.360810341,27.669219942],[85.352033776,27.667977098],[85.357082246,27.682629615],[85.371603687,27.692495903],[85.375814536,27.691035165],[85.375539187,27.694595404],[85.384861245,27.692686539],[85.388602808,27.702015451],[85.395642073,27.701037843],[85.421464203,27.723908959],[85.439318259,27.728048879],[85.475042795,27.715757318],[85.51223889,27.72788802],[85.52513885,27.725637192],[85.519483745,27.718536361],[85.521298007,27.694319127],[85.503189747,27.689540758],[85.491672793,27.65808939],[85.493649017,27.65273534],[85.481374289,27.642393191],[85.47719191,27.645108692],[85.463348077,27.625543844],[85.454047004,27.63711953],[85.436249575,27.62330504],[85.418185774,27.620116095],[85.404332848,27.63251332],[85.393439725,27.635490437],[85.384630235,27.64899452],[85.370838711,27.653656877],[85.369263396,27.660857517],[85.360856935,27.661323839],[85.360810341,27.669219942]]]]}},{"type":"Feature","properties":{"slug":"bhojpur"},"geometry":{"type":"MultiPolygon","coordinates":[[[[86.91639328,27.097970217],[86.894793475,27.11496478],[86.906720735,27.126366107],[86.917164004,27.129017181],[86.92276986,27.156566973],[86.912777128,27.169616897],[86.916465319,27.184658259],[86.929262916,27.201096595],[86.928437738,27.22271036],[86.913207962,27.231844787],[86.900675586,27.249474822],[86.895117617,27.249788948],[86.912330248,27.266782434],[86.948244889,27.266170805],[86.965535166,27.284597356],[86.965704148,27.295746248],[86.985337434,27.308317795],[86.948680414,27.336281553],[86.951217492,27.343265918],[86.946745449,27.351858829],[86.93155831,27.357344264],[86.923835588,27.370648326],[86.930697883,27.384654895],[86.920022474,27.389915554],[86.910437585,27.407586008],[86.906018465,27.433497323],[86.915887024,27.44032233],[86.933118584,27.443224251],[86.940175623,27.45056735],[86.940291415,27.459292704],[86.954848161,27.45825574],[86.980422369,27.441928013],[87.01007975,27.436071556],[87.042141424,27.447936199],[87.056893152,27.44097239],[87.072575179,27.460053729],[87.094253761,27.455534827],[87.108702818,27.463653928],[87.110528186,27.458907381],[87.137959242,27.452772787],[87.140203702,27.447061957],[87.123900282,27.426824457],[87.130159044,27.409341115],[87.125061681,27.402220154],[87.131610122,27.394601194],[87.142036713,27.393956936],[87.154706593,27.381264971],[87.168600215,27.375872008],[87.192241717,27.352442936],[87.18450877,27.336512083],[87.191230918,27.327021786],[87.182098166,27.31607022],[87.201402528,27.301896247],[87.199714728,27.29453381],[87.206837397,27.28141834],[87.204598438,27.273192591],[87.209798878,27.267904959],[87.197262263,27.264989869],[87.204254832,27.260304593],[87.202712848,27.246123066],[87.211081,27.243698616],[87.215554822,27.233930619],[87.226821828,27.229533145],[87.237471712,27.21737603],[87.246881305,27.191817137],[87.258196131,27.183998651],[87.259535403,27.178030201],[87.271736482,27.176154583],[87.275617005,27.157998562],[87.270009403,27.150398631],[87.27112692,27.143126229],[87.257275936,27.130656205],[87.244599616,27.126405167],[87.245122043,27.118206648],[87.21791407,27.107402491],[87.202289346,27.087894056],[87.191779134,27.085747059],[87.191190385,27.077879616],[87.183166315,27.074516895],[87.178842491,27.052348206],[87.198475848,27.008101816],[87.19640201,26.998740289],[87.173318472,26.983349798],[87.16937111,26.971959291],[87.160201225,26.966850079],[87.163992199,26.959870883],[87.157434901,26.955281859],[87.161316285,26.946095797],[87.14829697,26.937751988],[87.158250224,26.929899789],[87.153709654,26.925730263],[87.156098627,26.915654627],[87.14907401,26.925595381],[87.135455804,26.927362363],[87.093346573,26.916535952],[87.092530324,26.90989777],[87.082779163,26.912304764],[87.065780041,26.907396773],[87.061712304,26.91100451],[87.05060862,26.902465754],[87.041631744,26.907313423],[87.039115574,26.901417897],[87.032360402,26.903687392],[87.014091651,26.89217771],[87.005403225,26.891887147],[87.002117645,26.886412884],[86.980386515,26.895916047],[86.977564153,26.906523503],[86.968874968,26.900853413],[86.951558138,26.90461022],[86.956088648,26.923205415],[86.965063694,26.927772794],[86.964666073,26.941535202],[86.972998211,26.957319022],[86.972365556,26.974028291],[86.957058114,26.985424273],[86.966007056,26.99202466],[86.967129388,27.007477383],[86.944688965,27.020404541],[86.953965717,27.048212129],[86.962065238,27.050468822],[86.96463905,27.058082759],[86.946210345,27.085912736],[86.923711964,27.091631466],[86.91639328,27.097970217]]]]}},{"type":"Feature","properties":{"slug":"chitwan"},"geometry":{"type":"MultiPolygon","coordinates":[[[[84.252372967,27.453046494],[84.231698958,27.456358634],[84.220941297,27.447707251],[84.219551369,27.440466633],[84.208561534,27.442660894],[84.205832446,27.469736351],[84.194492757,27.47332217],[84.191140903,27.469301544],[84.171581812,27.475752981],[84.163646898,27.483876317],[84.148924499,27.486002529],[84.144433887,27.496975222],[84.149960016,27.500985631],[84.150910713,27.516941269],[84.138872668,27.517858692],[84.123849664,27.511119638],[84.108658354,27.521809195],[84.097667902,27.517033961],[84.095477334,27.489652774],[84.070636343,27.481695995],[84.058539581,27.461284093],[84.061774001,27.455968994],[84.052029604,27.442757541],[84.03172513,27.441696459],[84.023419644,27.433051802],[84.005508662,27.442223396],[83.998138543,27.440714048],[83.995844244,27.446266826],[83.97792225,27.439401366],[83.96611337,27.446662161],[83.945524326,27.441321651],[83.94220546,27.447800517],[83.931224196,27.449634439],[83.944602931,27.465847674],[83.938754289,27.491587702],[83.966530078,27.506265477],[83.969394638,27.516110506],[83.964883666,27.523259668],[83.953042158,27.52759735],[83.941928604,27.515788126],[83.926911757,27.514023375],[83.921529875,27.519180643],[83.919503447,27.539849558],[83.931052493,27.545580024],[83.948475466,27.540231016],[83.957757267,27.548451662],[83.97040942,27.550602968],[83.985361184,27.543951479],[84.005561234,27.544823076],[84.031175099,27.537265578],[84.038854267,27.540582643],[84.050602156,27.556544503],[84.064427167,27.551398924],[84.074662154,27.559568402],[84.114713579,27.553347565],[84.135268071,27.584590053],[84.206678992,27.638804048],[84.250334776,27.65418301],[84.257918452,27.651143461],[84.270973179,27.662993215],[84.292371671,27.668366993],[84.313969073,27.680322993],[84.325360796,27.694025929],[84.343715511,27.702316149],[84.360070666,27.698330697],[84.365196736,27.688606466],[84.378115974,27.68132251],[84.427954736,27.703760062],[84.431271727,27.71051844],[84.422042103,27.741335202],[84.437052643,27.742847609],[84.450560027,27.759353514],[84.467917053,27.751990322],[84.471999151,27.754401855],[84.460596288,27.773730807],[84.439336582,27.778477112],[84.43127455,27.786888727],[84.432772396,27.813416851],[84.445802348,27.82317167],[84.46492764,27.818936975],[84.466151308,27.824408624],[84.51709814,27.816159161],[84.521961363,27.832331087],[84.546115228,27.831793199],[84.555175758,27.835815851],[84.558787278,27.857965717],[84.573428015,27.861438756],[84.578040621,27.872447521],[84.589965705,27.879740735],[84.608136266,27.87157807],[84.624396754,27.879868888],[84.635495917,27.860377136],[84.648980702,27.859745842],[84.64730505,27.853395952],[84.660715419,27.849014121],[84.663986089,27.840594371],[84.661008336,27.829194917],[84.665696104,27.825307654],[84.623689159,27.816892006],[84.61831846,27.809283672],[84.635059781,27.807066634],[84.645586398,27.800082492],[84.64468089,27.793884537],[84.637152877,27.794524112],[84.63787982,27.783018912],[84.674790198,27.778611075],[84.668592271,27.765918811],[84.681488337,27.758284202],[84.67015524,27.738047726],[84.674639229,27.730679898],[84.692653026,27.721275216],[84.700093417,27.727415154],[84.728602578,27.72732211],[84.757488207,27.735686184],[84.770092482,27.722661869],[84.796476816,27.709230745],[84.786074412,27.691976574],[84.792124587,27.686807135],[84.779887572,27.671656619],[84.769989016,27.668095347],[84.76754369,27.656769516],[84.753864358,27.654547815],[84.744012932,27.647309125],[84.745855272,27.655683087],[84.731588657,27.655930591],[84.727443388,27.649903631],[84.730015679,27.646372677],[84.722505479,27.646752775],[84.717645771,27.639228814],[84.722851519,27.626542414],[84.731660773,27.624219698],[84.738304238,27.603617219],[84.730964383,27.582073418],[84.709774021,27.56201508],[84.703169526,27.558524478],[84.690495158,27.564061595],[84.680000979,27.551580118],[84.683310242,27.54453349],[84.680672888,27.51333613],[84.691203512,27.496511369],[84.696793309,27.475419352],[84.686106157,27.462756261],[84.692020313,27.459498271],[84.681036042,27.448553209],[84.66777331,27.44470285],[84.664785375,27.429523479],[84.661735272,27.433037491],[84.646767074,27.429301407],[84.642979061,27.442915188],[84.628280539,27.450876934],[84.606827249,27.454324792],[84.601272983,27.451149491],[84.584771375,27.456492632],[84.575857291,27.45398247],[84.561653058,27.463036187],[84.548356625,27.418031153],[84.532485732,27.414423983],[84.54623572,27.40822244],[84.54587354,27.403842078],[84.534728866,27.401800465],[84.539667956,27.385919655],[84.530453581,27.381054264],[84.504081693,27.381179099],[84.487805033,27.371424226],[84.483889965,27.366142266],[84.485890783,27.358590162],[84.475980706,27.362527782],[84.470845528,27.355042876],[84.446457462,27.363796406],[84.441195535,27.370263869],[84.39184748,27.368231488],[84.372852396,27.376692939],[84.356149981,27.373505473],[84.332600648,27.37745576],[84.300572518,27.390482042],[84.291865024,27.38500409],[84.282493359,27.396584907],[84.276419056,27.395703519],[84.278176131,27.415711495],[84.252372967,27.453046494]]]]}},{"type":"Feature","properties":{"slug":"dadeldhura"},"geometry":{"type":"MultiPolygon","coordinates":[[[[80.476116692,29.00848524],[80.478150951,29.018068929],[80.468970819,29.018802187],[80.468190253,29.02989295],[80.460941967,29.031578455],[80.459107187,29.037593931],[80.420342471,29.026498629],[80.386792232,29.047476947],[80.3780703,29.043403599],[80.360523817,29.047981522],[80.355710591,29.04450954],[80.348717152,29.053963382],[80.324974627,29.051380591],[80.31274513,29.058293359],[80.293610455,29.057038998],[80.272581566,29.045878234],[80.265016128,29.052238796],[80.255144968,29.052967111],[80.227745018,29.045585042],[80.223280345,29.056001012],[80.211651041,29.057277566],[80.211144142,29.06745673],[80.185968597,29.087233075],[80.188516611,29.112500795],[80.184465661,29.137313227],[80.203529109,29.129375198],[80.209806615,29.121880664],[80.233378314,29.118503199],[80.254173667,29.137992302],[80.271750571,29.142122123],[80.258441214,29.165812613],[80.258013002,29.187381206],[80.240890365,29.20249058],[80.247270032,29.220039506],[80.255498277,29.220128408],[80.260902181,29.206746231],[80.275084545,29.207096742],[80.285485478,29.196178831],[80.293350945,29.197305569],[80.297498428,29.206047859],[80.290835564,29.231918971],[80.300437339,29.242144812],[80.304377875,29.285315921],[80.318038559,29.301669795],[80.317088506,29.313387494],[80.325442313,29.308454121],[80.334187741,29.312251306],[80.33328832,29.319110712],[80.350682922,29.32789422],[80.353617169,29.334258093],[80.36274028,29.327106439],[80.362652829,29.332736095],[80.372077203,29.338047709],[80.365816773,29.340488028],[80.368117933,29.349983911],[80.377651453,29.349031742],[80.380218456,29.354218097],[80.385906009,29.348966223],[80.386434764,29.355947572],[80.401967246,29.360709873],[80.402571738,29.356020822],[80.410313491,29.359810935],[80.414495664,29.356044403],[80.419373735,29.368507851],[80.415621795,29.37352602],[80.424235024,29.379177842],[80.431198545,29.39253848],[80.437969229,29.393334113],[80.441231707,29.38615008],[80.447580142,29.394427689],[80.457895264,29.396089596],[80.479875413,29.385738027],[80.502603086,29.398884941],[80.50792593,29.394249069],[80.532117085,29.392028637],[80.547992113,29.398746637],[80.552230152,29.41856101],[80.576354326,29.411852626],[80.581866944,29.396375964],[80.616252477,29.39654481],[80.626538447,29.388257349],[80.650559562,29.382565988],[80.65786284,29.392347528],[80.678607538,29.401358692],[80.677846805,29.410607312],[80.668784353,29.41875512],[80.681125307,29.425164232],[80.702634885,29.41962221],[80.706947501,29.414583613],[80.718627209,29.418666749],[80.72137348,29.409543767],[80.741442045,29.401745752],[80.767747535,29.399691898],[80.762352626,29.385823449],[80.778572633,29.3794565],[80.785814472,29.370666668],[80.785802418,29.366428129],[80.774657217,29.36503612],[80.770218761,29.357433592],[80.762924098,29.36357886],[80.762329752,29.351435433],[80.757434371,29.346903923],[80.762628069,29.337157404],[80.760338395,29.328667361],[80.77637635,29.315533109],[80.771797471,29.312089938],[80.772519226,29.301850221],[80.756343639,29.308884359],[80.73423796,29.298673417],[80.732640095,29.292051959],[80.745784911,29.284608947],[80.743827035,29.274842463],[80.756776999,29.267596369],[80.748256251,29.254567362],[80.735715519,29.247512056],[80.739138088,29.245197691],[80.706837356,29.231402393],[80.701936448,29.216810458],[80.706753746,29.211775051],[80.704509739,29.192391032],[80.699996193,29.194693135],[80.694981057,29.187901026],[80.678797083,29.191506235],[80.670518924,29.182905245],[80.645822242,29.178152519],[80.629384953,29.176391419],[80.619589163,29.181071673],[80.60545008,29.17034082],[80.598026228,29.169908206],[80.592201196,29.163044405],[80.591213633,29.147950497],[80.565984778,29.143616844],[80.564823566,29.135492468],[80.572215701,29.130219678],[80.566643017,29.118929794],[80.526465471,29.105658675],[80.531503284,29.089651613],[80.562230225,29.072731074],[80.557632138,29.058718957],[80.54471155,29.04941586],[80.546923982,29.038514346],[80.534262912,29.029766074],[80.535531048,29.014016065],[80.518895471,29.004460759],[80.518591973,28.999011954],[80.501137885,28.99329984],[80.485428891,28.998316118],[80.479770544,28.993945272],[80.472007251,28.996578994],[80.476116692,29.00848524]]]]}},{"type":"Feature","properties":{"slug":"dailekh"},"geometry":{"type":"MultiPolygon","coordinates":[[[[81.477839936,28.912070395],[81.466534815,28.928915865],[81.455910098,28.931113271],[81.451303654,28.938997101],[81.444488492,28.940614611],[81.443051365,28.95980274],[81.432795118,28.957111108],[81.423677069,28.966894202],[81.42579408,28.978841052],[81.410146655,28.996978843],[81.419036883,29.004325649],[81.415387351,29.017167964],[81.439668841,29.040298184],[81.444141191,29.053804544],[81.466815439,29.067097536],[81.469390089,29.078137289],[81.50059424,29.091177792],[81.509907542,29.090743456],[81.523519269,29.10427962],[81.53672199,29.106760625],[81.58078768,29.135594701],[81.578575009,29.108528825],[81.567759202,29.095647448],[81.561815136,29.066462845],[81.567100854,29.051868527],[81.598832081,29.045453045],[81.613392242,29.03350629],[81.630624483,29.046681226],[81.651099497,29.040077989],[81.690570522,29.049738362],[81.702324041,29.032026359],[81.71535409,29.027899542],[81.715915023,29.020096277],[81.730205363,29.021763062],[81.75127957,29.010264541],[81.771290381,29.019280031],[81.795020815,29.013617501],[81.793127843,29.005174326],[81.819049612,28.984701706],[81.841627603,28.981298326],[81.84824861,28.972310565],[81.872589946,28.971254865],[81.88810005,28.984188932],[81.900558144,28.982091796],[81.909471039,28.98673036],[81.919744926,28.977716713],[81.921171428,28.941451357],[81.926858059,28.936285165],[81.92453751,28.924869259],[81.893945147,28.90075259],[81.889720055,28.874282556],[81.880108339,28.864670946],[81.878374282,28.849065811],[81.889353257,28.811438142],[81.912333058,28.780081114],[81.883825488,28.761854673],[81.879832351,28.746791893],[81.84810968,28.7379761],[81.836304608,28.74072275],[81.824398672,28.732659215],[81.814717967,28.719104219],[81.807227282,28.694360103],[81.810538021,28.679688821],[81.797731953,28.668192593],[81.792215043,28.655452513],[81.782355564,28.651914024],[81.78377594,28.636922682],[81.775735338,28.633415901],[81.751030035,28.645982534],[81.739077349,28.645563228],[81.728115298,28.655090387],[81.701628225,28.661075045],[81.691435708,28.67355494],[81.675266806,28.679156645],[81.63925511,28.676450735],[81.630085404,28.692047855],[81.616280187,28.689905186],[81.601239061,28.707214381],[81.585624611,28.707589642],[81.562637897,28.723685784],[81.559847632,28.736014352],[81.549882186,28.738893079],[81.546502973,28.749096523],[81.578937391,28.756013241],[81.579881232,28.780072267],[81.556893808,28.797579526],[81.531925088,28.856122064],[81.515156308,28.874457012],[81.508984263,28.889824562],[81.491989254,28.893977453],[81.477839936,28.912070395]]]]}},{"type":"Feature","properties":{"slug":"dang"},"geometry":{"type":"MultiPolygon","coordinates":[[[[82.087080947,28.078677799],[82.020133288,28.100079381],[82.018555397,28.132190594],[82.00761403,28.15110996],[82.012046059,28.154228247],[82.018224569,28.181857545],[82.02923983,28.187737507],[82.023121651,28.201253561],[82.052129027,28.241056396],[82.068575566,28.237046484],[82.100819593,28.259044577],[82.117714755,28.251569242],[82.132821218,28.251566632],[82.143819421,28.237152794],[82.160834735,28.241800783],[82.16945028,28.251592059],[82.198698175,28.242958374],[82.217812608,28.249683137],[82.244003219,28.237945009],[82.275490482,28.2485119],[82.300400295,28.245989846],[82.302252151,28.232670034],[82.310186787,28.23168067],[82.312443626,28.223421023],[82.337572553,28.22355654],[82.367147219,28.189867977],[82.37808865,28.1845678],[82.392831271,28.189304504],[82.396877777,28.182773535],[82.394717639,28.171489854],[82.408988215,28.160980951],[82.464360103,28.141671044],[82.47290198,28.140160675],[82.479299483,28.144382063],[82.484610447,28.130531094],[82.495517278,28.135059203],[82.504021436,28.149928767],[82.519344922,28.147365839],[82.516113497,28.139266788],[82.539136781,28.131928278],[82.557247645,28.136272879],[82.561912315,28.133655683],[82.559047622,28.130907458],[82.567257288,28.115503423],[82.595019243,28.101484842],[82.597510811,28.092769362],[82.610636318,28.091641897],[82.625280483,28.069919715],[82.639841106,28.069018124],[82.685199579,28.051185824],[82.704614624,28.05324728],[82.718730647,28.047325018],[82.697266653,28.029611154],[82.696406728,28.014130247],[82.705376294,28.005949682],[82.741387928,27.990202186],[82.746517014,27.974679052],[82.762712365,27.976921385],[82.759594914,27.969498582],[82.76607207,27.968117549],[82.766212082,27.962844595],[82.751487704,27.943807507],[82.764445261,27.941318915],[82.775717021,27.925946413],[82.769348203,27.921470359],[82.774327025,27.89370859],[82.779143624,27.897615675],[82.782489656,27.891601708],[82.79063582,27.891260602],[82.791085754,27.88098436],[82.797702599,27.881991921],[82.810163434,27.871102402],[82.792028838,27.865460602],[82.807114651,27.857132197],[82.79207762,27.856110269],[82.780738562,27.842750206],[82.755841213,27.835406094],[82.74851241,27.823112739],[82.75587555,27.81945255],[82.758234863,27.812072069],[82.769366339,27.810450497],[82.787103741,27.794642122],[82.78780929,27.8043015],[82.797779533,27.803398283],[82.798254435,27.79470802],[82.805785839,27.792591755],[82.804182689,27.777720214],[82.783520851,27.769368877],[82.781902425,27.777512112],[82.735210824,27.776122656],[82.722984517,27.758551714],[82.696158703,27.75671995],[82.706260966,27.735661134],[82.705205438,27.716611293],[82.699299572,27.722017469],[82.688808098,27.715010777],[82.671714273,27.71429067],[82.664261323,27.722130353],[82.655285988,27.713349219],[82.638570236,27.709154559],[82.627876313,27.711555257],[82.618897487,27.702302541],[82.605093833,27.706003639],[82.593736259,27.696978058],[82.584981839,27.698646224],[82.541204671,27.68577349],[82.516307799,27.690471849],[82.490121962,27.681278021],[82.481968652,27.682861078],[82.47327836,27.676549474],[82.448799038,27.678763442],[82.401691313,27.702932602],[82.382415599,27.720388313],[82.367227818,27.742716757],[82.303957357,27.772670235],[82.252834019,27.810194309],[82.230551204,27.8208441],[82.208334435,27.843177759],[82.15406596,27.866253613],[82.150075072,27.857980567],[82.123418846,27.865089938],[82.091469703,27.894721363],[82.065248403,27.92533246],[82.068932677,27.931607058],[82.063853328,27.940954509],[82.067443744,27.950749095],[82.088059922,27.949994375],[82.095112258,27.955406847],[82.100060761,27.949089117],[82.114019258,27.952929262],[82.119559769,27.948825837],[82.133533414,27.962271852],[82.141586078,27.95874697],[82.153075052,27.961337948],[82.176724472,27.951793826],[82.192158188,27.953149907],[82.189799975,27.969656362],[82.193335872,27.973544241],[82.18595831,27.995102165],[82.194180344,28.0237054],[82.190755726,28.031991719],[82.18120021,28.035006815],[82.172940371,28.046774312],[82.156003251,28.048124774],[82.087080947,28.078677799]]]]}},{"type":"Feature","properties":{"slug":"darchula"},"geometry":{"type":"MultiPolygon","coordinates":[[[[80.515959695,29.65121692],[80.506226142,29.644470751],[80.496931802,29.624670257],[80.467113595,29.620448726],[80.458869885,29.626198644],[80.449873449,29.625327053],[80.443775229,29.617249305],[80.429263084,29.61824322],[80.427708579,29.612392379],[80.417921022,29.614140719],[80.417394845,29.606268832],[80.408948026,29.605015596],[80.408128586,29.620029543],[80.420772322,29.629382751],[80.420319853,29.63914276],[80.41411981,29.64434838],[80.41460565,29.653983974],[80.405757083,29.660007484],[80.398197891,29.658854688],[80.384591202,29.674404988],[80.385329867,29.685086112],[80.380469354,29.688559536],[80.379962662,29.701034724],[80.372109076,29.715308965],[80.375452599,29.720275598],[80.366149181,29.724850676],[80.369765842,29.734426876],[80.364268138,29.739775366],[80.365876412,29.747772065],[80.385872805,29.750419622],[80.385252072,29.758538846],[80.397622981,29.759285927],[80.406975188,29.794450835],[80.41321662,29.791848784],[80.429011843,29.798102511],[80.434829852,29.806014957],[80.444244979,29.799128289],[80.46403064,29.802272922],[80.493431576,29.795536675],[80.49279587,29.802043612],[80.500361219,29.808708137],[80.497477944,29.811579768],[80.507350334,29.823099673],[80.521841899,29.827043667],[80.535912396,29.838666866],[80.538983459,29.847151538],[80.552787192,29.850399589],[80.551611379,29.856510246],[80.561658332,29.866402746],[80.556977782,29.870613977],[80.57272252,29.895255275],[80.575984514,29.923477147],[80.597117952,29.953056896],[80.631555076,29.96515796],[80.650339764,29.955926959],[80.679665639,29.958906834],[80.721099201,30.000183272],[80.739821389,29.999531334],[80.749407013,30.006580897],[80.759272764,30.023913959],[80.757442951,30.039621397],[80.762952826,30.049520335],[80.781191451,30.056675334],[80.807535763,30.089667334],[80.823476639,30.099822147],[80.842461452,30.099433522],[80.847638889,30.104713335],[80.843586514,30.110440209],[80.846039889,30.115547647],[80.875755638,30.126246146],[80.880425326,30.132090334],[80.868704201,30.166619834],[80.841179996,30.193752421],[80.820637111,30.223779357],[80.797542597,30.238469051],[80.778943872,30.267163553],[80.763690995,30.279005373],[80.758487604,30.305670126],[80.739311547,30.308043174],[80.735695548,30.317003512],[80.716433439,30.329671205],[80.685618905,30.334578828],[80.667916131,30.344750411],[80.660479328,30.354735078],[80.657440352,30.377979064],[80.639948156,30.391066878],[80.628474784,30.410995652],[80.630844726,30.418017473],[80.623680098,30.433829504],[80.613502621,30.445588069],[80.604202318,30.44935568],[80.575103151,30.442446502],[80.540999908,30.415288964],[80.527204957,30.425256612],[80.530683416,30.437058959],[80.542429455,30.448360133],[80.561239752,30.454115601],[80.568948083,30.467556181],[80.577904179,30.463973602],[80.608030758,30.473110975],[80.615454629,30.461031711],[80.62516398,30.464374746],[80.63804532,30.452930922],[80.660083574,30.445358978],[80.68968143,30.417709531],[80.701553424,30.415789315],[80.707940145,30.420654384],[80.735585666,30.40391748],[80.75088881,30.390537566],[80.752774155,30.383042244],[80.767101913,30.37545875],[80.781454565,30.358823655],[80.788430072,30.357573635],[80.787840168,30.346696503],[80.804441353,30.336329062],[80.804039976,30.327612333],[80.820634528,30.326764229],[80.827730487,30.318253665],[80.836120078,30.316755753],[80.847572306,30.320350349],[80.864308167,30.317339904],[80.875885972,30.303859884],[80.9046293,30.302462133],[80.932454353,30.281293023],[80.927927362,30.272983202],[80.937485026,30.265061054],[80.954048441,30.273107967],[80.991168292,30.27074764],[81.007053933,30.265247662],[81.009803312,30.256997347],[81.033714451,30.249411642],[81.027551764,30.226892271],[81.047405013,30.20759421],[81.035321514,30.196976272],[81.044218639,30.193628522],[81.045622326,30.180617522],[81.053447264,30.178976897],[81.065839202,30.158805835],[81.084807889,30.148396459],[81.080005889,30.124681272],[81.086256139,30.116897522],[81.083034326,30.100428772],[81.100054327,30.100037959],[81.110474827,30.085967834],[81.092635514,30.054242022],[81.070342389,30.043536834],[81.055265139,30.024120272],[81.039839013,30.015112085],[81.040000577,30.008311146],[81.023323452,29.983488897],[81.011586138,29.981212209],[80.995940388,29.986502271],[80.988281514,29.988150709],[80.986465021,29.988137925],[81.001562345,29.983142785],[81.009874983,29.981198202],[81.014984352,29.980717315],[81.020531827,29.97400196],[81.017606928,29.966119419],[81.021597819,29.958646366],[81.002291237,29.936153933],[81.000671665,29.927824388],[81.027710185,29.906405329],[81.040795682,29.881710773],[81.036704538,29.864617275],[81.040499968,29.860060006],[81.040055236,29.840673833],[81.055450492,29.82981231],[81.069859848,29.828409317],[81.067838305,29.795948483],[81.06223343,29.793503954],[81.062615934,29.768158041],[81.055755067,29.756930638],[81.038195927,29.752682874],[81.031704181,29.742378888],[81.020484746,29.748358429],[81.004185865,29.740643572],[80.988149872,29.741157379],[80.975232409,29.72191778],[80.939898534,29.735460235],[80.864699668,29.706357398],[80.858321404,29.696002107],[80.845510395,29.693416376],[80.839715607,29.687231449],[80.829764152,29.691527229],[80.811242821,29.68409026],[80.793844761,29.688586801],[80.779939447,29.70217453],[80.76464162,29.701697194],[80.754615456,29.707983349],[80.708697725,29.699260469],[80.694341772,29.706139202],[80.685371794,29.703752065],[80.674371828,29.687246299],[80.659926832,29.682340206],[80.648214953,29.68162169],[80.633512141,29.690579347],[80.62400376,29.686821959],[80.606612029,29.686642884],[80.601376602,29.691763147],[80.573614114,29.687497205],[80.55900127,29.670828099],[80.515959695,29.65121692]],[[80.574859878,29.901157991],[80.577002405,29.90061232],[80.579353302,29.900622265],[80.573835412,29.901338402],[80.574859878,29.901157991]],[[80.620313183,29.934867365],[80.623196459,29.931914181],[80.640714765,29.922404303],[80.651507201,29.900645189],[80.667355568,29.890051456],[80.677607324,29.876201023],[80.689880918,29.870357043],[80.698600938,29.868863386],[80.679270951,29.876209334],[80.669018013,29.890061209],[80.653167639,29.900656147],[80.642374076,29.922417459],[80.620313183,29.934867365]],[[80.702250076,29.871659209],[80.703446103,29.870963407],[80.704745165,29.87110911],[80.702681138,29.872393271],[80.702250076,29.871659209]],[[80.707903256,29.86997187],[80.711609265,29.868780092],[80.712919726,29.868888518],[80.705682712,29.870979098],[80.707903256,29.86997187]],[[80.729393872,29.881965066],[80.728808889,29.881957459],[80.728786047,29.881950414],[80.729288236,29.881944631],[80.729393872,29.881965066]],[[80.732325637,29.881531334],[80.739557686,29.878852679],[80.742792091,29.87863186],[80.735330639,29.881192459],[80.730728849,29.881955488],[80.732325637,29.881531334]],[[80.738820532,29.926904836],[80.738706263,29.927035459],[80.73862965,29.926881619],[80.738740621,29.926904678],[80.738820532,29.926904836]],[[80.743869701,29.92610946],[80.740763763,29.926917709],[80.739941666,29.9265726],[80.744381498,29.925176726],[80.743869701,29.92610946]],[[80.744332797,29.878625797],[80.745989555,29.878603597],[80.747294566,29.878360261],[80.747264806,29.878633638],[80.744332797,29.878625797]],[[80.747050387,29.924712742],[80.7497593,29.922586477],[80.7502789,29.92319194],[80.746267763,29.925696772],[80.747050387,29.924712742]],[[80.764697326,29.929694272],[80.764556541,29.929538056],[80.765740567,29.929678958],[80.765088389,29.929963397],[80.764697326,29.929694272]],[[80.799113639,29.906634522],[80.788546764,29.912859647],[80.784497827,29.913791459],[80.774073639,29.926063147],[80.769696076,29.929389584],[80.767348758,29.929670667],[80.782819082,29.913780919],[80.786867478,29.912849247],[80.793340229,29.908082344],[80.799497557,29.905044647],[80.801627401,29.904897792],[80.799113639,29.906634522]],[[80.831546669,29.944378142],[80.832539598,29.944156113],[80.832980334,29.944416519],[80.831071317,29.944426293],[80.831546669,29.944378142]],[[80.840554389,29.947508396],[80.839759576,29.947480396],[80.839462048,29.947390813],[80.840780805,29.947468584],[80.840554389,29.947508396]],[[80.843114835,29.947665746],[80.844244805,29.947456763],[80.845243773,29.947624383],[80.844389952,29.947729521],[80.843114835,29.947665746]],[[80.847935951,29.948033709],[80.847606077,29.947988209],[80.84737835,29.947866905],[80.848353195,29.947958346],[80.847935951,29.948033709]],[[80.852046826,29.947801521],[80.849886002,29.947902076],[80.85474947,29.947249424],[80.853226576,29.947662959],[80.852046826,29.947801521]],[[80.867262013,29.993073959],[80.867250768,29.993062083],[80.867454427,29.993065397],[80.867262013,29.993073959]],[[80.871064528,29.992931671],[80.898321406,29.981378118],[80.914212343,29.970337494],[80.918307777,29.968992919],[80.900017201,29.981393585],[80.871064528,29.992931671]],[[80.928032889,29.968148271],[80.925135014,29.969073771],[80.921511877,29.969287069],[80.927041429,29.967985944],[80.929907307,29.967916267],[80.928032889,29.968148271]],[[80.935516024,29.967309243],[80.940215708,29.966190472],[80.942651209,29.964802135],[80.941917014,29.966203959],[80.935840451,29.968021459],[80.933470239,29.9681574],[80.935516024,29.967309243]],[[80.970138639,29.986350084],[80.970878839,29.985749203],[80.972353884,29.985878703],[80.971333888,29.986368397],[80.970138639,29.986350084]],[[80.980443863,29.987683893],[80.981849862,29.987420187],[80.982934941,29.987608509],[80.979847673,29.987710349],[80.980443863,29.987683893]]]]}},{"type":"Feature","properties":{"slug":"dhading"},"geometry":{"type":"MultiPolygon","coordinates":[[[[84.8995833,27.692646306],[84.879851765,27.668781516],[84.8657406,27.679830611],[84.829381727,27.692486585],[84.79956753,27.671558001],[84.796702031,27.684305932],[84.786074412,27.691976574],[84.796476816,27.709230745],[84.770092482,27.722661869],[84.757488207,27.735686184],[84.728602578,27.72732211],[84.700093417,27.727415154],[84.692653026,27.721275216],[84.674639229,27.730679898],[84.67015524,27.738047726],[84.681488337,27.758284202],[84.668592271,27.765918811],[84.674790198,27.778611075],[84.63787982,27.783018912],[84.637152877,27.794524112],[84.64468089,27.793884537],[84.645586398,27.800082492],[84.635059781,27.807066634],[84.61831846,27.809283672],[84.623689159,27.816892006],[84.665696104,27.825307654],[84.668033177,27.818541489],[84.684628696,27.81052991],[84.707412313,27.80669024],[84.711169687,27.800504858],[84.718748553,27.803750621],[84.730841549,27.795605734],[84.738787014,27.804069033],[84.753847968,27.806469428],[84.762642442,27.81823863],[84.773084311,27.808653035],[84.782382348,27.813873211],[84.773717916,27.824200829],[84.775958021,27.835344671],[84.767560341,27.843791025],[84.76509442,27.859310897],[84.756746372,27.860929432],[84.752539083,27.875113896],[84.746056599,27.879909548],[84.749241238,27.886112287],[84.736013874,27.892146408],[84.732010294,27.92583755],[84.736433089,27.928548312],[84.733896272,27.933168729],[84.73937785,27.936589006],[84.745981373,27.960253407],[84.774721019,27.971392918],[84.771630247,27.977355017],[84.784066225,27.983299301],[84.790152619,27.997991944],[84.811329143,28.002944708],[84.813569455,28.028435811],[84.809500678,28.037989382],[84.818377426,28.047700769],[84.842425298,28.115079612],[84.854692388,28.122660497],[84.869368105,28.120470181],[84.892449456,28.099970721],[84.900430383,28.10669099],[84.918135221,28.103422008],[84.920176581,28.115310839],[84.928816958,28.126320294],[84.942777429,28.122579357],[84.956912277,28.126760956],[84.957244517,28.155548917],[84.964070086,28.177931748],[84.973853843,28.19028135],[84.962081008,28.21274781],[84.991604421,28.244706077],[84.998667491,28.241246006],[85.001065183,28.252767312],[85.027943657,28.262405687],[85.037992958,28.291890551],[85.032718682,28.302844408],[85.046657473,28.325867483],[85.086440001,28.346319151],[85.107955382,28.346603978],[85.120773153,28.335770609],[85.128652806,28.338074279],[85.140381468,28.330471661],[85.159842473,28.331925099],[85.17940169,28.301865834],[85.17720362,28.295288832],[85.186870729,28.267512946],[85.20257313,28.250224833],[85.194139498,28.244390786],[85.187504009,28.223313898],[85.204381606,28.204037046],[85.200041815,28.176786504],[85.195214199,28.168121209],[85.175213206,28.163297631],[85.156205534,28.142682999],[85.158266281,28.129660585],[85.149642558,28.117278503],[85.124326531,28.105868435],[85.114907756,28.076842094],[85.080649319,28.066982617],[85.062245075,28.066966008],[85.054630864,28.050445941],[85.032747335,28.031973695],[85.01264881,28.026199143],[84.995610034,28.024999413],[84.989320105,28.028710789],[84.990459529,28.015848096],[85.003148415,28.000228275],[85.029533445,27.995593494],[85.03169022,27.989549449],[85.028581936,27.97166264],[85.019619256,27.9682958],[85.007884672,27.950733698],[85.01502096,27.951473121],[85.016395365,27.944144617],[85.00874523,27.936167339],[85.010143696,27.925659935],[84.988939508,27.885717888],[84.994843252,27.875142187],[84.989020986,27.858485034],[85.006516079,27.850512096],[85.005868774,27.842045474],[85.013543445,27.832809617],[85.022924947,27.833013374],[85.016877683,27.827045753],[85.012431564,27.809519886],[85.041511179,27.817285465],[85.041695819,27.81230273],[85.048483274,27.810214214],[85.046592886,27.801660204],[85.052575682,27.797301256],[85.08783133,27.787814614],[85.105837222,27.774320744],[85.114989256,27.774466066],[85.124585828,27.760735018],[85.139609173,27.765891046],[85.176095251,27.767347379],[85.178672751,27.772119366],[85.18984664,27.769411227],[85.192217562,27.77314693],[85.197841281,27.768879654],[85.202248415,27.773533807],[85.204471587,27.769061183],[85.206164454,27.773820032],[85.20802483,27.770893638],[85.215547738,27.775610273],[85.22704734,27.7726571],[85.229932755,27.776471116],[85.23201002,27.771462475],[85.252628456,27.775678493],[85.26805029,27.763518274],[85.268796196,27.748126045],[85.258149798,27.744674746],[85.251095832,27.748952872],[85.220723244,27.735722319],[85.213651088,27.737131391],[85.221548169,27.727959093],[85.217402771,27.722229416],[85.207295596,27.722775954],[85.197208374,27.716341495],[85.200038293,27.708084971],[85.196350259,27.709192999],[85.189377918,27.682163254],[85.173287476,27.679417304],[85.161321111,27.670658836],[85.134525759,27.67475435],[85.131214382,27.681028358],[85.12025278,27.683581015],[85.111398745,27.699915966],[85.088792549,27.712266805],[85.065743093,27.703279931],[85.061120131,27.694555268],[85.052462177,27.699449252],[85.04266791,27.690212613],[85.038604445,27.705796334],[85.030803452,27.697759932],[85.011340514,27.70778272],[84.990143442,27.707877311],[84.979107943,27.702782656],[84.975801543,27.694751826],[84.951499736,27.68348939],[84.922429042,27.688703522],[84.907785407,27.698650394],[84.8995833,27.692646306]]]]}},{"type":"Feature","properties":{"slug":"dhankuta"},"geometry":{"type":"MultiPolygon","coordinates":[[[[87.16047385,26.910865874],[87.153713533,26.925558716],[87.158250224,26.929899789],[87.150387864,26.933029127],[87.148610029,26.938906955],[87.161316285,26.946095797],[87.157434901,26.955281859],[87.163919344,26.95935424],[87.160323705,26.967080061],[87.168811009,26.9713169],[87.179874307,26.989113657],[87.19640201,26.998740289],[87.198475848,27.008101816],[87.178842491,27.052348206],[87.183166315,27.074516895],[87.191190385,27.077879616],[87.191779134,27.085747059],[87.202289346,27.087894056],[87.217557122,27.10714582],[87.245122043,27.118206648],[87.244599616,27.126405167],[87.257275936,27.130656205],[87.27112692,27.143126229],[87.275434661,27.160526211],[87.272231498,27.175302979],[87.26315507,27.177412007],[87.264727008,27.182264857],[87.285282156,27.190225773],[87.312397429,27.182356261],[87.357021058,27.190912116],[87.375781551,27.179957916],[87.374196415,27.167274378],[87.386096674,27.15915968],[87.389729953,27.147944356],[87.406750374,27.136397363],[87.394725039,27.123418977],[87.392034729,27.102547825],[87.401303344,27.074169608],[87.426648423,27.046327381],[87.43052557,27.014305697],[87.441227924,27.006165164],[87.436406862,26.983642741],[87.438522107,26.971498656],[87.449740597,26.973995075],[87.463642363,26.968033595],[87.468431117,26.976461442],[87.483862008,26.975628603],[87.483944273,26.982943714],[87.491592847,26.98559793],[87.502736461,26.971663413],[87.524634434,26.960452599],[87.526507456,26.945733547],[87.520902181,26.934616545],[87.531036328,26.913889291],[87.531797806,26.901958787],[87.522239675,26.884852113],[87.544326279,26.889198189],[87.559674699,26.884907339],[87.580111948,26.861407385],[87.57318488,26.857003896],[87.558490578,26.86349819],[87.539718136,26.863408613],[87.531208623,26.857355116],[87.52039779,26.862215185],[87.50931008,26.857575644],[87.507501047,26.869651992],[87.502427556,26.87353775],[87.473963378,26.867523269],[87.471994946,26.861847981],[87.460522443,26.864210008],[87.452438685,26.858220326],[87.449215531,26.864336671],[87.429081157,26.86361169],[87.421410436,26.870526073],[87.400844198,26.863369647],[87.391958232,26.865865397],[87.383531172,26.852913631],[87.367449667,26.845663294],[87.343845648,26.849287935],[87.333515292,26.855375907],[87.323769519,26.854211649],[87.310540004,26.870458868],[87.301405468,26.869154071],[87.296907299,26.874919986],[87.256417,26.865934811],[87.233630114,26.878798096],[87.216033922,26.86336439],[87.185379991,26.87071227],[87.179269393,26.877207656],[87.16480988,26.877940588],[87.168273521,26.899542692],[87.16047385,26.910865874]]]]}},{"type":"Feature","properties":{"slug":"dhanusha"},"geometry":{"type":"MultiPolygon","coordinates":[[[[85.905636244,26.681949708],[85.886914743,26.697921245],[85.893567095,26.721111869],[85.879841759,26.752278958],[85.88248732,26.760018693],[85.892446904,26.762565255],[85.900679273,26.780835525],[85.908667011,26.785391878],[85.908773094,26.805342992],[85.91230811,26.806432891],[85.91981413,26.846404419],[85.916714779,26.87134435],[85.906486821,26.870442013],[85.895094229,26.877632191],[85.90034526,26.885292599],[85.905197866,26.91650073],[85.912898166,26.922852981],[85.917261348,26.950309248],[85.917914648,26.958978303],[85.90624776,26.960943751],[85.91367798,26.991282373],[85.911483548,27.00809941],[85.927006962,27.029014311],[85.922981535,27.035948568],[85.913984051,27.03768889],[85.917190335,27.042999973],[85.932013269,27.043004966],[85.945306458,27.061635783],[85.93487751,27.076886072],[85.937175933,27.096349945],[85.905790755,27.119548932],[85.900836372,27.127192609],[85.905595111,27.133851659],[85.938129042,27.121437361],[85.935898252,27.110202508],[85.94412961,27.092081627],[85.950976176,27.087830304],[85.94994539,27.084023062],[85.962013082,27.079850632],[85.970901888,27.050970526],[85.991667771,27.024848871],[86.012294136,27.018691069],[86.047532156,27.021402225],[86.106402021,27.015242559],[86.187577838,26.982450748],[86.187262733,26.977455622],[86.210204107,26.965566305],[86.226640668,26.949569431],[86.234185726,26.95047029],[86.241409315,26.939893032],[86.25541714,26.932451548],[86.259737248,26.918148383],[86.256165287,26.911651522],[86.245949802,26.914945811],[86.237602438,26.903652794],[86.224201622,26.903843867],[86.22099792,26.888507542],[86.215899364,26.896245836],[86.199966501,26.905536313],[86.188824648,26.905364456],[86.158529366,26.925997629],[86.157116233,26.935319345],[86.132510242,26.914991608],[86.131062979,26.891482661],[86.141559284,26.870772352],[86.139838647,26.864076227],[86.155162728,26.844941982],[86.149358209,26.831030363],[86.154939313,26.820943846],[86.152397667,26.801589074],[86.144566787,26.787653799],[86.147683787,26.770862331],[86.159958641,26.7516771],[86.174547304,26.748495433],[86.183418865,26.72256624],[86.192962767,26.71238342],[86.192992421,26.698556012],[86.200177891,26.684807467],[86.196504114,26.666766619],[86.182503806,26.654889995],[86.170087852,26.65227727],[86.165972964,26.639362028],[86.151043129,26.63782048],[86.155158096,26.62537133],[86.142468849,26.605095593],[86.136035594,26.606600043],[86.140927376,26.616718358],[86.138457011,26.628996549],[86.119387286,26.630091515],[86.073950123,26.649783537],[86.067987235,26.657930847],[86.027002277,26.666735901],[86.011863958,26.659618594],[86.009819213,26.653974619],[85.975898177,26.658283124],[85.960189865,26.651411225],[85.953330536,26.643937396],[85.955555262,26.630650166],[85.946148179,26.621246154],[85.94799403,26.613560986],[85.928541007,26.61657028],[85.927160012,26.609711736],[85.913915006,26.608961526],[85.913068391,26.604613708],[85.900393503,26.600434558],[85.900692383,26.595093846],[85.891699569,26.594484817],[85.887783367,26.58324693],[85.87950206,26.583867929],[85.858529968,26.568953779],[85.856853624,26.572103787],[85.849132507,26.568927817],[85.848333327,26.576929162],[85.85776771,26.589988164],[85.852204868,26.615273159],[85.862115015,26.618319863],[85.863088451,26.627637307],[85.86926494,26.628496581],[85.875272357,26.637183726],[85.879615826,26.635397141],[85.905407654,26.65373463],[85.905882939,26.664489752],[85.897000951,26.668701361],[85.903669711,26.671562154],[85.905636244,26.681949708]],[[85.938158811,26.768352863],[85.939102071,26.768179394],[85.939281367,26.768172483],[85.939102093,26.768179421],[85.938158811,26.768352863]],[[85.93995828,26.768079787],[85.940556133,26.768088738],[85.941240733,26.76802394],[85.940556137,26.768088764],[85.93995828,26.768079787]],[[85.94312037,26.768019913],[85.941841396,26.767902066],[85.941240763,26.768023936],[85.941841407,26.767902026],[85.94312037,26.768019913]],[[85.956018678,26.789406301],[85.955748517,26.789566775],[85.95540763,26.789523649],[85.955748508,26.789566772],[85.956018678,26.789406301]],[[85.957078082,26.778676205],[85.957238855,26.77913766],[85.957343523,26.779409211],[85.957238847,26.779137691],[85.957078082,26.778676205]],[[85.957380392,26.779504255],[85.957442506,26.779581434],[85.957343523,26.779409211],[85.957380392,26.779504255]],[[85.957944199,26.781042716],[85.957685152,26.780197011],[85.957944225,26.781042691],[85.957982024,26.781273173],[85.957944199,26.781042716]],[[85.95837855,26.782103798],[85.958471443,26.782294339],[85.958541323,26.782403083],[85.958471387,26.782294346],[85.95837855,26.782103798]],[[85.959779151,26.788030538],[85.959268222,26.788060656],[85.958926582,26.788130326],[85.959268198,26.788060625],[85.959779151,26.788030538]],[[85.959964396,26.786256159],[85.959726347,26.785410532],[85.959964417,26.786256138],[85.960251307,26.786777222],[85.960347178,26.787151476],[85.959964396,26.786256159]],[[85.960440669,26.787927074],[85.960440669,26.787927061],[85.960444667,26.787725417],[85.960440696,26.787927062],[85.960440669,26.787927074]]]]}},{"type":"Feature","properties":{"slug":"dolakha"},"geometry":{"type":"MultiPolygon","coordinates":[[[[85.978725443,27.559275251],[85.95225367,27.589075082],[85.884400696,27.61408721],[85.891134153,27.624485143],[85.910627695,27.637095217],[85.918247382,27.663532606],[85.939150633,27.6692012],[85.934202958,27.687554537],[85.938896277,27.693481086],[85.936334535,27.708969469],[85.951857515,27.722488771],[85.961036948,27.742194537],[85.977247521,27.735368922],[86.004614643,27.745235814],[86.027905263,27.739411604],[86.030581212,27.74278966],[86.034093391,27.756628105],[86.019789998,27.772466383],[86.026126633,27.785591815],[86.019768955,27.809562435],[86.002513286,27.830196606],[86.024937175,27.846142307],[86.030458027,27.862781035],[86.042486457,27.86782385],[86.047793675,27.886120863],[86.069420088,27.905672665],[86.066502918,27.911096692],[86.075015551,27.910836048],[86.104034608,27.924864036],[86.122993373,27.927016481],[86.126270171,27.933710687],[86.123664968,27.941606058],[86.107141337,27.955873058],[86.10946947,27.961496593],[86.103585814,27.984217079],[86.079389408,28.020367605],[86.09047329,28.03319683],[86.087510953,28.049354827],[86.094854586,28.061867767],[86.08278067,28.090932634],[86.092133347,28.097825925],[86.117851716,28.091399445],[86.130198019,28.10013906],[86.132358746,28.116634926],[86.140492959,28.117778089],[86.142015638,28.126080619],[86.178104799,28.143571233],[86.174055962,28.168953817],[86.189250049,28.173150515],[86.197307982,28.156350354],[86.197190145,28.138274602],[86.205551969,28.133084901],[86.219843742,28.1116582],[86.222519239,28.095770736],[86.207744783,28.094343921],[86.204176981,28.084015537],[86.21757755,28.040285071],[86.224824939,28.033070844],[86.220074134,28.010050265],[86.226451292,27.981587929],[86.233194877,27.974212332],[86.266409299,27.980459971],[86.288780271,27.978395856],[86.296566988,27.973025785],[86.304051072,27.955592727],[86.318771115,27.947880611],[86.335334179,27.965094356],[86.337626909,27.949461671],[86.347944999,27.937573915],[86.358287864,27.94141725],[86.381316973,27.937870031],[86.405409455,27.916707719],[86.410755787,27.906584906],[86.429219041,27.909554962],[86.442456947,27.905724098],[86.469881986,27.930045213],[86.466441752,27.941330643],[86.469383944,27.946201695],[86.497713221,27.957223142],[86.515569509,27.956621571],[86.522158012,27.940005612],[86.533724256,27.942116376],[86.547802725,27.930458477],[86.554682196,27.907928426],[86.55102657,27.876163327],[86.554450143,27.861021989],[86.540462067,27.817650743],[86.541826812,27.80974966],[86.510668356,27.806414164],[86.497592912,27.813772029],[86.486672206,27.808890088],[86.480170501,27.811557361],[86.47892427,27.820992496],[86.47043071,27.826156137],[86.455955109,27.823502997],[86.449982758,27.832526587],[86.438686023,27.828356826],[86.429282054,27.814955048],[86.419725717,27.813538945],[86.41745394,27.794230194],[86.410735276,27.790697893],[86.422147384,27.785721536],[86.413124807,27.774912594],[86.410320173,27.760765747],[86.41053283,27.74659789],[86.427103737,27.737044905],[86.420605434,27.715629141],[86.409063439,27.719005266],[86.381589186,27.701250876],[86.375774893,27.692387316],[86.351902433,27.693965388],[86.339251139,27.683330807],[86.33016231,27.661363799],[86.311699192,27.646037349],[86.303024236,27.61579496],[86.288838366,27.603419945],[86.20282641,27.580422466],[86.191912275,27.571982221],[86.184390163,27.5591413],[86.158211795,27.541319257],[86.150816557,27.515912585],[86.142380739,27.50951195],[86.141908529,27.49592459],[86.129418482,27.48999447],[86.122639435,27.47818597],[86.112518464,27.474692423],[86.114861728,27.480158225],[86.093527478,27.500290383],[86.077791118,27.496847863],[86.074002319,27.501996028],[86.065055177,27.502234043],[86.061710042,27.496889275],[86.059895552,27.501779621],[86.044501092,27.497970139],[86.031819653,27.502965606],[86.000646513,27.502381946],[85.99927816,27.506839214],[85.994658962,27.503554866],[85.993660561,27.508030575],[85.987762962,27.508046413],[85.987780402,27.519618193],[86.000618689,27.541529953],[85.978725443,27.559275251]]]]}},{"type":"Feature","properties":{"slug":"dolpa"},"geometry":{"type":"MultiPolygon","coordinates":[[[[82.611166554,28.978239255],[82.593510272,28.980931441],[82.571784036,28.997514594],[82.524271727,29.014456097],[82.484997106,29.014927373],[82.456915371,28.989829559],[82.438838119,28.99064223],[82.412664172,29.00422935],[82.398806137,29.002928526],[82.39219014,29.017770554],[82.40546682,29.046384831],[82.403604965,29.072847093],[82.418184168,29.110862449],[82.413652367,29.123398593],[82.416117213,29.134054199],[82.434321022,29.139194665],[82.433205419,29.146227619],[82.446612636,29.157829665],[82.460835222,29.156917452],[82.472268543,29.163763664],[82.514472137,29.156388511],[82.53104275,29.163867425],[82.55500059,29.165600793],[82.577407246,29.178563406],[82.582203808,29.19066491],[82.545720987,29.21225213],[82.543118194,29.226863419],[82.534146981,29.236659691],[82.540240832,29.243887105],[82.530951229,29.250080083],[82.551989017,29.265770109],[82.550507894,29.279843275],[82.556914952,29.287055383],[82.590732619,29.303113807],[82.590409034,29.326751099],[82.574861257,29.337623674],[82.568116029,29.365468105],[82.548128407,29.380337868],[82.558479353,29.41149692],[82.580760546,29.416185927],[82.586237306,29.422608719],[82.62326173,29.424642937],[82.626886757,29.413629143],[82.623936322,29.398260035],[82.642073473,29.385376248],[82.659215015,29.395423809],[82.660928223,29.401893605],[82.673138176,29.402482664],[82.687246879,29.412615985],[82.690260855,29.425232913],[82.714563807,29.431457686],[82.717205943,29.444905031],[82.725298078,29.448938647],[82.735320979,29.467907334],[82.723526554,29.479337783],[82.728561781,29.490498189],[82.726368519,29.500218187],[82.731810824,29.507706129],[82.781574612,29.514382857],[82.803217018,29.551516018],[82.819223123,29.559474134],[82.807646554,29.58659999],[82.809501366,29.592933926],[82.796216709,29.613949141],[82.794315378,29.631568839],[82.798392483,29.639515343],[82.805272317,29.638413735],[82.827034021,29.649099993],[82.827132906,29.689841682],[82.838653174,29.691817417],[82.86271509,29.684969101],[82.886664482,29.693048387],[82.889908572,29.701093432],[82.908315827,29.700425455],[82.915052729,29.706448554],[82.926774932,29.70065977],[82.935484151,29.705495697],[82.948055513,29.692070578],[82.940960767,29.674155773],[82.956131616,29.662426221],[82.985039312,29.668478773],[82.991674571,29.663400534],[83.000550401,29.664611303],[83.008613959,29.672597427],[83.014093264,29.660468018],[83.021069866,29.657777062],[83.021065256,29.650710784],[83.03348987,29.654246014],[83.043383232,29.630874597],[83.065474383,29.626106185],[83.069369482,29.609961876],[83.085709462,29.602788041],[83.092320511,29.605449767],[83.090180798,29.61203012],[83.105430973,29.618426565],[83.116518503,29.616464164],[83.120366866,29.628615212],[83.131546868,29.617921191],[83.142052365,29.624875575],[83.150084792,29.623871727],[83.16516321,29.616012313],[83.159091546,29.596432362],[83.180016831,29.59302437],[83.188440222,29.597503704],[83.187721856,29.608321246],[83.196841872,29.611173556],[83.198871569,29.606277855],[83.218142839,29.605519905],[83.214514278,29.589312925],[83.23203806,29.577896442],[83.26120629,29.577640095],[83.269472038,29.568332152],[83.278113354,29.568853109],[83.284027606,29.562912439],[83.282155528,29.557606281],[83.255393304,29.556818387],[83.258849823,29.551090598],[83.255906644,29.539304715],[83.268802044,29.522159633],[83.267469015,29.507484418],[83.2821127,29.498763077],[83.293496729,29.504435846],[83.302356995,29.499745917],[83.315786614,29.508980136],[83.344496623,29.494833389],[83.347699635,29.478608824],[83.342084655,29.475076067],[83.342385734,29.465874741],[83.353826718,29.45144757],[83.366240999,29.450092947],[83.364446383,29.439794316],[83.371450468,29.42858784],[83.381166507,29.423224362],[83.414338119,29.420886396],[83.415999102,29.410447955],[83.426239309,29.402478102],[83.420483189,29.397506601],[83.422699829,29.3847132],[83.411837325,29.38034169],[83.415159984,29.359090091],[83.442365891,29.344989253],[83.446572261,29.329149475],[83.438276785,29.308906291],[83.444265208,29.306538102],[83.443712791,29.299843215],[83.45143504,29.297587917],[83.462663996,29.276696339],[83.469422955,29.27361729],[83.478812786,29.281086678],[83.487688105,29.280049597],[83.49349638,29.273855009],[83.491579754,29.264881375],[83.50421654,29.255628614],[83.51484116,29.255884127],[83.517800938,29.240639524],[83.522819555,29.238320627],[83.51516898,29.228070274],[83.518921411,29.218551151],[83.530480825,29.213433427],[83.539137804,29.202744299],[83.552408686,29.200188488],[83.563222168,29.206129728],[83.572081354,29.202578505],[83.569973003,29.190528401],[83.57560485,29.188220702],[83.578562386,29.178857489],[83.590190843,29.174242157],[83.610224381,29.180818792],[83.614739833,29.17140292],[83.633400318,29.15851415],[83.65740385,29.176170259],[83.66162732,29.174092141],[83.666108712,29.169758393],[83.663050007,29.156259382],[83.67581203,29.149025179],[83.675042187,29.136638578],[83.679672719,29.130867547],[83.680435191,29.123510105],[83.661105401,29.12478529],[83.651683687,29.119569846],[83.649126901,29.104104362],[83.628883544,29.106908871],[83.620631063,29.097862283],[83.615630725,29.098377629],[83.616120022,29.092651666],[83.630745378,29.08107625],[83.631531418,29.064962564],[83.6196389,29.059761523],[83.61901106,29.045827664],[83.612575503,29.036020934],[83.616565476,29.01895943],[83.611965653,29.014799817],[83.616985287,29.006236689],[83.615040418,28.987754252],[83.609288777,28.980312376],[83.599189169,28.98569823],[83.592086745,28.983706882],[83.580072609,28.956214808],[83.566990213,28.943402224],[83.558675264,28.944903043],[83.556516655,28.933774658],[83.546226223,28.921892817],[83.499503447,28.877269268],[83.506033465,28.865239646],[83.501838233,28.846200277],[83.497970737,28.842660337],[83.491997634,28.846507185],[83.481653604,28.844727637],[83.480334031,28.837829373],[83.483583822,28.832268107],[83.480105578,28.817205203],[83.488047002,28.802117678],[83.483461848,28.782888941],[83.46118734,28.780119612],[83.446106649,28.768955415],[83.410444925,28.760672208],[83.388517832,28.763105782],[83.362020705,28.734185303],[83.325570918,28.737958352],[83.276944149,28.72198398],[83.248006576,28.730411776],[83.229297424,28.742889349],[83.209952863,28.731979134],[83.186595417,28.743577533],[83.155654824,28.747669389],[83.113654439,28.743608398],[83.079269027,28.786181467],[83.0683803,28.779989255],[83.036090917,28.79279179],[83.022352809,28.790771088],[82.997382684,28.803919261],[82.980927778,28.800750877],[82.965868757,28.820375907],[82.956657614,28.820981717],[82.947214802,28.829037836],[82.930212321,28.827090583],[82.904878209,28.832361854],[82.89610641,28.824736119],[82.867583462,28.834264452],[82.843778947,28.826524201],[82.835693756,28.831671921],[82.81712246,28.831343433],[82.799354496,28.820700101],[82.781760245,28.824293516],[82.765835,28.808605428],[82.742567906,28.845310198],[82.712117846,28.851554997],[82.695677702,28.864736418],[82.699783814,28.882795679],[82.690948907,28.888355787],[82.700270724,28.901106426],[82.699749908,28.908472549],[82.686498352,28.917264607],[82.670809706,28.945485204],[82.667074458,28.962558568],[82.640514987,28.962876972],[82.611166554,28.978239255]]]]}},{"type":"Feature","properties":{"slug":"doti"},"geometry":{"type":"MultiPolygon","coordinates":[[[[80.732744917,29.010600798],[80.703650343,29.009608157],[80.678077929,29.015482106],[80.674401159,29.020758566],[80.656604818,29.022146718],[80.634271712,29.036003771],[80.616685688,29.058918596],[80.607217391,29.048850736],[80.5984996,29.047780543],[80.572614311,29.064442977],[80.566036372,29.062206732],[80.559022548,29.076106469],[80.531503284,29.089651613],[80.526260509,29.105051167],[80.566643017,29.118929794],[80.572215701,29.130219678],[80.564823566,29.135492468],[80.566669233,29.14452808],[80.591213633,29.147950497],[80.592377856,29.16327276],[80.616791437,29.179987741],[80.645822242,29.178152519],[80.670518924,29.182905245],[80.678797083,29.191506235],[80.694981057,29.187901026],[80.699996193,29.194693135],[80.704338331,29.192198921],[80.706753746,29.211775051],[80.701936448,29.216810458],[80.706837356,29.231402393],[80.739138088,29.245197691],[80.735715519,29.247512056],[80.748256251,29.254567362],[80.756776999,29.267596369],[80.743827035,29.274842463],[80.745784911,29.284608947],[80.732640095,29.292051959],[80.73423796,29.298673417],[80.756343639,29.308884359],[80.772519226,29.301850221],[80.771797471,29.312089938],[80.77637635,29.315533109],[80.75917362,29.332344314],[80.762806003,29.335878714],[80.757332395,29.346348849],[80.762329752,29.351435433],[80.762924098,29.36357886],[80.770011915,29.357401655],[80.774657217,29.36503612],[80.814675739,29.364847327],[80.835271149,29.381248418],[80.850721046,29.376687604],[80.860159678,29.396493735],[80.852087538,29.407632649],[80.862022003,29.414410324],[80.875285968,29.412474548],[80.911759734,29.445727568],[80.916235981,29.43144072],[80.9322079,29.417496171],[80.931446241,29.410803166],[80.939498357,29.397554889],[80.97097925,29.400297095],[80.986877118,29.405171901],[81.008779059,29.42003722],[81.022648878,29.421903347],[81.033581238,29.411824872],[81.047766146,29.413320538],[81.062582748,29.405453342],[81.081141443,29.410123891],[81.095680428,29.407842792],[81.119239407,29.395746858],[81.131655751,29.404347397],[81.143985539,29.390940316],[81.163710777,29.394756774],[81.170667541,29.411629591],[81.185879068,29.405139961],[81.186555914,29.397683982],[81.153423461,29.382010839],[81.154539009,29.362648921],[81.148216487,29.359626686],[81.143808324,29.349406402],[81.13568162,29.304884913],[81.120690261,29.299370489],[81.100015284,29.261362789],[81.097319495,29.248258921],[81.112894072,29.239683863],[81.113479007,29.227547508],[81.101567026,29.215312877],[81.090735447,29.21502514],[81.064310209,29.198354553],[81.038851665,29.199634422],[81.026725393,29.19534692],[81.03002178,29.186282624],[81.036289373,29.189342104],[81.045499821,29.184412808],[81.043296333,29.175451307],[81.049341782,29.170150381],[81.049429709,29.162528159],[81.058532272,29.159037039],[81.055843555,29.149054128],[81.066009607,29.14515606],[81.065434412,29.13520161],[81.071940479,29.134086172],[81.074106991,29.126839378],[81.109103879,29.097934655],[81.109918609,29.08485039],[81.128592433,29.081285461],[81.11955044,29.072286438],[81.144893541,29.03479708],[81.14429126,29.018873936],[81.150157672,29.006108579],[81.143255308,28.990451704],[81.118772101,28.974161351],[81.105397925,28.977881209],[81.101091367,28.963873463],[81.064380138,28.970431198],[81.049265257,28.978346517],[81.020837922,28.9528946],[81.001849386,28.956683756],[80.981051199,28.938782292],[80.968095361,28.941376325],[80.953305279,28.935845094],[80.928107403,28.943499438],[80.912245705,28.931012969],[80.905879353,28.940767416],[80.901488706,28.936611312],[80.897232002,28.942595138],[80.898706474,28.935763294],[80.894916387,28.934422685],[80.883198635,28.940625584],[80.882948694,28.966211126],[80.866253241,28.968882168],[80.855651921,28.977655466],[80.836902831,28.95578859],[80.839884262,28.950312764],[80.832156159,28.936700629],[80.821136945,28.930706177],[80.805440796,28.944941339],[80.809641485,28.955892618],[80.803814471,28.959574826],[80.806441739,28.967298073],[80.798862745,28.976842649],[80.782589833,28.985100675],[80.762996402,28.987772308],[80.762395064,29.002348374],[80.732744917,29.010600798]]]]}},{"type":"Feature","properties":{"slug":"gorkha"},"geometry":{"type":"MultiPolygon","coordinates":[[[[84.54487225,27.905501887],[84.537654324,27.909167131],[84.538085099,27.917689116],[84.532850138,27.912987335],[84.517180604,27.912553004],[84.513149786,27.917763907],[84.510121458,27.913678042],[84.501457571,27.915627543],[84.507166426,27.922537507],[84.483755992,27.928054518],[84.47334289,27.940084328],[84.458349966,27.942233276],[84.451481726,27.950030588],[84.444788564,27.946370377],[84.426317476,27.951811911],[84.420776153,27.958040197],[84.420497879,27.977035409],[84.427803161,27.986116394],[84.439803896,27.988364002],[84.438027359,27.993089485],[84.457300968,28.003905769],[84.459544627,28.023758842],[84.464169619,28.028284878],[84.461600753,28.038637774],[84.468204172,28.045512351],[84.466193088,28.05105341],[84.478243342,28.058378128],[84.482124802,28.055636937],[84.487284676,28.062646495],[84.483969147,28.076618866],[84.487801014,28.076731671],[84.479906431,28.080946805],[84.478190611,28.089117579],[84.497852063,28.085230363],[84.513197406,28.087811182],[84.530254277,28.099453081],[84.5408338,28.099747971],[84.551085927,28.109516557],[84.556291492,28.124746507],[84.574163245,28.130558886],[84.57611977,28.138189662],[84.586895114,28.142996708],[84.585462677,28.146240203],[84.601158094,28.152053797],[84.609515138,28.159779916],[84.611989614,28.172558294],[84.633208073,28.18938204],[84.640292749,28.205132159],[84.632940163,28.230005095],[84.651481432,28.264464133],[84.646432774,28.293114322],[84.654960117,28.312551878],[84.659839423,28.314635391],[84.658596288,28.323261461],[84.663369805,28.321873476],[84.667670861,28.327819567],[84.669388025,28.342260593],[84.680473097,28.342862215],[84.694832436,28.360990857],[84.676307966,28.3764854],[84.675818,28.387208103],[84.660349991,28.409114737],[84.647020014,28.418622095],[84.63741725,28.439185193],[84.621524352,28.449329202],[84.598558425,28.452067086],[84.583058859,28.477103181],[84.56516863,28.486064828],[84.565011841,28.501214131],[84.570555232,28.510079348],[84.560019111,28.532856163],[84.559427337,28.550177322],[84.547481217,28.554643098],[84.551791984,28.559263807],[84.54753374,28.562349083],[84.549093031,28.583728905],[84.541426256,28.598416315],[84.542741049,28.627322693],[84.531417799,28.646389332],[84.518577832,28.652381142],[84.5221855,28.663310574],[84.512551692,28.674150866],[84.519831604,28.69487721],[84.500989671,28.698848734],[84.481860329,28.718463132],[84.491881901,28.734782047],[84.514727117,28.748620332],[84.524902949,28.742246704],[84.556715231,28.752214427],[84.557252704,28.747010162],[84.571680953,28.735224036],[84.626341731,28.736527108],[84.643549722,28.725288914],[84.650746921,28.714473832],[84.650633561,28.70245743],[84.666509106,28.694292995],[84.668348084,28.683451328],[84.704956317,28.671144982],[84.697234716,28.653539716],[84.701767423,28.647439034],[84.694786834,28.636486797],[84.713793739,28.633024421],[84.725189285,28.620671795],[84.736797561,28.616934387],[84.74688537,28.618356795],[84.780694098,28.60954221],[84.857084579,28.570648311],[84.867058392,28.581679092],[84.886064582,28.582702246],[84.900971994,28.593319208],[84.90697405,28.588212647],[84.919676455,28.595300582],[84.944897347,28.594861035],[84.94888406,28.580222372],[84.983404404,28.591444976],[84.992846529,28.599851115],[84.98608557,28.605151896],[84.988833539,28.612945918],[85.008918972,28.637128605],[85.017125077,28.639492212],[85.030872202,28.656137233],[85.040339022,28.658038653],[85.04118575,28.668478403],[85.052039141,28.67008856],[85.053709449,28.680451954],[85.058592941,28.682468789],[85.083936801,28.670998628],[85.114906393,28.686764953],[85.132408724,28.675963728],[85.135045322,28.666609812],[85.145663649,28.661029997],[85.157184434,28.643010643],[85.178693394,28.645112434],[85.18842624,28.641278445],[85.184812227,28.63230314],[85.197653497,28.627211942],[85.197331675,28.620876327],[85.188964504,28.605038317],[85.173663893,28.597486439],[85.181344332,28.587496913],[85.181531738,28.578998003],[85.19155755,28.569057449],[85.184727685,28.561420718],[85.188946236,28.547292386],[85.186875163,28.534310845],[85.1661241,28.532124388],[85.166102456,28.521344431],[85.157000294,28.50956154],[85.152891868,28.490580573],[85.144508465,28.485636885],[85.118501369,28.485591647],[85.099509254,28.456901882],[85.10281219,28.447863383],[85.114300446,28.443219931],[85.115830465,28.408856266],[85.126635809,28.392437623],[85.121878606,28.372713898],[85.115191363,28.367181103],[85.107955382,28.346603978],[85.080549295,28.345883219],[85.046657473,28.325867483],[85.032718682,28.302844408],[85.037992958,28.291890551],[85.027943657,28.262405687],[85.001747395,28.253254154],[84.998667491,28.241246006],[84.991604421,28.244706077],[84.964732873,28.217364996],[84.962261747,28.21217574],[84.973853843,28.19028135],[84.964070086,28.177931748],[84.957244517,28.155548917],[84.956912277,28.126760956],[84.942777429,28.122579357],[84.928816958,28.126320294],[84.920176581,28.115310839],[84.918135221,28.103422008],[84.900430383,28.10669099],[84.892449456,28.099970721],[84.869368105,28.120470181],[84.854692388,28.122660497],[84.843737786,28.116321333],[84.818377426,28.047700769],[84.809500678,28.037989382],[84.813569455,28.028435811],[84.811329143,28.002944708],[84.790152619,27.997991944],[84.784066225,27.983299301],[84.771630247,27.977355017],[84.774721019,27.971392918],[84.745881202,27.960096045],[84.73937785,27.936589006],[84.733896272,27.933168729],[84.736433089,27.928548312],[84.732010294,27.92583755],[84.735764955,27.892878713],[84.749241238,27.886112287],[84.745954793,27.880248515],[84.753404312,27.873570549],[84.756033262,27.861774844],[84.76509442,27.859310897],[84.767560341,27.843791025],[84.775958021,27.835344671],[84.773717916,27.824200829],[84.782382348,27.813873211],[84.773084311,27.808653035],[84.762642442,27.81823863],[84.753847968,27.806469428],[84.738787014,27.804069033],[84.730841549,27.795605734],[84.718748553,27.803750621],[84.711169687,27.800504858],[84.707412313,27.80669024],[84.685059518,27.810342747],[84.668033177,27.818541489],[84.661161322,27.828889571],[84.663986089,27.840594371],[84.659999745,27.84998546],[84.64730505,27.853395952],[84.648980702,27.859745842],[84.635495917,27.860377136],[84.633807847,27.868901777],[84.622532055,27.880348815],[84.608136266,27.87157807],[84.589542264,27.879598178],[84.578040621,27.872447521],[84.573428015,27.861438756],[84.558787278,27.857965717],[84.547433998,27.863071766],[84.552309272,27.87017045],[84.544591679,27.869867232],[84.540740761,27.875831882],[84.545098273,27.880658638],[84.540315087,27.896969088],[84.54487225,27.905501887]]]]}},{"type":"Feature","properties":{"slug":"gulmi"},"geometry":{"type":"MultiPolygon","coordinates":[[[[83.199134889,28.073170638],[83.192969599,28.082939156],[83.183139267,28.087623087],[83.150374603,28.059785911],[83.125351782,28.069343054],[83.125384189,28.084494482],[83.102302415,28.077241378],[83.09642555,28.082174967],[83.098757449,28.094627487],[83.089938707,28.097355424],[83.073494219,28.090763917],[83.068368329,28.095004268],[83.066234513,28.104049723],[83.070286079,28.108365824],[83.057005701,28.106765906],[83.051035476,28.111629126],[83.05912399,28.12685166],[83.049520839,28.140702318],[83.055181453,28.140795577],[83.056898202,28.145319313],[83.036923344,28.157734641],[83.04221356,28.168715274],[83.035003724,28.168204406],[83.029481655,28.174926336],[83.036150688,28.185790686],[83.037092309,28.203061867],[83.027701706,28.219594406],[83.027126982,28.236175753],[83.021901272,28.23473981],[83.025033348,28.238387395],[83.051939889,28.243647923],[83.077806036,28.233711518],[83.09357093,28.257021357],[83.109557504,28.251800253],[83.124385341,28.257804291],[83.130819805,28.250157147],[83.155521797,28.270850044],[83.167816696,28.257974152],[83.184845549,28.270737166],[83.215413735,28.248455775],[83.233780823,28.221869601],[83.251805423,28.214202064],[83.259237,28.200088401],[83.268842202,28.197270423],[83.273695854,28.187642875],[83.306303668,28.197907597],[83.316522312,28.190405869],[83.330234436,28.189074941],[83.355535826,28.197500789],[83.38422367,28.163848847],[83.390129313,28.167394672],[83.394784716,28.15593885],[83.418220302,28.137148346],[83.423315591,28.125246571],[83.43875704,28.131041018],[83.446020616,28.125092043],[83.45751013,28.13239117],[83.473708399,28.132346036],[83.478253519,28.13015474],[83.474126091,28.119048132],[83.485777139,28.113370946],[83.4996757,28.117535207],[83.510350844,28.127019936],[83.531988143,28.116593456],[83.544298853,28.120903369],[83.553964374,28.117429204],[83.555192789,28.106631083],[83.56504433,28.100787824],[83.562644613,28.092822953],[83.575160912,28.087610051],[83.580676987,28.077558111],[83.56744518,28.064979876],[83.560962122,28.0643524],[83.561560639,28.035769452],[83.578432666,28.034001549],[83.59593413,28.021155916],[83.604919849,28.012067314],[83.604053078,27.999374082],[83.595086133,27.990348272],[83.58414346,27.987508994],[83.585218352,27.978934416],[83.579111534,27.97938966],[83.577606079,27.974426027],[83.549974788,27.976826965],[83.531033668,27.964792658],[83.511200143,27.967509995],[83.500407035,27.976917605],[83.482888601,27.981701225],[83.461603774,27.953894198],[83.443492612,27.94485632],[83.44541808,27.939372723],[83.440707907,27.935475384],[83.428482708,27.939978046],[83.418921969,27.930746624],[83.399513488,27.934839406],[83.392695719,27.948046103],[83.377477741,27.958920205],[83.34539807,27.949927497],[83.342629248,27.940046232],[83.346224426,27.931314141],[83.338204339,27.922975598],[83.325263047,27.920832733],[83.30621083,27.928350146],[83.287358857,27.924691458],[83.280570855,27.926531005],[83.278995729,27.934710174],[83.302541087,27.954878925],[83.300949375,27.967784663],[83.280437685,27.967613508],[83.262900453,27.988975807],[83.252533315,27.986977464],[83.252111219,27.99533832],[83.246034425,27.9977507],[83.244023187,28.008415198],[83.23987025,28.008011112],[83.233550671,28.021015897],[83.22986279,28.048381283],[83.199134889,28.073170638]]]]}},{"type":"Feature","properties":{"slug":"humla"},"geometry":{"type":"MultiPolygon","coordinates":[[[[81.685783747,29.948816095],[81.669658296,29.940574278],[81.645627772,29.948164171],[81.626618745,29.938374836],[81.612895668,29.94323894],[81.602631999,29.930164098],[81.591033645,29.930665456],[81.584901814,29.936861413],[81.5493735,29.923168036],[81.534919281,29.927585049],[81.51699364,29.922820881],[81.512000444,29.916152819],[81.516940288,29.904344251],[81.503992395,29.892884659],[81.492737417,29.887171172],[81.479854662,29.892056662],[81.470691397,29.889834186],[81.456432467,29.901193296],[81.462692069,29.920967825],[81.454785224,29.934758228],[81.458605309,29.94263691],[81.452762585,29.951169212],[81.466928656,29.960746123],[81.470191862,29.973157555],[81.460719005,29.985688555],[81.463238739,29.995197689],[81.457159222,30.000974874],[81.430255053,30.007588324],[81.401339198,30.02282718],[81.399551964,30.018105292],[81.383926381,30.013591259],[81.381950453,30.007216335],[81.357050569,30.010554375],[81.346461567,30.018785766],[81.318661273,30.025599875],[81.31462014,30.032705273],[81.291048657,30.034985681],[81.271968915,30.045266266],[81.274611746,30.05905287],[81.289563668,30.074342058],[81.2852151,30.105136081],[81.290503866,30.112529076],[81.257165345,30.143759608],[81.258100333,30.151299905],[81.303581299,30.159346936],[81.304872159,30.164267486],[81.316771924,30.151974374],[81.332137348,30.153226461],[81.35064267,30.17804873],[81.370250567,30.186601432],[81.374551106,30.196713718],[81.396451119,30.209002097],[81.390288525,30.233689984],[81.396434021,30.242453985],[81.392007924,30.250534783],[81.40842241,30.261064567],[81.416608349,30.281664097],[81.399599134,30.281566001],[81.40357021,30.285155652],[81.401921857,30.293092813],[81.423282882,30.305105086],[81.41473217,30.31642277],[81.405387403,30.316116048],[81.396407321,30.323419295],[81.405832721,30.336633792],[81.402557727,30.344072978],[81.406049768,30.353167035],[81.395291049,30.36794311],[81.420111201,30.370578821],[81.429349381,30.383401915],[81.400699855,30.396217494],[81.408316413,30.421266214],[81.427689101,30.421916916],[81.433965399,30.412809556],[81.438635836,30.41868931],[81.445028691,30.415909411],[81.467729223,30.403286047],[81.47621888,30.388638743],[81.489472435,30.381275749],[81.551839664,30.369825128],[81.555652373,30.374021906],[81.549824737,30.381004163],[81.550792146,30.402655493],[81.559472486,30.407433659],[81.560833358,30.428029843],[81.574284714,30.426654285],[81.606819429,30.412174797],[81.62195949,30.424379034],[81.617937899,30.445904431],[81.634006571,30.445098918],[81.672334292,30.427600175],[81.694836696,30.423801785],[81.714375536,30.411793074],[81.726846137,30.411318292],[81.731703147,30.398282848],[81.751133019,30.388772709],[81.77406069,30.384349386],[81.790743555,30.388985492],[81.809002258,30.387261161],[81.826392901,30.375055251],[81.849893324,30.373131888],[81.853887157,30.379352853],[81.867701354,30.377320053],[81.882168295,30.360793887],[81.914500607,30.349981118],[81.939499648,30.347553138],[81.949338454,30.358945322],[81.96221121,30.35078209],[81.956675339,30.341244854],[81.969225363,30.33782823],[81.98857202,30.320767059],[81.998146455,30.320678578],[82.005376364,30.329014828],[82.012160053,30.329172222],[82.011159327,30.341838382],[82.016306637,30.344150674],[82.030983929,30.337536322],[82.04122358,30.340950706],[82.056009203,30.332587209],[82.06726601,30.356693834],[82.085412904,30.359144612],[82.09196334,30.351280387],[82.1107685,30.34477146],[82.110828678,30.334958766],[82.118709687,30.326804527],[82.117901372,30.319608447],[82.128299209,30.302258176],[82.116407435,30.294216768],[82.116394652,30.286091474],[82.109430967,30.277188593],[82.11614407,30.272449699],[82.118436938,30.259489959],[82.107389416,30.255082531],[82.099792871,30.236651668],[82.109391002,30.226009686],[82.127343228,30.225784276],[82.139126991,30.198915548],[82.158754915,30.1892943],[82.18448454,30.190825711],[82.186518161,30.172926056],[82.182066438,30.160878381],[82.205498667,30.153888315],[82.197577154,30.142651075],[82.198849476,30.13627982],[82.186970591,30.133774012],[82.176612611,30.121962043],[82.170830467,30.121991145],[82.171600256,30.117643004],[82.186562078,30.110948288],[82.179446904,30.10237712],[82.181761952,30.096285353],[82.177107103,30.088948043],[82.165892158,30.081432154],[82.171916325,30.065228957],[82.188482405,30.069768827],[82.23123607,30.06487615],[82.246729313,30.075212334],[82.265544292,30.062209517],[82.281327647,30.061168155],[82.285249999,30.047253648],[82.29851942,30.037904095],[82.315695581,30.040349425],[82.31997732,30.049514372],[82.334130617,30.046920195],[82.343627008,30.036833158],[82.344794873,30.028885299],[82.359514869,30.021652817],[82.363015603,30.0104468],[82.372705802,30.015647949],[82.377865179,30.01119413],[82.3759644,30.026434105],[82.382162974,30.027140378],[82.387220097,30.020452518],[82.395506144,30.024006991],[82.40253711,30.014577856],[82.42095229,30.004042802],[82.432155855,29.989023942],[82.456299968,29.97692643],[82.463221547,29.982072608],[82.476167061,29.973658651],[82.47387666,29.965279407],[82.497634566,29.947367437],[82.488254823,29.929150828],[82.470703531,29.919585348],[82.474308472,29.906677239],[82.467865878,29.89886963],[82.455382429,29.897246727],[82.44762809,29.888699294],[82.459330625,29.881518513],[82.461615965,29.863706783],[82.435031718,29.860782611],[82.435783909,29.845281392],[82.429881907,29.835210628],[82.439863876,29.82421193],[82.438439172,29.815572034],[82.422674174,29.807127913],[82.406041125,29.810979625],[82.400943428,29.805368703],[82.404050598,29.787149709],[82.412792954,29.777789902],[82.411475572,29.77113757],[82.397531539,29.761231862],[82.414287676,29.732040343],[82.411083637,29.714183848],[82.392521253,29.696518802],[82.361521559,29.702666469],[82.339584996,29.715891852],[82.323866991,29.710634996],[82.313154173,29.712295562],[82.297558586,29.69717426],[82.282020111,29.692339119],[82.261497656,29.702876776],[82.245983746,29.697716852],[82.231762137,29.700542761],[82.231379188,29.683811826],[82.235818145,29.680407771],[82.232508142,29.674570272],[82.237074136,29.668235369],[82.234353859,29.662766718],[82.219171979,29.663642485],[82.21484941,29.65533514],[82.201719302,29.660175251],[82.192571555,29.653218962],[82.184272345,29.658313742],[82.169564435,29.653947195],[82.156198493,29.658275164],[82.142620078,29.645846264],[82.102785909,29.634829927],[82.113700273,29.652928444],[82.100789428,29.665716063],[82.098118268,29.680722991],[82.101272672,29.686308198],[82.092958992,29.689911243],[82.09270104,29.699428783],[82.081894598,29.705241711],[82.08047446,29.713090703],[82.073212699,29.713366326],[82.068032636,29.724734685],[82.061254933,29.728366248],[82.060347105,29.746218058],[82.045295639,29.750979399],[82.015392446,29.73579441],[81.992847231,29.704245437],[81.946824868,29.675173843],[81.938048988,29.672705641],[81.930623476,29.677659073],[81.92183319,29.673597583],[81.917711244,29.663792448],[81.889777373,29.667487903],[81.872512757,29.635078773],[81.852986021,29.619430912],[81.82447841,29.619967534],[81.7901181,29.627416801],[81.777056628,29.617429874],[81.773772973,29.605828669],[81.750477426,29.604924874],[81.73606986,29.606943114],[81.709695859,29.627149669],[81.69939319,29.642084062],[81.703601255,29.644696248],[81.703610241,29.645431554],[81.697340102,29.680407117],[81.708694067,29.700271965],[81.714031255,29.722317837],[81.727019889,29.734142588],[81.726795236,29.747963159],[81.732839831,29.759195934],[81.730182827,29.769222641],[81.739794654,29.792506516],[81.764521472,29.801829664],[81.773657599,29.798156572],[81.780360395,29.807066825],[81.780780819,29.839285482],[81.794210117,29.84884964],[81.791544267,29.853809574],[81.797212725,29.878803858],[81.793637911,29.895542542],[81.799531822,29.900640268],[81.779972004,29.911071389],[81.715998998,29.909431353],[81.710782813,29.914315508],[81.709651179,29.926879869],[81.697482578,29.931500766],[81.697935523,29.941487641],[81.685783747,29.948816095]]]]}},{"type":"Feature","properties":{"slug":"ilam"},"geometry":{"type":"MultiPolygon","coordinates":[[[[87.961105038,26.786669339],[87.957141092,26.768175878],[87.947240456,26.767139038],[87.954280549,26.761486971],[87.957714736,26.750175143],[87.948610521,26.739741886],[87.9503078,26.728757685],[87.935514821,26.726534173],[87.927345991,26.715872266],[87.936415895,26.701380691],[87.933878566,26.688829237],[87.92427711,26.697538618],[87.879312078,26.684637678],[87.86709811,26.692199612],[87.861967247,26.687778905],[87.865246028,26.684207337],[87.866015771,26.67172],[87.845176638,26.675011339],[87.833591786,26.687754145],[87.814509984,26.694074689],[87.793327585,26.680464119],[87.790779853,26.666337054],[87.76540678,26.665241694],[87.707376538,26.695720687],[87.701616477,26.731956737],[87.687201315,26.750047526],[87.690393817,26.756675068],[87.675527835,26.752389363],[87.663140187,26.760814906],[87.679214398,26.781538886],[87.656044084,26.79830307],[87.661532754,26.814916717],[87.652482774,26.818921017],[87.647835481,26.831023502],[87.642124986,26.83028234],[87.634363825,26.840563927],[87.622055491,26.842904378],[87.59961228,26.862196977],[87.63666564,26.86072177],[87.68825432,26.881083479],[87.690311507,26.899840182],[87.69826977,26.911879654],[87.693988583,26.922616514],[87.706319461,26.929329087],[87.677209471,26.95209907],[87.690214402,26.974739949],[87.70268693,26.979459635],[87.718603585,27.000363843],[87.732658441,27.006370134],[87.739488567,27.019696654],[87.754747324,27.020403182],[87.764057592,27.013222854],[87.777988796,27.012864513],[87.796778288,27.02717079],[87.840970409,27.047744231],[87.852234363,27.062559203],[87.861627512,27.062991587],[87.896215162,27.092867728],[87.914516569,27.094430802],[87.927622433,27.10262095],[87.943730165,27.099639194],[87.95184034,27.106184083],[87.962171743,27.101116091],[88.001989686,27.105009608],[88.021106046,27.087756095],[88.016264929,27.073849784],[88.037633831,27.036657304],[88.059697399,27.029144304],[88.077627938,27.035386589],[88.092262504,27.004552865],[88.099166755,27.003774872],[88.11508079,26.988839844],[88.135545236,26.984926563],[88.122561857,26.968395329],[88.120464538,26.950477103],[88.14604016,26.921053327],[88.136383168,26.898747093],[88.157408709,26.884885439],[88.17352376,26.865538295],[88.174716383,26.853439371],[88.167415594,26.849858235],[88.170670905,26.845251134],[88.167547604,26.837777165],[88.174245837,26.833554406],[88.17182784,26.827895479],[88.178909247,26.816602717],[88.177551093,26.803681066],[88.18485593,26.78322573],[88.165880557,26.783561477],[88.158934093,26.799351475],[88.150452538,26.805869127],[88.154679916,26.795566351],[88.145092747,26.769466759],[88.136076807,26.765721669],[88.131270017,26.778255491],[88.125399657,26.75868596],[88.111557043,26.745965813],[88.104605507,26.748542711],[88.096688788,26.761875845],[88.098316182,26.776565347],[88.092416757,26.790270671],[88.096754933,26.796360782],[88.092330073,26.801568686],[88.07709839,26.783368616],[88.067185792,26.791701772],[88.057978402,26.759302299],[88.04619099,26.745312426],[88.035275719,26.764300762],[88.026719769,26.766644152],[88.026816868,26.778344823],[88.019597427,26.769953734],[88.007958992,26.767182701],[88.004456214,26.780109386],[87.996900474,26.753682175],[87.981335884,26.752509119],[87.975706911,26.769680584],[87.979161587,26.778124912],[87.971311716,26.773009589],[87.962946377,26.777703529],[87.96673564,26.788704577],[87.961105038,26.786669339]]]]}},{"type":"Feature","properties":{"slug":"jajarkot"},"geometry":{"type":"MultiPolygon","coordinates":[[[[82.038555979,28.641656275],[82.008342069,28.645272658],[81.975644113,28.638523718],[81.957465473,28.640762516],[81.947605324,28.636169185],[81.936949994,28.641187952],[81.885550732,28.643245824],[81.877490664,28.648910691],[81.87724484,28.658855828],[81.868019437,28.664060723],[81.859003405,28.693389445],[81.845069126,28.710451989],[81.820063032,28.724109076],[81.83619681,28.740685002],[81.84810968,28.7379761],[81.879832351,28.746791893],[81.883825488,28.761854673],[81.912333058,28.780081114],[81.889353257,28.811438142],[81.878374282,28.849065811],[81.880108339,28.864670946],[81.889720055,28.874282556],[81.893945147,28.90075259],[81.92453751,28.924869259],[81.926858059,28.936285165],[81.921171428,28.941451357],[81.919744926,28.977716713],[81.958290863,28.985637934],[81.984397639,29.002874185],[81.985972252,29.01265667],[82.000570402,29.015742769],[82.007786533,29.030695538],[82.039293521,29.011959399],[82.044437847,29.003481196],[82.042982169,28.98933618],[82.049793646,28.980777195],[82.078369967,28.969394769],[82.095344324,28.974436532],[82.100278352,28.984442732],[82.123025895,28.994603348],[82.118725562,29.01451325],[82.125462941,29.015591554],[82.138583621,29.031813663],[82.146693318,29.032588265],[82.147842133,29.048211826],[82.167475714,29.069344005],[82.180633123,29.06186682],[82.198468369,29.073367621],[82.203501493,29.080619266],[82.201053612,29.089006951],[82.219820666,29.090236034],[82.22881129,29.105732841],[82.236644869,29.101300924],[82.254100217,29.1099443],[82.26268535,29.107184239],[82.269732833,29.113990141],[82.265206865,29.115120097],[82.264523905,29.121493807],[82.278186627,29.127521748],[82.285648136,29.115938368],[82.301386366,29.11979223],[82.323167334,29.11006094],[82.352449739,29.116553245],[82.41182956,29.095581344],[82.403604965,29.072847093],[82.40546682,29.046384831],[82.39219014,29.017770554],[82.398806137,29.002928526],[82.412664172,29.00422935],[82.438838119,28.99064223],[82.45777219,28.989924],[82.484997106,29.014927373],[82.506535669,29.015845655],[82.535555067,29.011376855],[82.580186902,28.990456055],[82.552013769,28.987776092],[82.513270585,28.949976178],[82.516102053,28.930646699],[82.504404682,28.921330836],[82.507484932,28.894937891],[82.496814172,28.878717057],[82.471227075,28.868289852],[82.462102378,28.874986415],[82.455554979,28.873489712],[82.430789732,28.851369167],[82.400307591,28.841952052],[82.375528741,28.822056176],[82.364194622,28.795806264],[82.357634765,28.791981466],[82.349325561,28.792937699],[82.345222982,28.786457805],[82.335848542,28.78416895],[82.294296276,28.785076603],[82.283438528,28.762234071],[82.289802324,28.756881841],[82.283926946,28.749009365],[82.290131423,28.738209076],[82.283099416,28.732348272],[82.289065082,28.72686005],[82.284524285,28.714822165],[82.275960347,28.706117603],[82.27999801,28.694327688],[82.273108717,28.692931035],[82.260028284,28.707872971],[82.247412786,28.712431189],[82.23256466,28.702401163],[82.228809289,28.68846609],[82.216599841,28.687026806],[82.209147168,28.676013786],[82.197126979,28.683311696],[82.194551145,28.668826002],[82.19817899,28.663932942],[82.192080251,28.639133718],[82.186516459,28.638099862],[82.191297433,28.631173568],[82.179341027,28.618231228],[82.167144859,28.611366697],[82.144238199,28.615435009],[82.144591179,28.624592479],[82.13827456,28.626594582],[82.128847173,28.621625165],[82.082317403,28.618185727],[82.069722213,28.630117077],[82.054411514,28.634850057],[82.057102171,28.644443017],[82.046770485,28.642127655],[82.044068757,28.63668056],[82.035989453,28.638014827],[82.038555979,28.641656275]]]]}},{"type":"Feature","properties":{"slug":"jhapa"},"geometry":{"type":"MultiPolygon","coordinates":[[[[87.638330442,26.591742637],[87.638417176,26.597649749],[87.646683055,26.600029252],[87.647300793,26.608325978],[87.655436137,26.615929335],[87.653968502,26.633530151],[87.641501096,26.65413026],[87.642484996,26.66704209],[87.652873365,26.685759831],[87.654843705,26.715364973],[87.678349899,26.730264718],[87.687201315,26.750047526],[87.701616477,26.731956737],[87.707762622,26.695285543],[87.718434977,26.693174044],[87.765088945,26.665317868],[87.782590573,26.664701299],[87.790779853,26.666337054],[87.793327585,26.680464119],[87.814509984,26.694074689],[87.833591786,26.687754145],[87.845176638,26.675011339],[87.866015771,26.67172],[87.861967247,26.687778905],[87.86709811,26.692199612],[87.879312078,26.684637678],[87.92427711,26.697538618],[87.933878566,26.688829237],[87.936415895,26.701380691],[87.927345991,26.715872266],[87.935514821,26.726534173],[87.950225377,26.728586823],[87.948610521,26.739741886],[87.957714736,26.750175143],[87.954280549,26.761486971],[87.947240456,26.767139038],[87.957141092,26.768175878],[87.958782318,26.781991829],[87.96473862,26.789945682],[87.963282219,26.777279321],[87.971527251,26.773012655],[87.979161587,26.778124912],[87.975706911,26.769680584],[87.981335884,26.752509119],[87.996900474,26.753682175],[88.004456214,26.780109386],[88.007958992,26.767182701],[88.019597427,26.769953734],[88.026816868,26.778344823],[88.026719769,26.766644152],[88.035275719,26.764300762],[88.04619099,26.745312426],[88.057978402,26.759302299],[88.067185792,26.791701772],[88.07709839,26.783368616],[88.092330073,26.801568686],[88.096754933,26.796360782],[88.092416757,26.790270671],[88.098316182,26.776565347],[88.096688788,26.761875845],[88.104605507,26.748542711],[88.111557043,26.745965813],[88.125399657,26.75868596],[88.131270017,26.778255491],[88.136076807,26.765721669],[88.145092747,26.769466759],[88.154679916,26.795566351],[88.150452538,26.805869127],[88.158934093,26.799351475],[88.165880557,26.783561477],[88.185462949,26.781702186],[88.186381813,26.738577076],[88.182041493,26.719565774],[88.167147678,26.699646355],[88.160481089,26.636659515],[88.142014962,26.625879301],[88.139136198,26.606899521],[88.1298952,26.601393205],[88.130207219,26.573802291],[88.12478033,26.577683293],[88.122960497,26.572356847],[88.117614759,26.57465755],[88.119067528,26.56825157],[88.11216247,26.571469103],[88.11340223,26.558377011],[88.105411262,26.561020511],[88.105408679,26.550812646],[88.111516454,26.545279925],[88.098152038,26.537472609],[88.10368316,26.536455173],[88.10310344,26.518981676],[88.095132458,26.516538431],[88.096560515,26.511355906],[88.090352664,26.50691774],[88.09870705,26.505854047],[88.100275414,26.494564491],[88.105747008,26.48957396],[88.10029199,26.479906824],[88.107251572,26.47531091],[88.097875462,26.472695904],[88.10305776,26.465861903],[88.091895444,26.46316106],[88.096897229,26.452357398],[88.095815839,26.439666602],[88.069713216,26.413563328],[88.071369811,26.408160325],[88.060059667,26.409776731],[88.055420524,26.400870981],[88.047321745,26.401223867],[88.034269814,26.392157541],[88.027157454,26.381964483],[88.0313743,26.37857654],[88.027165318,26.37117173],[88.02986092,26.364974127],[88.007651049,26.361181056],[88.002373856,26.366676485],[87.995408324,26.36624446],[87.991619102,26.392658044],[87.965768764,26.397266556],[87.927197021,26.417988195],[87.926016706,26.427793448],[87.915963534,26.431935722],[87.925350019,26.440106932],[87.924810091,26.445634318],[87.898688759,26.44886532],[87.909619402,26.457880734],[87.900030451,26.477554918],[87.888091222,26.486804527],[87.885560525,26.476580306],[87.858103848,26.463669247],[87.861373563,26.449002578],[87.850958923,26.445377831],[87.848650289,26.436573115],[87.82818697,26.440226871],[87.829665495,26.450320709],[87.81716316,26.459163844],[87.786505476,26.468176952],[87.788581541,26.461576499],[87.77383831,26.450539195],[87.777727479,26.442771376],[87.77292518,26.436169989],[87.777768749,26.435942907],[87.772545611,26.430185438],[87.775379433,26.427333611],[87.770498244,26.427592377],[87.776014645,26.425346607],[87.773027135,26.420545095],[87.776165014,26.421868474],[87.772702448,26.419590048],[87.771002177,26.421973123],[87.767548063,26.418949824],[87.76462519,26.41038614],[87.75379807,26.408254757],[87.747439052,26.417941679],[87.739092571,26.417671367],[87.733639177,26.407865371],[87.722844713,26.412652327],[87.722319136,26.419307303],[87.711132649,26.427441898],[87.698455577,26.428294162],[87.692047305,26.435722404],[87.675447434,26.436210255],[87.67282035,26.449872647],[87.657764626,26.460316223],[87.659731815,26.471481538],[87.650027106,26.481168462],[87.642617798,26.50752704],[87.640566081,26.529528715],[87.645886274,26.549269779],[87.640884652,26.575684955],[87.635732899,26.580539253],[87.642134622,26.583935946],[87.638330442,26.591742637]]]]}},{"type":"Feature","properties":{"slug":"jumla"},"geometry":{"type":"MultiPolygon","coordinates":[[[[81.909806624,29.203269796],[81.901352025,29.21386969],[81.894321795,29.213937151],[81.875517121,29.227150849],[81.868747631,29.225773948],[81.859115487,29.240993895],[81.849921615,29.244537564],[81.846873884,29.263427319],[81.859652531,29.273238825],[81.879365165,29.27284888],[81.882538133,29.285538236],[81.897199107,29.297661303],[81.895892295,29.307653287],[81.907412346,29.321966044],[81.930308592,29.332908083],[81.924389289,29.384639661],[81.930368417,29.394790855],[81.928776069,29.433389593],[81.938212844,29.44382737],[81.964360865,29.445848727],[81.979366094,29.465210933],[81.979124549,29.473003199],[82.006158985,29.472993198],[82.014287395,29.461532322],[82.041159531,29.48283976],[82.057040803,29.4792975],[82.068806863,29.483962539],[82.084853967,29.481545613],[82.09334062,29.464431647],[82.102002293,29.458696804],[82.130159678,29.470346793],[82.14259466,29.45712533],[82.145613369,29.447112308],[82.139422189,29.438154936],[82.143646151,29.429202957],[82.152754137,29.42695242],[82.161072372,29.417021652],[82.177084048,29.414494863],[82.180839236,29.406973619],[82.194429995,29.411155855],[82.2101248,29.410847291],[82.213750814,29.406923709],[82.222268307,29.419074754],[82.222101032,29.428506181],[82.239689007,29.438880771],[82.247415055,29.433404704],[82.266783077,29.445024327],[82.294353736,29.442842169],[82.301349818,29.461247672],[82.299116701,29.470545832],[82.306221894,29.478728605],[82.301614462,29.481958362],[82.300546635,29.494066526],[82.316930106,29.506645768],[82.339842777,29.504247255],[82.345786157,29.494006673],[82.363602232,29.490430885],[82.385942414,29.501828385],[82.410557889,29.46391497],[82.411225345,29.451300596],[82.42666628,29.449261944],[82.432449039,29.443381138],[82.448005047,29.450068985],[82.452814496,29.464524827],[82.495917957,29.493618348],[82.501658237,29.483672548],[82.500351574,29.475144202],[82.505636686,29.470765312],[82.500324341,29.457755764],[82.502363102,29.445667923],[82.510880391,29.435044101],[82.512982684,29.420723969],[82.541764392,29.420776063],[82.558479353,29.41149692],[82.548128407,29.380337868],[82.568116029,29.365468105],[82.574861257,29.337623674],[82.590515152,29.326377822],[82.590732619,29.303113807],[82.556914952,29.287055383],[82.550507894,29.279843275],[82.551989017,29.265770109],[82.530951229,29.250080083],[82.540240832,29.243887105],[82.534146981,29.236659691],[82.543118194,29.226863419],[82.545720987,29.21225213],[82.582203808,29.19066491],[82.571072295,29.171718515],[82.514472137,29.156388511],[82.472268543,29.163763664],[82.460835222,29.156917452],[82.446349549,29.157708424],[82.433205419,29.146227619],[82.434321022,29.139194665],[82.417082916,29.136240759],[82.413652367,29.123398593],[82.418184168,29.110862449],[82.41182956,29.095581344],[82.352449739,29.116553245],[82.323167334,29.11006094],[82.301386366,29.11979223],[82.285648136,29.115938368],[82.278186627,29.127521748],[82.264523905,29.121493807],[82.265206865,29.115120097],[82.269732833,29.113990141],[82.26268535,29.107184239],[82.254100217,29.1099443],[82.236644869,29.101300924],[82.22881129,29.105732841],[82.219820666,29.090236034],[82.201053612,29.089006951],[82.203501493,29.080619266],[82.198468369,29.073367621],[82.180633123,29.06186682],[82.167475714,29.069344005],[82.147842133,29.048211826],[82.146693318,29.032588265],[82.138583621,29.031813663],[82.125462941,29.015591554],[82.118725562,29.01451325],[82.123025895,28.994603348],[82.100278352,28.984442732],[82.095344324,28.974436532],[82.078369967,28.969394769],[82.049248339,28.981142341],[82.042982169,28.98933618],[82.044437847,29.003481196],[82.039293521,29.011959399],[82.01166565,29.029624252],[82.017328241,29.051693399],[82.012219876,29.072657376],[82.019432394,29.083375538],[82.014677464,29.094773099],[81.98087433,29.107746177],[81.957773488,29.128040033],[81.947918057,29.129278533],[81.950171086,29.142119553],[81.94407391,29.149479909],[81.926464856,29.157328311],[81.903672209,29.157253884],[81.8958344,29.167887659],[81.900829227,29.185254043],[81.908227795,29.188070943],[81.909806624,29.203269796]]]]}},{"type":"Feature","properties":{"slug":"kailali"},"geometry":{"type":"MultiPolygon","coordinates":[[[[80.538492026,28.765312804],[80.536432847,28.770782956],[80.54839476,28.772001048],[80.550112176,28.778408908],[80.538577501,28.790317032],[80.538782947,28.796016002],[80.531199096,28.796653101],[80.526203819,28.806035789],[80.511094926,28.815147443],[80.518023035,28.819688539],[80.514308234,28.823419959],[80.518375923,28.831927775],[80.515312228,28.835126814],[80.507730804,28.832451035],[80.507967537,28.839510379],[80.496535233,28.854898114],[80.502527337,28.863970713],[80.507862284,28.896862138],[80.503188566,28.911683695],[80.510713637,28.921420249],[80.505018602,28.925482363],[80.487964634,28.924414757],[80.481684673,28.93684283],[80.468198046,28.93884973],[80.488421431,28.977522477],[80.490012976,28.984760568],[80.484278012,28.996579267],[80.500684135,28.993280086],[80.514553241,28.997158953],[80.535531048,29.014016065],[80.534262912,29.029766074],[80.546923982,29.038514346],[80.54471155,29.04941586],[80.557280755,29.05826212],[80.561171755,29.068159677],[80.566036372,29.062206732],[80.572614311,29.064442977],[80.587777163,29.053486752],[80.593131035,29.054761823],[80.5984996,29.047780543],[80.606692969,29.048533385],[80.611600466,29.057674588],[80.617029332,29.058761678],[80.634271712,29.036003771],[80.656604818,29.022146718],[80.674401159,29.020758566],[80.678077929,29.015482106],[80.703650343,29.009608157],[80.720939458,29.007224719],[80.738175359,29.010866402],[80.761585354,29.002836443],[80.76120544,28.988939927],[80.782589833,28.985100675],[80.803117299,28.97235531],[80.806473866,28.96691461],[80.803814471,28.959574826],[80.809753295,28.955051385],[80.805440796,28.944941339],[80.811063638,28.938078051],[80.815797414,28.939111013],[80.816802148,28.931562107],[80.832156159,28.936700629],[80.839884262,28.950312764],[80.836902831,28.95578859],[80.856368387,28.977613417],[80.866253241,28.968882168],[80.882948694,28.966211126],[80.885399933,28.957830502],[80.881244159,28.94404824],[80.894526378,28.934435866],[80.898706474,28.935763294],[80.897491279,28.942656197],[80.901488706,28.936611312],[80.906471152,28.940449765],[80.911464874,28.931001148],[80.924863229,28.942976571],[80.954087486,28.935780047],[80.969005111,28.941387835],[81.00753271,28.927549299],[81.02159655,28.919460544],[81.051521728,28.876911456],[81.058799543,28.873477307],[81.072301088,28.876807165],[81.072889576,28.864891348],[81.089168393,28.862885115],[81.102441317,28.844824156],[81.126012435,28.851662066],[81.129074234,28.865241776],[81.143390406,28.873098037],[81.149195637,28.852719011],[81.157725237,28.844418956],[81.152998484,28.830417639],[81.174131722,28.835005292],[81.181797966,28.825073878],[81.203417349,28.816761678],[81.206695514,28.825259115],[81.195210385,28.833061242],[81.199000095,28.861181793],[81.204641041,28.86337966],[81.208556149,28.847199093],[81.233707887,28.829920775],[81.229915118,28.816793575],[81.242118307,28.810852847],[81.239083285,28.803066471],[81.225914519,28.795161914],[81.232669875,28.786054724],[81.247766864,28.779688822],[81.250753929,28.770086754],[81.247245118,28.760932062],[81.261103232,28.745879452],[81.256124231,28.729984868],[81.272835272,28.726234493],[81.26651443,28.704218148],[81.281411126,28.694622918],[81.287743084,28.648645273],[81.248651967,28.594146902],[81.168115092,28.524227378],[81.160173661,28.501465016],[81.147308521,28.498237779],[81.114837712,28.472580066],[81.109008055,28.461476336],[81.090639619,28.456973274],[81.0858675,28.438422936],[81.068599228,28.425857761],[81.059567019,28.409950311],[81.067385954,28.394510965],[81.034885686,28.41342862],[81.032382507,28.398816944],[81.016804725,28.415832423],[81.033827848,28.427989194],[81.029639747,28.438618281],[81.019267138,28.43174829],[81.01304969,28.438289231],[81.017519059,28.451700729],[80.999765867,28.454068414],[80.989240178,28.441711806],[80.977911576,28.442556462],[80.979154599,28.434414671],[80.965272616,28.437847681],[80.968144645,28.442947056],[80.964895496,28.444676605],[80.979894356,28.455321239],[80.967105626,28.457055921],[80.964137646,28.449650946],[80.951802602,28.447598672],[80.951653495,28.455654798],[80.932336756,28.45866278],[80.94530519,28.466190179],[80.942602583,28.468503743],[80.930641627,28.457680663],[80.917644295,28.459807555],[80.919621838,28.463815395],[80.914532527,28.467875393],[80.915700342,28.457706039],[80.905770437,28.465848224],[80.901479955,28.485758884],[80.908669479,28.497637181],[80.896162675,28.505713653],[80.87589605,28.509822896],[80.861621265,28.504207493],[80.865603391,28.489626522],[80.855342602,28.497171257],[80.844535471,28.495471845],[80.815521829,28.520720643],[80.78905118,28.524427038],[80.784596896,28.52934259],[80.789584935,28.543432215],[80.769581618,28.549766069],[80.768020142,28.565679257],[80.738454778,28.574274784],[80.738805361,28.565939752],[80.724572719,28.574860936],[80.714675734,28.567944084],[80.690323684,28.58713619],[80.695766503,28.603431927],[80.677440543,28.604404739],[80.679607935,28.620521764],[80.670807572,28.628400923],[80.66765929,28.641949123],[80.651282892,28.633973854],[80.64156132,28.643328615],[80.633322533,28.63737582],[80.611622268,28.639356936],[80.606299415,28.652423529],[80.589770175,28.647795073],[80.597642851,28.656016653],[80.580236887,28.661339634],[80.590460022,28.679785912],[80.542749512,28.696448596],[80.538732131,28.716054343],[80.548346952,28.711624684],[80.550462039,28.71974389],[80.559526692,28.72290939],[80.550791777,28.733751711],[80.53857113,28.737714756],[80.55691863,28.753853721],[80.54499516,28.751903385],[80.538492026,28.765312804]]]]}},{"type":"Feature","properties":{"slug":"kalikot"},"geometry":{"type":"MultiPolygon","coordinates":[[[[81.577860842,29.134824609],[81.565558792,29.126165443],[81.552418853,29.12858423],[81.534846599,29.137227378],[81.533332771,29.146585546],[81.524673283,29.152757542],[81.499096598,29.151756736],[81.495256767,29.168876148],[81.487322403,29.173017468],[81.490767166,29.185039077],[81.482109204,29.200603506],[81.487040893,29.226975165],[81.499627909,29.238870468],[81.491211853,29.26169772],[81.47763629,29.264011637],[81.468066587,29.271904334],[81.483867047,29.279618882],[81.500002291,29.29732525],[81.507966781,29.314621046],[81.523885536,29.315134772],[81.52891216,29.32610906],[81.547374366,29.338258042],[81.558454575,29.357917535],[81.567027767,29.347850467],[81.576288741,29.362869558],[81.613673748,29.370800439],[81.625599028,29.368875154],[81.643691416,29.355532709],[81.64194946,29.334464471],[81.647748145,29.321466517],[81.670046306,29.316912867],[81.678303601,29.321486174],[81.690920582,29.320593678],[81.703192669,29.330616716],[81.740254236,29.334302745],[81.752315533,29.35182233],[81.749681569,29.366575226],[81.761095658,29.38661469],[81.76652737,29.385755782],[81.768838752,29.392252079],[81.789346322,29.389042158],[81.797921582,29.407094333],[81.806220188,29.453581151],[81.841567781,29.461592882],[81.866782793,29.460679937],[81.884821513,29.443450798],[81.921584603,29.444444209],[81.930901767,29.437560981],[81.927429801,29.402692137],[81.930368417,29.394790855],[81.924389289,29.384639661],[81.930308592,29.332908083],[81.907412346,29.321966044],[81.895892295,29.307653287],[81.897199107,29.297661303],[81.882538133,29.285538236],[81.879365165,29.27284888],[81.859652531,29.273238825],[81.847868134,29.26639618],[81.846289484,29.258766434],[81.849921615,29.244537564],[81.859115487,29.240993895],[81.868747631,29.225773948],[81.875517121,29.227150849],[81.908853772,29.205779985],[81.908227795,29.188070943],[81.900829227,29.185254043],[81.894672659,29.172839744],[81.903672209,29.157253884],[81.926464856,29.157328311],[81.94407391,29.149479909],[81.950171086,29.142119553],[81.947918057,29.129278533],[81.957773488,29.128040033],[81.98087433,29.107746177],[82.017100057,29.09205476],[82.018100633,29.076551156],[82.012150458,29.0721233],[82.017328241,29.051693399],[82.01166565,29.029624252],[82.007313101,29.030502861],[82.000378181,29.015577282],[81.985972252,29.01265667],[81.984397639,29.002874185],[81.95797166,28.985459697],[81.920006767,28.977665346],[81.909988719,28.986740428],[81.900558144,28.982091796],[81.888787766,28.984358114],[81.874323765,28.971683474],[81.864806695,28.971011908],[81.84824861,28.972310565],[81.841627603,28.981298326],[81.819049612,28.984701706],[81.793127843,29.005174326],[81.795020815,29.013617501],[81.782913703,29.017642839],[81.766803069,29.018401177],[81.75127957,29.010264541],[81.730205363,29.021763062],[81.715915023,29.020096277],[81.71535409,29.027899542],[81.702324041,29.032026359],[81.690570522,29.049738362],[81.651099497,29.040077989],[81.630624483,29.046681226],[81.613392242,29.03350629],[81.598832081,29.045453045],[81.563745092,29.053678251],[81.566015548,29.089350013],[81.578575009,29.108528825],[81.582195312,29.124023488],[81.58078768,29.135594701],[81.577860842,29.134824609]]]]}},{"type":"Feature","properties":{"slug":"kanchanpur"},"geometry":{"type":"MultiPolygon","coordinates":[[[[80.261348239,28.75009374],[80.250242073,28.757993309],[80.216155387,28.755433586],[80.171043075,28.782409598],[80.118217653,28.828847949],[80.075086299,28.824410926],[80.064849753,28.837400965],[80.058584301,28.916451361],[80.100349096,28.986498714],[80.118041123,28.981718807],[80.126909354,29.006068126],[80.135690883,29.007320424],[80.124672491,29.013100315],[80.136581728,29.058927027],[80.128597475,29.061099542],[80.144753993,29.103424944],[80.184465661,29.137313227],[80.188516611,29.112500795],[80.185968597,29.087233075],[80.211144142,29.06745673],[80.211651041,29.057277566],[80.223280345,29.056001012],[80.227745018,29.045585042],[80.255144968,29.052967111],[80.265016128,29.052238796],[80.272581566,29.045878234],[80.293610455,29.057038998],[80.31274513,29.058293359],[80.324974627,29.051380591],[80.348717152,29.053963382],[80.355710591,29.04450954],[80.360523817,29.047981522],[80.3780703,29.043403599],[80.386792232,29.047476947],[80.420342471,29.026498629],[80.459681984,29.037494759],[80.460941967,29.031578455],[80.468190253,29.02989295],[80.468970819,29.018802187],[80.478150951,29.018068929],[80.471834646,28.996846779],[80.479770544,28.993945272],[80.481616622,28.996828461],[80.485731725,28.998240566],[80.489923453,28.983002982],[80.480836777,28.957626624],[80.468198049,28.938657998],[80.481684673,28.93684283],[80.487964634,28.924414757],[80.505018602,28.925482363],[80.510713637,28.921420249],[80.503188566,28.911683695],[80.507862284,28.896862138],[80.502527337,28.863970713],[80.496535233,28.854898114],[80.507967537,28.839510379],[80.507730804,28.832451035],[80.515312228,28.835126814],[80.518375923,28.831927775],[80.514308234,28.823419959],[80.518023035,28.819688539],[80.511094926,28.815147443],[80.526203819,28.806035789],[80.531199096,28.796653101],[80.538782947,28.796016002],[80.538577501,28.790317032],[80.550112176,28.778408908],[80.548631976,28.772134914],[80.536218318,28.770513791],[80.541087561,28.756347797],[80.548258236,28.750569861],[80.55691863,28.753853721],[80.550087963,28.744047492],[80.538222037,28.738739969],[80.550791777,28.733751711],[80.559526692,28.72290939],[80.550462039,28.71974389],[80.549290131,28.711945916],[80.538332644,28.714728774],[80.542749512,28.696448596],[80.554262094,28.690793137],[80.539901177,28.690695411],[80.506210943,28.671049776],[80.503585703,28.665271847],[80.521670847,28.576957233],[80.530778179,28.572323711],[80.523008594,28.553044538],[80.517691523,28.551872959],[80.506495797,28.568125061],[80.48117629,28.58542371],[80.468623785,28.583085404],[80.47172256,28.590634488],[80.460366313,28.613843627],[80.464398123,28.614994318],[80.451690831,28.628686452],[80.418493818,28.639083088],[80.376435459,28.628385837],[80.360824164,28.63557267],[80.357282943,28.640733084],[80.360456315,28.645428996],[80.32599738,28.666406069],[80.317378484,28.699891529],[80.293749531,28.711376552],[80.277671682,28.710026114],[80.256299553,28.729434487],[80.264633976,28.737896419],[80.261348239,28.75009374]]]]}},{"type":"Feature","properties":{"slug":"kapilvastu"},"geometry":{"type":"MultiPolygon","coordinates":[[[[83.219689601,27.587896433],[83.20588712,27.570858595],[83.208853904,27.564348416],[83.204296465,27.559889006],[83.215615254,27.550199858],[83.233054945,27.514236428],[83.218952623,27.479879405],[83.223400226,27.468873714],[83.22740269,27.469071878],[83.216939342,27.443935632],[83.23134853,27.430828272],[83.225477415,27.428564331],[83.221639043,27.41843282],[83.210557975,27.424394623],[83.187918208,27.454486517],[83.164544764,27.457710021],[83.034194415,27.448939053],[82.954273239,27.468006213],[82.929494527,27.501237479],[82.87041458,27.498669957],[82.832507893,27.502122371],[82.801992374,27.496586079],[82.735846603,27.502601939],[82.736833954,27.518109668],[82.743169068,27.516775127],[82.742119507,27.521200897],[82.749529801,27.522892095],[82.747282138,27.531625145],[82.742096259,27.5321649],[82.738230806,27.552115721],[82.74714975,27.555117945],[82.743629557,27.56096974],[82.751350575,27.565328013],[82.74779281,27.572025604],[82.755880206,27.58780678],[82.734952625,27.609701376],[82.733119896,27.619013128],[82.736740739,27.621771364],[82.730837488,27.624079448],[82.736738538,27.626179464],[82.736331673,27.643190284],[82.728162973,27.645644511],[82.731444224,27.649078806],[82.7256404,27.658457747],[82.720435428,27.657371962],[82.720385172,27.661716503],[82.711802448,27.665136011],[82.715916221,27.668122671],[82.718344561,27.687494377],[82.705945702,27.702913427],[82.708382684,27.724728473],[82.696158703,27.75671995],[82.722984517,27.758551714],[82.735210824,27.776122656],[82.781902425,27.777512112],[82.783520851,27.769368877],[82.798051576,27.773910914],[82.805187693,27.780537596],[82.804316742,27.795056135],[82.840653274,27.790353068],[82.898929166,27.793697138],[82.929910812,27.784372921],[82.960692432,27.795646512],[82.996473195,27.792892516],[83.01972384,27.820686811],[83.016088765,27.810095974],[83.020726612,27.808436941],[83.022499178,27.798410129],[83.033045172,27.79332018],[83.034566924,27.781766441],[83.049924724,27.769006507],[83.052548591,27.756735723],[83.058288127,27.764303428],[83.066191435,27.757906935],[83.066764052,27.764536901],[83.074871337,27.764882422],[83.086633774,27.774867054],[83.089933272,27.771299363],[83.089277349,27.782408467],[83.093441281,27.783022408],[83.100029396,27.769296689],[83.108496368,27.770497636],[83.12161402,27.761834798],[83.127034418,27.768991536],[83.143693653,27.760669217],[83.178026789,27.758714008],[83.185810582,27.754103413],[83.212357254,27.759362688],[83.217878492,27.736424478],[83.215495539,27.72713835],[83.222710034,27.715569005],[83.22172906,27.704030102],[83.229268589,27.695122145],[83.227958514,27.667267219],[83.220642127,27.645711573],[83.23053917,27.625452365],[83.231706362,27.609471645],[83.219689601,27.587896433]]]]}},{"type":"Feature","properties":{"slug":"kaski"},"geometry":{"type":"MultiPolygon","coordinates":[[[[83.822160659,28.256410019],[83.820043174,28.260666723],[83.800925106,28.26066506],[83.76562114,28.273924318],[83.774501419,28.285354907],[83.761590314,28.292947206],[83.774462906,28.309068239],[83.746557099,28.327620373],[83.737702361,28.343217688],[83.726107927,28.349019858],[83.727641329,28.356456638],[83.718566942,28.368298169],[83.723135884,28.375253788],[83.705110805,28.387933169],[83.700620391,28.398562691],[83.759657248,28.394237601],[83.757302158,28.405556342],[83.745311133,28.402705422],[83.731856535,28.420283297],[83.736308661,28.437868505],[83.753511582,28.458412258],[83.754701229,28.474856144],[83.772555288,28.480477524],[83.801598836,28.515481757],[83.813574551,28.518271371],[83.828153239,28.533324401],[83.827665074,28.541921355],[83.81025789,28.558944279],[83.801257311,28.57687081],[83.808962843,28.589434025],[83.819331021,28.595388199],[83.829849858,28.595446917],[83.872530465,28.613383486],[83.887527081,28.60682288],[83.939021346,28.601130192],[83.963784003,28.605308065],[83.989568895,28.584458374],[84.013478383,28.587219364],[84.030948455,28.572627221],[84.059842264,28.563471819],[84.085250104,28.538502686],[84.124484798,28.534702579],[84.137381164,28.539393912],[84.162464659,28.512195166],[84.185313407,28.50616501],[84.189089054,28.489151875],[84.218389325,28.485694648],[84.226282367,28.48077272],[84.261731161,28.482019847],[84.278699427,28.470852821],[84.26632753,28.451595636],[84.246405514,28.441900774],[84.244868698,28.424180367],[84.229623212,28.415988253],[84.224561723,28.402354607],[84.215009229,28.394018219],[84.212350615,28.386214266],[84.217253432,28.378093895],[84.217654796,28.36025253],[84.210632503,28.352969835],[84.205514619,28.328059654],[84.198074072,28.320636965],[84.195672638,28.305078223],[84.186851077,28.291901663],[84.210979624,28.265585684],[84.21417318,28.244263176],[84.210378823,28.211973246],[84.201499377,28.199596236],[84.190664392,28.1960967],[84.194329553,28.188400645],[84.205790066,28.189444164],[84.218771502,28.180889331],[84.213356392,28.172358524],[84.219759868,28.165081535],[84.220977573,28.149498972],[84.228599858,28.140550028],[84.218895495,28.13263566],[84.217403491,28.123825689],[84.229274089,28.101831809],[84.225997954,28.09590811],[84.219023994,28.099919575],[84.211343619,28.094744802],[84.191300606,28.094688437],[84.179088606,28.101283775],[84.158439628,28.097223327],[84.144741343,28.106168241],[84.114265973,28.106086469],[84.105145479,28.110515739],[84.078956653,28.091588624],[84.069690534,28.077740992],[84.058306287,28.088259862],[84.047710717,28.084189383],[84.037730781,28.091583622],[84.041891348,28.094944004],[84.030487021,28.100084237],[84.02573223,28.096245264],[84.027036189,28.105474819],[84.012373581,28.105661954],[84.014987015,28.110444684],[83.998864574,28.121705789],[84.0019589,28.131968901],[83.990110929,28.134736781],[83.980139344,28.143410465],[83.960872943,28.138801655],[83.930260996,28.14395366],[83.92353166,28.149682848],[83.927174399,28.16063828],[83.923559668,28.168510071],[83.90537387,28.177119322],[83.890873097,28.194615821],[83.877444497,28.192377697],[83.870615558,28.197707108],[83.856044577,28.194044409],[83.837262425,28.21230221],[83.824187696,28.214352638],[83.816764272,28.210051856],[83.798387438,28.228559641],[83.822541531,28.250684609],[83.822160659,28.256410019]]]]}},{"type":"Feature","properties":{"slug":"kathmandu"},"geometry":{"type":"MultiPolygon","coordinates":[[[[85.369990906,27.689170862],[85.357082246,27.682629615],[85.352033776,27.667977098],[85.326558455,27.686171488],[85.303032758,27.69199402],[85.298835664,27.677841411],[85.291678961,27.672888803],[85.297581468,27.668046583],[85.296915392,27.660772975],[85.287380798,27.650563425],[85.287398853,27.644641395],[85.282358597,27.643912003],[85.293069009,27.633981131],[85.293684308,27.612636305],[85.290130785,27.61190019],[85.294486242,27.604209638],[85.28552689,27.593637942],[85.279939842,27.595440253],[85.279400489,27.588627667],[85.285153909,27.585975634],[85.265931635,27.570448525],[85.259433664,27.577478407],[85.239750439,27.581123013],[85.242994074,27.594681848],[85.237509564,27.601794353],[85.237138067,27.616231447],[85.221889067,27.628900868],[85.233157163,27.649878735],[85.188644352,27.680937789],[85.196350259,27.709192999],[85.200038293,27.708084971],[85.197208374,27.716341495],[85.207295596,27.722775954],[85.217402771,27.722229416],[85.221548169,27.727959093],[85.213525794,27.737033211],[85.220723244,27.735722319],[85.251095832,27.748952872],[85.255158377,27.744891428],[85.267172647,27.745708986],[85.269557709,27.760817666],[85.263015119,27.770830723],[85.251577172,27.775015723],[85.268346619,27.782124668],[85.297474585,27.812232183],[85.332276482,27.815189859],[85.345310391,27.808733528],[85.361708801,27.814043255],[85.372700699,27.80912494],[85.391766759,27.817260395],[85.420712404,27.809559687],[85.44859305,27.817652667],[85.467696387,27.797243378],[85.467810964,27.783772778],[85.473045954,27.77802788],[85.533489742,27.791914004],[85.551210254,27.781011463],[85.565651441,27.764513933],[85.564085534,27.754969014],[85.538269083,27.754768473],[85.525181304,27.736564899],[85.52513885,27.725637192],[85.51223889,27.72788802],[85.475042795,27.715757318],[85.436655429,27.727785546],[85.410310937,27.71732543],[85.411727115,27.711799887],[85.395642073,27.701037843],[85.388602808,27.702015451],[85.384861245,27.692686539],[85.375949067,27.694740273],[85.369990906,27.689170862]]]]}},{"type":"Feature","properties":{"slug":"kavrepalanchok"},"geometry":{"type":"MultiPolygon","coordinates":[[[[85.418108625,27.444566127],[85.406698193,27.447503992],[85.443409002,27.480182164],[85.438850725,27.489451573],[85.440479575,27.532159402],[85.436948035,27.541589499],[85.424885771,27.540576707],[85.415817184,27.548267307],[85.40364554,27.545223445],[85.386920569,27.563050763],[85.401736402,27.573450697],[85.405798271,27.587251901],[85.402528648,27.602092705],[85.417067389,27.606519983],[85.414992432,27.599448646],[85.42162432,27.59273948],[85.42882016,27.596879601],[85.426923409,27.603071265],[85.433315617,27.60055097],[85.435670272,27.608313937],[85.420480095,27.620191874],[85.436249575,27.62330504],[85.454047004,27.63711953],[85.463348077,27.625543844],[85.47719191,27.645108692],[85.481374289,27.642393191],[85.493429928,27.652412866],[85.491672793,27.65808939],[85.503189747,27.689540758],[85.521298007,27.694319127],[85.519483745,27.718536361],[85.525461533,27.726267764],[85.525181304,27.736564899],[85.538543296,27.754931529],[85.550017226,27.756935918],[85.554100474,27.749164495],[85.567414807,27.744789107],[85.580276254,27.749841741],[85.595610411,27.744164692],[85.603929653,27.748796726],[85.615803317,27.73175114],[85.644160606,27.718309315],[85.654910777,27.720031713],[85.679792036,27.700166595],[85.681053232,27.685830963],[85.687337362,27.684810033],[85.693974933,27.663511365],[85.70627967,27.652310947],[85.706013989,27.641712266],[85.70798173,27.653639793],[85.705296464,27.656391815],[85.709577807,27.654852523],[85.720671794,27.666223877],[85.720333442,27.661255379],[85.72470753,27.662371789],[85.734722785,27.676678424],[85.745808983,27.677995178],[85.769001142,27.667742232],[85.791991294,27.665014047],[85.812590182,27.669052092],[85.821875304,27.655651759],[85.817392388,27.644083157],[85.842240306,27.626113805],[85.857138269,27.632673842],[85.866994735,27.629025458],[85.87531297,27.616335294],[85.880523417,27.61596004],[85.863182582,27.594867261],[85.846515918,27.585098731],[85.846529857,27.579045897],[85.826659851,27.575910471],[85.823253259,27.565921307],[85.828568462,27.546728986],[85.81584649,27.523808135],[85.81890115,27.517860092],[85.8051311,27.51126089],[85.797516644,27.500287306],[85.813985963,27.473974178],[85.814677893,27.464033078],[85.809401122,27.462318706],[85.80927385,27.45515678],[85.821516639,27.451030789],[85.803101379,27.438713645],[85.790807899,27.443356465],[85.773494238,27.398217206],[85.727191041,27.412037896],[85.714413774,27.40644756],[85.696348971,27.372701211],[85.695437585,27.363898668],[85.70437186,27.357254408],[85.704119315,27.345899666],[85.69252331,27.338202287],[85.672672228,27.344465028],[85.660990711,27.334864693],[85.650841447,27.33356683],[85.635196468,27.35362416],[85.622922262,27.344849618],[85.578146155,27.34467384],[85.570713467,27.340530526],[85.564593061,27.344776672],[85.560042707,27.339380955],[85.533206446,27.356725158],[85.523177904,27.349986971],[85.51426888,27.350357168],[85.503853989,27.357083649],[85.510262924,27.364894555],[85.505971999,27.364388468],[85.501422053,27.372729462],[85.487230594,27.376474772],[85.472611898,27.370137289],[85.47895494,27.376213098],[85.4736,27.377154053],[85.4697629,27.388496727],[85.462747376,27.385919781],[85.458603985,27.395077083],[85.448093202,27.38791349],[85.443419285,27.401802111],[85.432655545,27.403431354],[85.431756332,27.410490396],[85.419502978,27.402798822],[85.417244079,27.412420863],[85.409410323,27.417406978],[85.413894197,27.425284534],[85.410544599,27.433358632],[85.415398798,27.43512549],[85.41125915,27.438549117],[85.418108625,27.444566127]]]]}},{"type":"Feature","properties":{"slug":"khotang"},"geometry":{"type":"MultiPolygon","coordinates":[[[[86.6831269,27.31412613],[86.678266593,27.343179223],[86.683496335,27.381036958],[86.680914535,27.390227973],[86.684297853,27.39262057],[86.741155309,27.397539185],[86.751753427,27.394489827],[86.77055972,27.411505523],[86.788602949,27.407468133],[86.803778417,27.415387446],[86.810791599,27.430749395],[86.821800764,27.440240497],[86.837182276,27.430665365],[86.857309225,27.435525037],[86.871292683,27.428237116],[86.891182243,27.435153978],[86.906408676,27.433003436],[86.910437585,27.407586008],[86.920022474,27.389915554],[86.930697883,27.384654895],[86.923835588,27.370648326],[86.93155831,27.357344264],[86.946745449,27.351858829],[86.951217492,27.343265918],[86.948680414,27.336281553],[86.985337434,27.308317795],[86.965704148,27.295746248],[86.965535166,27.284597356],[86.948244889,27.266170805],[86.912330248,27.266782434],[86.895117617,27.249788948],[86.900675586,27.249474822],[86.913207962,27.231844787],[86.928340864,27.223242936],[86.929688378,27.203168169],[86.916465319,27.184658259],[86.91285117,27.170095294],[86.92276986,27.156566973],[86.917164004,27.129017181],[86.906720735,27.126366107],[86.894793475,27.11496478],[86.92336863,27.091784758],[86.946210345,27.085912736],[86.96463905,27.058082759],[86.962065238,27.050468822],[86.953965717,27.048212129],[86.944688965,27.020404541],[86.967129388,27.007477383],[86.966007056,26.99202466],[86.957058114,26.985424273],[86.972365556,26.974028291],[86.972998211,26.957319022],[86.964666073,26.941535202],[86.965063694,26.927772794],[86.956088648,26.923205415],[86.951558138,26.90461022],[86.931391943,26.907733909],[86.914496585,26.895785417],[86.884969492,26.89854229],[86.862310325,26.895153009],[86.838509211,26.884558281],[86.834640539,26.875198287],[86.822801017,26.872284277],[86.805279282,26.872981039],[86.784645861,26.880876053],[86.779760412,26.887798236],[86.77215346,26.885017413],[86.773574771,26.896947638],[86.768475045,26.900581418],[86.760884029,26.924183086],[86.764493158,26.957544711],[86.760845358,26.970380206],[86.75493173,26.974404686],[86.753522683,27.005586728],[86.74719598,27.024378713],[86.726730573,27.039485841],[86.719998027,27.062156788],[86.710274989,27.067651886],[86.698000448,27.094637918],[86.678428546,27.107126792],[86.668813585,27.12005411],[86.640334773,27.133062284],[86.60549799,27.13972666],[86.58126557,27.152454869],[86.533189907,27.135122954],[86.514516603,27.114244357],[86.502407428,27.114569747],[86.492355948,27.104783878],[86.483821335,27.109640179],[86.475020762,27.102454789],[86.465768723,27.102377014],[86.459442668,27.105633619],[86.459667883,27.11767462],[86.445649959,27.132631746],[86.426474264,27.133285801],[86.437467967,27.144327885],[86.433712995,27.15140682],[86.442766358,27.161005561],[86.467864174,27.168237661],[86.473445891,27.176596016],[86.491211103,27.186754357],[86.511264542,27.186837005],[86.52525665,27.192742597],[86.54753469,27.218354024],[86.555571564,27.21894386],[86.552338801,27.221772054],[86.556967837,27.226850059],[86.586591277,27.223975759],[86.597485,27.234589882],[86.618737463,27.235037458],[86.62115391,27.246102582],[86.631007888,27.248267935],[86.634535687,27.256458834],[86.667959996,27.268498658],[86.670719683,27.272101824],[86.666726598,27.27704963],[86.672873854,27.288727389],[86.667249148,27.297550074],[86.676754373,27.29904123],[86.686140529,27.310186532],[86.6831269,27.31412613]]]]}},{"type":"Feature","properties":{"slug":"lalitpur"},"geometry":{"type":"MultiPolygon","coordinates":[[[[85.388883839,27.408183159],[85.368774037,27.424345201],[85.335339911,27.432048972],[85.329183785,27.438259817],[85.315853461,27.436082985],[85.313311555,27.444930152],[85.294912333,27.452247201],[85.263531416,27.4550012],[85.258180603,27.458993194],[85.257161918,27.468673936],[85.247265242,27.477017717],[85.244405608,27.48685254],[85.247764218,27.496602283],[85.234009427,27.504961688],[85.240755091,27.517684281],[85.250483482,27.521459474],[85.251149944,27.528194381],[85.231566035,27.537212757],[85.246974608,27.550401572],[85.254060665,27.569346863],[85.266641725,27.570662952],[85.284887449,27.585596846],[85.279400489,27.588627667],[85.279939842,27.595440253],[85.28552689,27.593637942],[85.294486242,27.604209638],[85.290130785,27.61190019],[85.293684308,27.612636305],[85.293069009,27.633981131],[85.282358597,27.643912003],[85.287398853,27.644641395],[85.287380798,27.650563425],[85.296915392,27.660772975],[85.297581468,27.668046583],[85.291678961,27.672888803],[85.306811914,27.693515007],[85.326558455,27.686171488],[85.347717383,27.669208042],[85.361027064,27.669127579],[85.360856935,27.661323839],[85.369263396,27.660857517],[85.369787519,27.654533593],[85.389554542,27.645047017],[85.396402885,27.632961087],[85.404332848,27.63251332],[85.435670272,27.608313937],[85.433207007,27.600479912],[85.425948122,27.602016406],[85.428876398,27.597167826],[85.424198662,27.593028933],[85.415272973,27.59871484],[85.417067389,27.606519983],[85.402528648,27.602092705],[85.405798271,27.587251901],[85.401736402,27.573450697],[85.386920569,27.563050763],[85.40364554,27.545223445],[85.415817184,27.548267307],[85.424885771,27.540576707],[85.436948035,27.541589499],[85.442802849,27.515992012],[85.438850725,27.489451573],[85.443446866,27.480468327],[85.406698193,27.447503992],[85.418108625,27.444566127],[85.41125915,27.438549117],[85.415398798,27.43512549],[85.410544599,27.433358632],[85.413894197,27.425284534],[85.409410323,27.417406978],[85.41865804,27.408284881],[85.405931885,27.403040081],[85.397526581,27.404834597],[85.394795062,27.411198984],[85.388883839,27.408183159]]]]}},{"type":"Feature","properties":{"slug":"lamjung"},"geometry":{"type":"MultiPolygon","coordinates":[[[[84.322820154,28.118977196],[84.309555651,28.107339174],[84.281305095,28.098312432],[84.277883531,28.093040108],[84.263824585,28.093397234],[84.253888508,28.08522851],[84.247955872,28.087876803],[84.24554067,28.082703298],[84.231855069,28.078916557],[84.225773499,28.095188796],[84.229274089,28.101831809],[84.217403491,28.123825689],[84.218895495,28.13263566],[84.228601435,28.139785223],[84.213356392,28.172358524],[84.218771502,28.180889331],[84.205790066,28.189444164],[84.194329553,28.188400645],[84.190708145,28.195636493],[84.201499377,28.199596236],[84.210378823,28.211973246],[84.21417318,28.244263176],[84.210979624,28.265585684],[84.196422135,28.277997702],[84.187469598,28.296176094],[84.195672638,28.305078223],[84.197509795,28.31951206],[84.205514619,28.328059654],[84.205458496,28.340953039],[84.217654796,28.36025253],[84.214028211,28.392063757],[84.224561723,28.402354607],[84.229623212,28.415988253],[84.244868698,28.424180367],[84.246405514,28.441900774],[84.269027382,28.456569286],[84.278819636,28.44708343],[84.288200236,28.445019954],[84.328015939,28.452916044],[84.374284169,28.453965237],[84.373247977,28.461101506],[84.398121741,28.456602496],[84.415794953,28.471477417],[84.416937108,28.490254845],[84.422965664,28.503295999],[84.432488813,28.510157961],[84.441817688,28.510267848],[84.461387839,28.500179579],[84.490734636,28.461617251],[84.531244741,28.473013354],[84.550685611,28.471498989],[84.568134987,28.482833233],[84.583058859,28.477103181],[84.598558425,28.452067086],[84.621524352,28.449329202],[84.63741725,28.439185193],[84.647020014,28.418622095],[84.660349991,28.409114737],[84.675818,28.387208103],[84.676307966,28.3764854],[84.694832436,28.360990857],[84.680473097,28.342862215],[84.669388025,28.342260593],[84.667670861,28.327819567],[84.663369805,28.321873476],[84.658498056,28.323043104],[84.659839423,28.314635391],[84.654960117,28.312551878],[84.646432774,28.293114322],[84.651481432,28.264464133],[84.632901235,28.229775116],[84.640024072,28.20331507],[84.632936116,28.18903363],[84.611989614,28.172558294],[84.60936935,28.159548185],[84.585462677,28.146240203],[84.586895114,28.142996708],[84.57611977,28.138189662],[84.574163245,28.130558886],[84.556291492,28.124746507],[84.551085927,28.109516557],[84.5408338,28.099747971],[84.530254277,28.099453081],[84.513666903,28.087974113],[84.497852063,28.085230363],[84.4784435,28.089349069],[84.479906431,28.080946805],[84.487801014,28.076731671],[84.484029322,28.076848783],[84.488110042,28.066738336],[84.482040069,28.055598877],[84.474084067,28.067834326],[84.467131653,28.069917975],[84.468761442,28.075493996],[84.457678652,28.090899904],[84.422001984,28.119283092],[84.395115991,28.129808903],[84.38888882,28.126532836],[84.359111369,28.12917021],[84.340673592,28.121977455],[84.329482664,28.12412777],[84.322820154,28.118977196]]]]}},{"type":"Feature","properties":{"slug":"mahottari"},"geometry":{"type":"MultiPolygon","coordinates":[[[[85.717580244,26.822696856],[85.680254528,26.843311367],[85.676197573,26.864465679],[85.683489262,26.872872676],[85.688971552,26.872488174],[85.687941314,26.881695092],[85.694841412,26.884743934],[85.697725108,26.896651551],[85.70971101,26.904247571],[85.705193447,26.905742679],[85.711432383,26.911835052],[85.705630851,26.920068916],[85.711624858,26.921125482],[85.707029711,26.924145077],[85.713449719,26.925464939],[85.711338488,26.932004388],[85.717571801,26.93487686],[85.719443374,26.947016314],[85.730634883,26.96372514],[85.747722771,27.034566009],[85.780881092,27.072417878],[85.786549189,27.092549058],[85.797722921,27.095106514],[85.794486681,27.100087457],[85.798853182,27.099565324],[85.80069874,27.106259323],[85.791910668,27.108065706],[85.797714841,27.114385365],[85.790861098,27.118286094],[85.797572425,27.123404249],[85.792418973,27.129647922],[85.793351625,27.137602106],[85.82533711,27.168433079],[85.843486652,27.160032999],[85.835654758,27.147092332],[85.853522039,27.138045492],[85.862467965,27.12717123],[85.886571984,27.145772724],[85.905595111,27.133851659],[85.900836372,27.127192609],[85.907148794,27.118124456],[85.936874151,27.09680565],[85.93487751,27.076886072],[85.945306458,27.061635783],[85.932013269,27.043004966],[85.917190335,27.042999973],[85.913984051,27.03768889],[85.922981535,27.035948568],[85.927006962,27.029014311],[85.911483548,27.00809941],[85.91367798,26.991282373],[85.90624776,26.960943751],[85.917914648,26.958978303],[85.917261348,26.950309248],[85.912898166,26.922852981],[85.905197866,26.91650073],[85.90034526,26.885292599],[85.895094229,26.877632191],[85.906486821,26.870442013],[85.916714779,26.87134435],[85.91981413,26.846404419],[85.91230811,26.806432891],[85.908773094,26.805342992],[85.908667011,26.785391878],[85.900679273,26.780835525],[85.892446904,26.762565255],[85.88248732,26.760018693],[85.879841759,26.752278958],[85.893567095,26.721111869],[85.886914743,26.697921245],[85.9063396,26.681454263],[85.903669711,26.671562154],[85.897000951,26.668701361],[85.905882939,26.664489752],[85.905449836,26.653791313],[85.863088451,26.627637307],[85.862115015,26.618319863],[85.852063331,26.614962871],[85.852625908,26.604303945],[85.850689323,26.608683653],[85.831204312,26.611365665],[85.830621831,26.601697007],[85.817512895,26.602813885],[85.803329191,26.61498777],[85.801396382,26.624339665],[85.769293523,26.629997337],[85.734171888,26.650591144],[85.736464697,26.664009246],[85.725445195,26.670472061],[85.723354579,26.686892328],[85.725997671,26.721371262],[85.734083354,26.737501342],[85.728724804,26.750059021],[85.734433264,26.795929621],[85.717580244,26.822696856]]]]}},{"type":"Feature","properties":{"slug":"makwanpur"},"geometry":{"type":"MultiPolygon","coordinates":[[[[84.726796692,27.444642083],[84.718932868,27.431265038],[84.664785375,27.429523479],[84.66777331,27.44470285],[84.681036042,27.448553209],[84.692020313,27.459498271],[84.686106157,27.462756261],[84.696793309,27.475419352],[84.691203512,27.496511369],[84.680672888,27.51333613],[84.683310242,27.54453349],[84.680000979,27.551580118],[84.690495158,27.564061595],[84.703169526,27.558524478],[84.709774021,27.56201508],[84.730964383,27.582073418],[84.738304238,27.603617219],[84.731660773,27.624219698],[84.722980442,27.626408615],[84.717361219,27.637450157],[84.721761025,27.646230935],[84.730015679,27.646372677],[84.727443388,27.649903631],[84.731588657,27.655930591],[84.745855272,27.655683087],[84.744012932,27.647309125],[84.753864358,27.654547815],[84.767216861,27.65658634],[84.769989016,27.668095347],[84.779887572,27.671656619],[84.792191576,27.686962434],[84.800116647,27.671442019],[84.829381727,27.692486585],[84.8657406,27.679830611],[84.879851765,27.668781516],[84.907262103,27.698586142],[84.919577311,27.694173173],[84.922429042,27.688703522],[84.951499736,27.68348939],[84.975801543,27.694751826],[84.979107943,27.702782656],[84.990143442,27.707877311],[85.013493113,27.707358667],[85.030803452,27.697759932],[85.038604445,27.705796334],[85.04266791,27.690212613],[85.053014349,27.69967299],[85.06249762,27.695332033],[85.065743093,27.703279931],[85.076121101,27.709117198],[85.094924257,27.711286741],[85.115462654,27.696386474],[85.12025278,27.683581015],[85.131214382,27.681028358],[85.141545211,27.671357831],[85.161767363,27.670745335],[85.173287476,27.679417304],[85.188519671,27.681471239],[85.233157163,27.649878735],[85.222658231,27.626204944],[85.236761732,27.617225197],[85.237509564,27.601794353],[85.242994074,27.594681848],[85.239750439,27.581123013],[85.259772609,27.577337736],[85.263061445,27.57088287],[85.253549555,27.568816777],[85.246974608,27.550401572],[85.231566035,27.537212757],[85.251149944,27.528194381],[85.250483482,27.521459474],[85.240755091,27.517684281],[85.234009427,27.504961688],[85.247764218,27.496602283],[85.244405608,27.48685254],[85.247487784,27.476564511],[85.257161918,27.468673936],[85.258788912,27.45833345],[85.268169781,27.453036951],[85.294912333,27.452247201],[85.313311555,27.444930152],[85.315853461,27.436082985],[85.329183785,27.438259817],[85.335339911,27.432048972],[85.368774037,27.424345201],[85.383892766,27.413416922],[85.384876746,27.408040231],[85.394795062,27.411198984],[85.397526581,27.404834597],[85.405931885,27.403040081],[85.417988684,27.40861884],[85.419954859,27.402652093],[85.432444933,27.410273551],[85.432655545,27.403431354],[85.442443462,27.402473222],[85.446744192,27.397133957],[85.448093202,27.38791349],[85.458603985,27.395077083],[85.462747376,27.385919781],[85.470024057,27.388272876],[85.4736,27.377154053],[85.47895494,27.376213098],[85.472281204,27.372644809],[85.467485746,27.358564176],[85.449833824,27.352188272],[85.446298792,27.336688162],[85.425260643,27.332654182],[85.41816206,27.321162282],[85.437262169,27.284163204],[85.448128356,27.284560906],[85.480598229,27.268210452],[85.4887229,27.250160068],[85.487761433,27.220761548],[85.503756737,27.222343978],[85.501453137,27.208197014],[85.510399229,27.198061499],[85.503834923,27.194059437],[85.488669763,27.198539605],[85.487095148,27.192862211],[85.49245762,27.187138244],[85.480473952,27.180589822],[85.489923831,27.171501909],[85.495184971,27.173679362],[85.494336586,27.170396891],[85.472268594,27.161899605],[85.452924318,27.168429399],[85.448103394,27.186788936],[85.397285044,27.197675587],[85.393486163,27.210423827],[85.38516388,27.207431461],[85.376593039,27.212102406],[85.359651168,27.210805938],[85.348749186,27.222184748],[85.337608324,27.219825656],[85.307395184,27.231840225],[85.261912336,27.226660087],[85.251520651,27.244982536],[85.242450769,27.248799488],[85.231797529,27.243399988],[85.208402508,27.245395187],[85.202454069,27.250256471],[85.195801167,27.245349992],[85.182147926,27.247343034],[85.177304705,27.249646751],[85.180959751,27.25459068],[85.155635868,27.262400706],[85.145278398,27.272976909],[85.144783265,27.282989068],[85.126395303,27.292918764],[85.117158657,27.317485483],[85.104075456,27.320066732],[85.094900606,27.332475478],[85.087061513,27.360930181],[85.070816774,27.364415112],[85.061477209,27.360450195],[85.05617543,27.365675018],[85.036488128,27.357402635],[85.024562739,27.358704455],[85.021495775,27.35210056],[85.003978008,27.35287059],[84.998880117,27.365591371],[84.981534347,27.362206025],[84.971913194,27.355148318],[84.964193418,27.36370768],[84.956767489,27.35918097],[84.951790678,27.367012377],[84.944954277,27.360242876],[84.940884704,27.365784503],[84.926235668,27.364233162],[84.908457572,27.377264465],[84.900819187,27.374985612],[84.896701274,27.385521478],[84.881850809,27.388077641],[84.876727798,27.397669514],[84.851893873,27.398574669],[84.840398697,27.414810157],[84.825275852,27.419622739],[84.810126112,27.415986579],[84.809331677,27.424411435],[84.793782986,27.436961941],[84.755314845,27.435727265],[84.726796692,27.444642083]]]]}},{"type":"Feature","properties":{"slug":"manang"},"geometry":{"type":"MultiPolygon","coordinates":[[[[84.186612296,28.50300707],[84.161786303,28.512674236],[84.137381164,28.539393912],[84.124484798,28.534702579],[84.085250104,28.538502686],[84.059842264,28.563471819],[84.030948455,28.572627221],[84.013478383,28.587219364],[83.989568895,28.584458374],[83.964005475,28.60524045],[83.939021346,28.601130192],[83.887527081,28.60682288],[83.871588281,28.613296855],[83.84980116,28.653764244],[83.811852439,28.682714568],[83.790514684,28.692092693],[83.7907155,28.696925189],[83.812704434,28.714261042],[83.83632346,28.724117701],[83.853966037,28.726755567],[83.864119476,28.722790709],[83.872136806,28.727158259],[83.878780904,28.737827089],[83.891184515,28.743758589],[83.89733245,28.77056019],[83.907546678,28.778515167],[83.923299233,28.779903832],[83.938937219,28.78849589],[83.94221706,28.806390947],[83.937619968,28.812369959],[83.938288084,28.824728357],[83.950365557,28.834796469],[83.959792273,28.83392508],[83.968595755,28.816716792],[83.99502812,28.813423514],[84.014023075,28.797619064],[84.02263543,28.801362978],[84.024504216,28.809571482],[84.047382135,28.822570476],[84.045886994,28.830265745],[84.051820742,28.842632756],[84.060761262,28.839127511],[84.084944981,28.849624825],[84.089079995,28.855433293],[84.084310609,28.866066054],[84.09172412,28.873478093],[84.090010949,28.879403604],[84.095804679,28.887405568],[84.115015309,28.880805866],[84.130628495,28.888644544],[84.13850116,28.879377713],[84.146372044,28.880247472],[84.157648189,28.872260258],[84.184782049,28.900452705],[84.24528017,28.890496527],[84.254246279,28.890398677],[84.26556342,28.897818862],[84.287818232,28.876992316],[84.315621145,28.869848913],[84.323620529,28.86272857],[84.34313951,28.873007561],[84.35701049,28.859416154],[84.375258186,28.864453544],[84.408950638,28.853615452],[84.407677402,28.84300328],[84.399345074,28.837354729],[84.400625235,28.830290148],[84.418889632,28.831622004],[84.43532521,28.820933685],[84.429622256,28.813356476],[84.432059111,28.801498665],[84.445366434,28.793223823],[84.445938889,28.782565185],[84.436592287,28.769398992],[84.451911203,28.764825531],[84.460413278,28.751354089],[84.480824075,28.746731839],[84.491881901,28.734782047],[84.481860329,28.718463132],[84.500989671,28.698848734],[84.520023023,28.694504248],[84.512636816,28.673638414],[84.5221855,28.663310574],[84.518768566,28.651899876],[84.531417799,28.646389332],[84.542741049,28.627322693],[84.541426256,28.598416315],[84.549093031,28.583728905],[84.54753374,28.562349083],[84.551791984,28.559263807],[84.547481217,28.554643098],[84.559427337,28.550177322],[84.560019111,28.532856163],[84.567266467,28.523105293],[84.570555232,28.510079348],[84.565011841,28.501214131],[84.564705548,28.486971426],[84.568134987,28.482833233],[84.550685611,28.471498989],[84.531244741,28.473013354],[84.490734636,28.461617251],[84.461387839,28.500179579],[84.444766813,28.509340042],[84.432488813,28.510157961],[84.422965664,28.503295999],[84.417175376,28.490939911],[84.415794953,28.471477417],[84.398121741,28.456602496],[84.373247977,28.461101506],[84.374284169,28.453965237],[84.328015939,28.452916044],[84.288200236,28.445019954],[84.278819636,28.44708343],[84.269027382,28.456569286],[84.278699427,28.470852821],[84.266517741,28.480365948],[84.23339635,28.484016097],[84.226282367,28.48077272],[84.218389325,28.485694648],[84.189089054,28.489151875],[84.186612296,28.50300707]]]]}},{"type":"Feature","properties":{"slug":"morang"},"geometry":{"type":"MultiPolygon","coordinates":[[[[87.251917679,26.506524524],[87.254118546,26.519882085],[87.250561773,26.522020899],[87.247523113,26.515732457],[87.246119482,26.521566049],[87.255416299,26.529359843],[87.254029824,26.536570003],[87.260860361,26.534456744],[87.266166804,26.548756152],[87.277750457,26.559119011],[87.284008833,26.559169866],[87.291285328,26.576589724],[87.285451665,26.593074746],[87.300921608,26.615839029],[87.300991594,26.630565369],[87.28493796,26.651893851],[87.28635516,26.663058838],[87.289326931,26.670244512],[87.293891202,26.667983102],[87.303980643,26.676733264],[87.314002028,26.705712783],[87.32164922,26.711646211],[87.319483779,26.716089722],[87.325096262,26.715084159],[87.330082563,26.72896847],[87.339257082,26.736628149],[87.338369278,26.752976703],[87.323938925,26.774646117],[87.323502463,26.786981343],[87.349116284,26.820475113],[87.346764478,26.825548939],[87.353938937,26.839120003],[87.347485105,26.849678465],[87.368982716,26.845763125],[87.384393357,26.853649145],[87.391958232,26.865865397],[87.400844198,26.863369647],[87.421410436,26.870526073],[87.429081157,26.86361169],[87.449215531,26.864336671],[87.452865068,26.858196398],[87.460522443,26.864210008],[87.471994946,26.861847981],[87.473963378,26.867523269],[87.502427556,26.87353775],[87.507501047,26.869651992],[87.50931008,26.857575644],[87.52039779,26.862215185],[87.531208623,26.857355116],[87.539718136,26.863408613],[87.558490578,26.86349819],[87.57318488,26.857003896],[87.59961228,26.862196977],[87.622055491,26.842904378],[87.634363825,26.840563927],[87.642124986,26.83028234],[87.647835481,26.831023502],[87.652482774,26.818921017],[87.661373144,26.815149881],[87.656044084,26.79830307],[87.679214398,26.781538886],[87.663140187,26.760814906],[87.675527835,26.752389363],[87.685360509,26.757631394],[87.690911756,26.753581159],[87.678349899,26.730264718],[87.65517477,26.716135224],[87.652873365,26.685759831],[87.642342589,26.666505696],[87.64190488,26.650226919],[87.653968502,26.633530151],[87.655436137,26.615929335],[87.647300793,26.608325978],[87.646683055,26.600029252],[87.638417176,26.597649749],[87.642134622,26.583935946],[87.635708648,26.580692802],[87.640884652,26.575684955],[87.645886274,26.549269779],[87.640566081,26.529528715],[87.642617798,26.50752704],[87.650027106,26.481168462],[87.659731815,26.471481538],[87.657764626,26.460316223],[87.67282035,26.449872647],[87.672039067,26.441702905],[87.67923214,26.435948595],[87.678319508,26.415901006],[87.65025728,26.405960186],[87.651830471,26.393593662],[87.626660525,26.393803136],[87.612114041,26.390253251],[87.607187934,26.381250071],[87.587125251,26.382211571],[87.587758316,26.392684174],[87.552824539,26.405814731],[87.547530444,26.418614277],[87.516379508,26.431010652],[87.466164038,26.440403768],[87.44302762,26.433150056],[87.427762321,26.422502403],[87.388515149,26.419145947],[87.376084576,26.407112902],[87.368677573,26.408152182],[87.356382212,26.388281884],[87.353350137,26.372106925],[87.358307357,26.361140715],[87.340973755,26.347837071],[87.312333947,26.371559074],[87.30132373,26.366353961],[87.289451667,26.373807419],[87.265879709,26.373959185],[87.266142935,26.405719051],[87.256257658,26.411216277],[87.249973756,26.409534939],[87.242532527,26.418475095],[87.248147943,26.432319049],[87.244223922,26.442417601],[87.247048814,26.453750164],[87.244981586,26.465222003],[87.238590435,26.470034973],[87.251917679,26.506524524]]]]}},{"type":"Feature","properties":{"slug":"mugu"},"geometry":{"type":"MultiPolygon","coordinates":[[[[82.042955656,29.483094074],[82.014287395,29.461532322],[82.006158985,29.472993198],[81.979124549,29.473003199],[81.979366094,29.465210933],[81.964360865,29.445848727],[81.938212844,29.44382737],[81.930920017,29.437375874],[81.921584603,29.444444209],[81.884821513,29.443450798],[81.866782793,29.460679937],[81.841567781,29.461592882],[81.832693021,29.456515049],[81.807682168,29.453996319],[81.803913744,29.47516722],[81.788049593,29.500048358],[81.762492115,29.505371574],[81.780625695,29.509188712],[81.777292756,29.517355276],[81.792890138,29.530604744],[81.790388366,29.540552964],[81.799016915,29.559231265],[81.798540858,29.576599378],[81.790465495,29.595765406],[81.777923889,29.599768608],[81.773772973,29.605828669],[81.776566962,29.616523765],[81.7901181,29.627416801],[81.82447841,29.619967534],[81.852986021,29.619430912],[81.872512757,29.635078773],[81.889777373,29.667487903],[81.917711244,29.663792448],[81.92183319,29.673597583],[81.930623476,29.677659073],[81.938048988,29.672705641],[81.946824868,29.675173843],[81.992847231,29.704245437],[82.015392446,29.73579441],[82.045295639,29.750979399],[82.060347105,29.746218058],[82.061254933,29.728366248],[82.068032636,29.724734685],[82.073212699,29.713366326],[82.08047446,29.713090703],[82.081894598,29.705241711],[82.09270104,29.699428783],[82.092958992,29.689911243],[82.101272672,29.686308198],[82.098118268,29.680722991],[82.100789428,29.665716063],[82.113700273,29.652928444],[82.102785909,29.634829927],[82.142620078,29.645846264],[82.156198493,29.658275164],[82.169564435,29.653947195],[82.184272345,29.658313742],[82.192571555,29.653218962],[82.201719302,29.660175251],[82.21484941,29.65533514],[82.219171979,29.663642485],[82.234353859,29.662766718],[82.237074136,29.668235369],[82.232508142,29.674570272],[82.235818145,29.680407771],[82.231379188,29.683811826],[82.231762137,29.700542761],[82.245983746,29.697716852],[82.261497656,29.702876776],[82.282020111,29.692339119],[82.297558586,29.69717426],[82.313154173,29.712295562],[82.323866991,29.710634996],[82.339584996,29.715891852],[82.361521559,29.702666469],[82.392521253,29.696518802],[82.411083637,29.714183848],[82.414287676,29.732040343],[82.397531539,29.761231862],[82.411475572,29.77113757],[82.412792954,29.777789902],[82.404050598,29.787149709],[82.400943428,29.805368703],[82.406041125,29.810979625],[82.422674174,29.807127913],[82.437755722,29.814571368],[82.439863876,29.82421193],[82.429881907,29.835210628],[82.435783909,29.845281392],[82.435031718,29.860782611],[82.455105157,29.860962009],[82.46260836,29.86535558],[82.459330625,29.881518513],[82.44762809,29.888699294],[82.455382429,29.897246727],[82.467865878,29.89886963],[82.474308472,29.906677239],[82.471287249,29.920332036],[82.487525436,29.928459944],[82.497634566,29.947367437],[82.514153588,29.952190036],[82.529737528,29.971177101],[82.563098209,29.955229339],[82.566678844,29.932482343],[82.584781646,29.921314158],[82.602397733,29.88907482],[82.642007606,29.870989037],[82.640528901,29.86294527],[82.631328281,29.856510802],[82.631737608,29.849643453],[82.620331629,29.845057154],[82.620985876,29.837308267],[82.63972157,29.833896486],[82.676067799,29.843325134],[82.697211492,29.855366438],[82.710599857,29.838845123],[82.72661905,29.835331251],[82.737148285,29.813558511],[82.710269855,29.792805251],[82.694125777,29.791194353],[82.69609088,29.781662713],[82.686510658,29.773494089],[82.690095054,29.763153111],[82.697734478,29.761688235],[82.711074643,29.768965873],[82.719022112,29.766160816],[82.723825497,29.770548725],[82.744877083,29.769480446],[82.758571332,29.7601284],[82.766748996,29.742478174],[82.76294292,29.731206737],[82.797642674,29.719065823],[82.81672583,29.721876528],[82.821234951,29.716161068],[82.814881713,29.705396045],[82.827132906,29.689841682],[82.827180492,29.649550204],[82.806251427,29.638742843],[82.798392483,29.639515343],[82.794315378,29.631568839],[82.796216709,29.613949141],[82.809501366,29.592933926],[82.807646554,29.58659999],[82.819223123,29.559474134],[82.803217018,29.551516018],[82.781574612,29.514382857],[82.7318785,29.507783498],[82.726368519,29.500218187],[82.728561781,29.490498189],[82.723526554,29.479337783],[82.735320979,29.467907334],[82.725298078,29.448938647],[82.717205943,29.444905031],[82.714848388,29.431719853],[82.690260855,29.425232913],[82.687246879,29.412615985],[82.673138176,29.402482664],[82.660928223,29.401893605],[82.659215015,29.395423809],[82.642073473,29.385376248],[82.623936322,29.398260035],[82.626886757,29.413629143],[82.623085816,29.424697493],[82.586237306,29.422608719],[82.580760546,29.416185927],[82.558959414,29.411429933],[82.541764392,29.420776063],[82.513113857,29.420540487],[82.510764652,29.435315698],[82.502363102,29.445667923],[82.500324341,29.457755764],[82.505636686,29.470765312],[82.500351574,29.475144202],[82.501658237,29.483672548],[82.495917957,29.493618348],[82.452814496,29.464524827],[82.448005047,29.450068985],[82.432449039,29.443381138],[82.42666628,29.449261944],[82.411225345,29.451300596],[82.410557889,29.46391497],[82.385942414,29.501828385],[82.363602232,29.490430885],[82.345786157,29.494006673],[82.339842777,29.504247255],[82.316930106,29.506645768],[82.300546635,29.494066526],[82.301614462,29.481958362],[82.306221894,29.478728605],[82.299116701,29.470545832],[82.301349818,29.461247672],[82.293941798,29.442510069],[82.266783077,29.445024327],[82.247415055,29.433404704],[82.239689007,29.438880771],[82.222101032,29.428506181],[82.222268307,29.419074754],[82.213750814,29.406923709],[82.2101248,29.410847291],[82.194429995,29.411155855],[82.184098557,29.406157553],[82.177084048,29.414494863],[82.161072372,29.417021652],[82.152754137,29.42695242],[82.143646151,29.429202957],[82.139422189,29.438154936],[82.145613369,29.447112308],[82.14259466,29.45712533],[82.130159678,29.470346793],[82.102002293,29.458696804],[82.09334062,29.464431647],[82.09061797,29.475959091],[82.08343427,29.482396202],[82.068196321,29.483938095],[82.057040803,29.4792975],[82.042955656,29.483094074]]]]}},{"type":"Feature","properties":{"slug":"mustang"},"geometry":{"type":"MultiPolygon","coordinates":[[[[83.504455788,28.79338498],[83.486933482,28.790588802],[83.487749462,28.803788358],[83.480105578,28.817205203],[83.481653604,28.844727637],[83.491997634,28.846507185],[83.497970737,28.842660337],[83.501838233,28.846200277],[83.506033465,28.865239646],[83.499503447,28.877269268],[83.546226223,28.921892817],[83.556516655,28.933774658],[83.558675264,28.944903043],[83.566990213,28.943402224],[83.580072609,28.956214808],[83.589043084,28.980771697],[83.598540301,28.98581822],[83.609288777,28.980312376],[83.615040418,28.987754252],[83.616985287,29.006236689],[83.611965653,29.014799817],[83.616565476,29.01895943],[83.612575503,29.036020934],[83.61901106,29.045827664],[83.619639886,29.059761198],[83.631534615,29.064962337],[83.630746715,29.08107546],[83.615389147,29.09781336],[83.628883268,29.106907849],[83.649922621,29.104536671],[83.651455632,29.119138004],[83.660251029,29.124497294],[83.680435413,29.123510048],[83.675812404,29.149025674],[83.662882309,29.156757577],[83.666110738,29.169758799],[83.65740385,29.176170259],[83.663583043,29.184119368],[83.658133837,29.18751397],[83.655907183,29.204018032],[83.684243046,29.213158247],[83.711281199,29.244628187],[83.721857268,29.24161213],[83.740645338,29.245504935],[83.762098425,29.240029524],[83.771484454,29.246957466],[83.786754223,29.245965358],[83.8022991,29.256404007],[83.794519725,29.277453999],[83.807865501,29.285919298],[83.812763761,29.302099812],[83.848095076,29.297649026],[83.856713287,29.309913837],[83.887408742,29.320177491],[83.898039145,29.318870904],[83.904782843,29.325787431],[83.946755297,29.31658713],[83.962933809,29.331358517],[83.998959403,29.315020973],[83.999518937,29.306604886],[83.987783335,29.30053645],[84.010610749,29.294416527],[84.015752378,29.289034569],[84.026409273,29.285651413],[84.030154643,29.293282069],[84.043870287,29.300849944],[84.068784846,29.285343122],[84.087794539,29.29463898],[84.120146742,29.279761643],[84.117537902,29.276834092],[84.121664981,29.270384101],[84.112381411,29.263068041],[84.112335948,29.248173024],[84.116340922,29.244221427],[84.141186673,29.236247933],[84.157412093,29.241780898],[84.179358984,29.2378067],[84.192639836,29.244230268],[84.201023495,29.240116631],[84.199734843,29.213982627],[84.188322976,29.205819747],[84.177528816,29.206839912],[84.164339618,29.194900803],[84.16681893,29.190365585],[84.162287785,29.185305785],[84.169260382,29.172184548],[84.165942208,29.164180092],[84.173395417,29.149855438],[84.174807054,29.130917236],[84.200964868,29.124028943],[84.201712864,29.103833903],[84.18613621,29.080798822],[84.189684095,29.046996147],[84.22157054,29.053524905],[84.242289376,29.044319311],[84.247865858,29.037314353],[84.247866363,29.012715636],[84.238280244,28.98774922],[84.241806757,28.976177341],[84.231475921,28.959727941],[84.220480925,28.915689819],[84.225466189,28.903592509],[84.223481687,28.892246584],[84.184784282,28.900453406],[84.157648512,28.872260443],[84.146373619,28.880247508],[84.138502368,28.879378241],[84.130632113,28.888644203],[84.115673688,28.881087076],[84.095802696,28.887405646],[84.090010949,28.879403604],[84.091722651,28.873478487],[84.084310609,28.866066054],[84.089079995,28.855433293],[84.084942981,28.849624971],[84.060761192,28.839127725],[84.051585104,28.842845549],[84.045886994,28.830265745],[84.047382135,28.822570476],[84.036900244,28.813164789],[84.025290352,28.81021633],[84.023253316,28.801980913],[84.014671489,28.797531344],[83.99502812,28.813423514],[83.967619313,28.817222177],[83.959792273,28.83392508],[83.950365557,28.834796469],[83.938288084,28.824728357],[83.937619968,28.812369959],[83.94221706,28.806390947],[83.938937219,28.78849589],[83.923299233,28.779903832],[83.907546678,28.778515167],[83.89733245,28.77056019],[83.891184515,28.743758589],[83.878780904,28.737827089],[83.87203001,28.727078156],[83.864119476,28.722790709],[83.853966037,28.726755567],[83.83632346,28.724117701],[83.812704434,28.714261042],[83.789264829,28.693257067],[83.776900391,28.688772728],[83.744492028,28.690191473],[83.73671136,28.67251661],[83.72789315,28.667007621],[83.730040165,28.654830508],[83.706474997,28.639881087],[83.697304042,28.617400825],[83.685938156,28.613705302],[83.672474798,28.576831806],[83.656775844,28.564839262],[83.637791584,28.566556957],[83.642617431,28.573072317],[83.620907034,28.576003316],[83.61295049,28.584017139],[83.59665619,28.589334094],[83.579690059,28.583478042],[83.569346542,28.593781212],[83.561633772,28.619138874],[83.564677241,28.632138213],[83.561488347,28.644290673],[83.543729301,28.654863776],[83.540700514,28.671728863],[83.527556512,28.688450761],[83.539708334,28.697244918],[83.537244102,28.711146266],[83.55870202,28.746312953],[83.55375863,28.757029284],[83.556130906,28.764553117],[83.548899002,28.775456316],[83.508201417,28.788174641],[83.504455788,28.79338498]],[[83.61818971,29.043790652],[83.618407118,29.04383409],[83.619407945,29.043796547],[83.618975547,29.043836624],[83.61840342,29.043834708],[83.618133263,29.043796624],[83.61818971,29.043790652]],[[83.619654473,29.043773698],[83.619791567,29.04375401],[83.619407945,29.043796547],[83.619654473,29.043773698]],[[83.620014465,29.043721374],[83.62107864,29.043417544],[83.622005994,29.042853572],[83.619791567,29.04375401],[83.620014465,29.043721374]],[[83.622118455,29.042782006],[83.622433819,29.042538122],[83.622005994,29.042853572],[83.622118455,29.042782006]],[[83.622689507,29.042339355],[83.622867125,29.042183467],[83.622433819,29.042538122],[83.622689507,29.042339355]],[[83.623003359,29.042063016],[83.623286504,29.041834567],[83.622867125,29.042183467],[83.623003359,29.042063016]],[[83.623840433,29.041386086],[83.62401558,29.041244049],[83.623286504,29.041834567],[83.623840433,29.041386086]],[[83.624033205,29.041229597],[83.624090654,29.041188535],[83.62401558,29.041244049],[83.624033205,29.041229597]],[[83.624628025,29.04080409],[83.625154711,29.040498751],[83.625265719,29.040396793],[83.625154589,29.040499167],[83.624090654,29.041188535],[83.624628025,29.04080409]],[[83.625856411,29.039852646],[83.625987695,29.039712072],[83.625265719,29.040396793],[83.625856411,29.039852646]],[[83.626257895,29.039419055],[83.626384724,29.039278008],[83.625987695,29.039712072],[83.626257895,29.039419055]],[[83.626474323,29.039175609],[83.626657409,29.038889536],[83.626905734,29.038573337],[83.626476433,29.039176018],[83.626384724,29.039278008],[83.626474323,29.039175609]],[[83.627059247,29.03830692],[83.62730373,29.03751131],[83.627577328,29.037011298],[83.628159764,29.036250439],[83.628160251,29.036121956],[83.628160249,29.036250032],[83.627305847,29.037510661],[83.627061724,29.038307854],[83.626905734,29.038573337],[83.627059247,29.03830692]],[[83.628160252,29.036101273],[83.628305198,29.035750355],[83.628387079,29.035514166],[83.628306629,29.03575005],[83.628160251,29.036121956],[83.628160252,29.036101273]],[[83.628404247,29.035463828],[83.628518288,29.035264928],[83.628387079,29.035514166],[83.628404247,29.035463828]],[[83.628610345,29.035103829],[83.628610832,29.035103523],[83.628518288,29.035264928],[83.628610345,29.035103829]],[[83.628610851,29.035103489],[83.628877443,29.034934947],[83.629179716,29.034850146],[83.629421851,29.034822025],[83.628610851,29.035103489]],[[83.629441842,29.034819673],[83.629563901,29.034619421],[83.629566194,29.034620467],[83.629445494,29.034819279],[83.629421851,29.034822025],[83.629441842,29.034819673]],[[83.629567169,29.034618862],[83.629826319,29.034736917],[83.632491081,29.034163499],[83.629823263,29.03473767],[83.629567169,29.034618862]],[[83.63271443,29.033925259],[83.632958546,29.033459913],[83.633003958,29.033338979],[83.632491081,29.034163499],[83.63271443,29.033925259]],[[83.63313047,29.032993128],[83.633276581,29.032695845],[83.63344685,29.032315412],[83.633003958,29.033338979],[83.63313047,29.032993128]],[[83.633449943,29.032305776],[83.633447003,29.032315071],[83.63344685,29.032315412],[83.633449943,29.032305776]],[[83.633544683,29.032006288],[83.633690764,29.031774206],[83.633449943,29.032305776],[83.633544683,29.032006288]],[[83.633690903,29.031773983],[83.634903827,29.03101304],[83.635034422,29.030896136],[83.63490727,29.031012964],[83.633690903,29.031773983]],[[83.635137367,29.030801549],[83.635271149,29.030675541],[83.635034422,29.030896136],[83.635137367,29.030801549]],[[83.635437823,29.030515276],[83.635582766,29.030336004],[83.636433647,29.029745797],[83.635271149,29.030675541],[83.635437823,29.030515276]],[[83.636663686,29.029585248],[83.637329855,29.029097552],[83.637680875,29.028906763],[83.638044922,29.028844949],[83.636663686,29.029585248]],[[83.638046757,29.028844633],[83.638149231,29.028868601],[83.638044922,29.028844949],[83.638046757,29.028844633]],[[83.638285044,29.028899398],[83.638634178,29.029164254],[83.638716828,29.029194337],[83.638634134,29.029165047],[83.638283235,29.028899944],[83.638149231,29.028868601],[83.638285044,29.028899398]],[[83.638817214,29.029229894],[83.639305423,29.029569378],[83.640319986,29.030040464],[83.640549225,29.03022535],[83.640316434,29.030039573],[83.639303268,29.029569852],[83.638716828,29.029194337],[83.638817214,29.029229894]],[[83.64055661,29.030231243],[83.640556461,29.030231186],[83.640549225,29.03022535],[83.64055661,29.030231243]],[[83.640735042,29.030299926],[83.640557398,29.030231872],[83.64055661,29.030231243],[83.640735042,29.030299926]],[[83.641618934,29.030638538],[83.641837089,29.030684777],[83.640735042,29.030299926],[83.641618934,29.030638538]],[[83.64192193,29.030702278],[83.642020259,29.030769147],[83.641837089,29.030684777],[83.64192193,29.030702278]],[[83.642113614,29.03083159],[83.642234285,29.030831905],[83.64223442,29.030831971],[83.642112636,29.030831969],[83.642020259,29.030769147],[83.642113614,29.03083159]],[[83.642234691,29.030831971],[83.642464265,29.030944754],[83.64223442,29.030831971],[83.642234691,29.030831971]],[[83.642668597,29.031045017],[83.642700023,29.031058834],[83.642464265,29.030944754],[83.642668597,29.031045017]],[[83.642959378,29.031171458],[83.643249253,29.031310687],[83.643268815,29.031317126],[83.643247388,29.031310563],[83.642957868,29.031172197],[83.642700023,29.031058834],[83.642959378,29.031171458]],[[83.643633646,29.031428871],[83.644291996,29.031430631],[83.644591104,29.031300566],[83.643268815,29.031317126],[83.643633646,29.031428871]],[[83.644607102,29.031293542],[83.644674163,29.031285923],[83.644591104,29.031300566],[83.644607102,29.031293542]],[[83.644775747,29.031274031],[83.644774927,29.031274473],[83.644674163,29.031285923],[83.644775747,29.031274031]],[[83.645331804,29.030976963],[83.645621686,29.03078625],[83.645865798,29.030574558],[83.645996061,29.030481512],[83.644775747,29.031274031],[83.645331804,29.030976963]],[[83.646131768,29.030384318],[83.646187205,29.03034072],[83.645996061,29.030481512],[83.646131768,29.030384318]],[[83.646491333,29.030099681],[83.64674924,29.029969873],[83.646187205,29.03034072],[83.646491333,29.030099681]],[[83.64699154,29.029739141],[83.647366681,29.029528104],[83.647632772,29.029391183],[83.647844638,29.0293238],[83.64699154,29.029739141]],[[83.64793311,29.029294877],[83.648734096,29.028903919],[83.648993462,29.028810471],[83.649014557,29.028806471],[83.64793311,29.029294877]],[[83.649211447,29.028768202],[83.649213758,29.028768693],[83.649014557,29.028806471],[83.649211447,29.028768202]],[[83.649214685,29.028768517],[83.649512191,29.028831458],[83.649802066,29.02896115],[83.650046173,29.028982133],[83.650284144,29.029149808],[83.649214685,29.028768517]],[[83.650381655,29.029217866],[83.650671364,29.029313361],[83.650750106,29.029367204],[83.650381816,29.029218627],[83.650284144,29.029149808],[83.650381655,29.029217866]],[[83.650938682,29.029495176],[83.651518433,29.029739303],[83.651808308,29.029880438],[83.65289153,29.03012648],[83.653007906,29.030159733],[83.650938682,29.029495176]],[[83.653156762,29.030201817],[83.653463124,29.030259891],[83.653007906,29.030159733],[83.653156762,29.030201817]],[[83.653494168,29.030265712],[83.654020525,29.0302867],[83.655180034,29.030439291],[83.656399382,29.030422218],[83.655179171,29.030439389],[83.653494168,29.030265712]],[[83.656400573,29.030422145],[83.656812504,29.030454573],[83.656839891,29.030452128],[83.656809889,29.03045485],[83.656400573,29.030422145]],[[83.657027547,29.030435105],[83.6576559,29.030402931],[83.658042575,29.030320413],[83.656839891,29.030452128],[83.657027547,29.030435105]],[[83.658054371,29.030316209],[83.658042724,29.030320381],[83.658042575,29.030320413],[83.658054371,29.030316209]],[[83.658399304,29.030192648],[83.658822185,29.030184781],[83.658054371,29.030316209],[83.658399304,29.030192648]],[[84.051202835,28.84309619],[84.050922126,28.84316769],[84.051585104,28.842845549],[84.051202835,28.84309619]],[[84.050801387,28.843199195],[84.050770088,28.843199961],[84.050922126,28.84316769],[84.050801387,28.843199195]],[[84.050523908,28.843206795],[84.050277925,28.843201666],[84.050770088,28.843199961],[84.050523908,28.843206795]],[[84.050158285,28.843199497],[84.050024881,28.843145544],[84.050277925,28.843201666],[84.050158285,28.843199497]],[[84.049722933,28.843023694],[84.049387289,28.842823436],[84.049035726,28.842633974],[84.050024881,28.843145544],[84.049722933,28.843023694]],[[84.049035135,28.842633657],[84.048600078,28.842209689],[84.048110716,28.84165267],[84.047472755,28.841378523],[84.049035135,28.842633657]],[[84.047350544,28.841326273],[84.04663348,28.841213739],[84.046024085,28.841106564],[84.047472755,28.841378523],[84.047350544,28.841326273]],[[84.045733173,28.841055688],[84.045609914,28.840980761],[84.046024085,28.841106564],[84.045733173,28.841055688]],[[84.045115445,28.840681613],[84.044622635,28.840496793],[84.045609914,28.840980761],[84.045115445,28.840681613]],[[84.044428799,28.840424476],[84.044279779,28.840341041],[84.044622635,28.840496793],[84.044428799,28.840424476]],[[84.043261769,28.839773771],[84.042704902,28.839550622],[84.040790181,28.839621158],[84.040381923,28.839591845],[84.044279779,28.840341041],[84.043261769,28.839773771]],[[84.040018221,28.839566361],[84.039339155,28.839589156],[84.040381923,28.839591845],[84.040018221,28.839566361]],[[84.038394868,28.83984426],[84.03747946,28.840052127],[84.037222729,28.840177925],[84.039339155,28.839589156],[84.038394868,28.83984426]],[[84.036717648,28.840426793],[84.036183367,28.840850857],[84.037222729,28.840177925],[84.036717648,28.840426793]],[[84.035862225,28.841106769],[84.035708237,28.841253539],[84.036183367,28.840850857],[84.035862225,28.841106769]],[[84.035255507,28.841688216],[84.034535777,28.842396765],[84.033856668,28.843019573],[84.033791493,28.843045136],[84.035255507,28.841688216]],[[84.033306678,28.843237042],[84.032531097,28.843617375],[84.033791493,28.843045136],[84.033306678,28.843237042]],[[84.032512086,28.843626746],[84.032142675,28.843722695],[84.032531097,28.843617375],[84.032512086,28.843626746]],[[84.031437714,28.84390643],[84.03109849,28.844023853],[84.032142675,28.843722695],[84.031437714,28.84390643]],[[84.03084555,28.844112113],[84.030367269,28.844353825],[84.03109849,28.844023853],[84.03084555,28.844112113]],[[84.029866256,28.844608245],[84.028241381,28.846235039],[84.027596861,28.847106486],[84.030367269,28.844353825],[84.029866256,28.844608245]],[[84.027327956,28.847471874],[84.026892354,28.847926228],[84.027596861,28.847106486],[84.027327956,28.847471874]],[[84.026784326,28.848039202],[84.026357134,28.848180327],[84.025901989,28.848344523],[84.026892354,28.847926228],[84.026784326,28.848039202]],[[84.025756898,28.84839714],[84.025431077,28.84870232],[84.025901989,28.848344523],[84.025756898,28.84839714]],[[84.025197607,28.848922199],[84.024053323,28.850325861],[84.023701878,28.850605421],[84.024050276,28.850326185],[84.024715579,28.849457588],[84.025195651,28.848922832],[84.025431077,28.84870232],[84.025197607,28.848922199]],[[84.02355196,28.850725578],[84.022460966,28.851553672],[84.022208378,28.851809748],[84.023701878,28.850605421],[84.02355196,28.850725578]],[[84.021802917,28.852223463],[84.020620492,28.853627124],[84.02052139,28.853994745],[84.022208378,28.851809748],[84.021802917,28.852223463]],[[84.02038731,28.854504681],[84.021035197,28.855749827],[84.020980879,28.856410766],[84.020905013,28.856672119],[84.02038731,28.854504681]],[[84.020895066,28.856707159],[84.020895073,28.856706362],[84.020905013,28.856672119],[84.020895066,28.856707159]],[[84.02089495,28.856719868],[84.020895051,28.856707213],[84.020895066,28.856707159],[84.02089495,28.856719868]],[[84.020887403,28.857672243],[84.020893375,28.857853002],[84.02089495,28.856719868],[84.020887403,28.857672243]],[[84.020904355,28.858134355],[84.020947188,28.858592115],[84.020893375,28.857853002],[84.020904355,28.858134355]],[[84.021001799,28.859154118],[84.020910248,28.85965761],[84.020926368,28.859811589],[84.020909137,28.859657028],[84.020999759,28.85915395],[84.020947188,28.858592115],[84.021001799,28.859154118]],[[84.020949873,28.860022432],[84.021049916,28.860358591],[84.021004481,28.860541323],[84.020931131,28.86060134],[84.020949873,28.860022432]],[[84.020879715,28.860645526],[84.020705417,28.860639936],[84.020931131,28.86060134],[84.020879715,28.860645526]],[[84.020578786,28.860636121],[84.020368741,28.860440725],[84.020705417,28.860639936],[84.020578786,28.860636121]],[[84.020269451,28.860349904],[84.01994144,28.859934135],[84.019651573,28.859409658],[84.019544787,28.858858483],[84.019554273,28.858705562],[84.020269451,28.860349904]],[[84.019559464,28.85861279],[84.019469953,28.858494668],[84.019554273,28.858705562],[84.019559464,28.85861279]],[[84.019193896,28.858133751],[84.01804967,28.856667118],[84.015909451,28.856345263],[84.018050768,28.856666133],[84.019193896,28.858133751]],[[84.015709588,28.856404747],[84.015537684,28.856463243],[84.015909451,28.856345263],[84.015709588,28.856404747]],[[84.015341601,28.856531667],[84.015118564,28.856683612],[84.015537684,28.856463243],[84.015341601,28.856531667]],[[84.015039234,28.856738705],[84.015036752,28.856739347],[84.015118564,28.856683612],[84.015039234,28.856738705]],[[84.015036463,28.856739544],[84.014874489,28.856781302],[84.015036752,28.856739347],[84.015036463,28.856739544]],[[84.01479489,28.856801883],[84.01450499,28.856889933],[84.014067344,28.857243822],[84.014874489,28.856781302],[84.01479489,28.856801883]],[[84.013937965,28.857393687],[84.013403976,28.857529088],[84.013090346,28.857566506],[84.014067344,28.857243822],[84.013937965,28.857393687]],[[84.013069483,28.857569035],[84.013069145,28.857569035],[84.013090346,28.857566506],[84.013069483,28.857569035]],[[84.013068327,28.857569133],[84.012778449,28.857569129],[84.012569413,28.857557802],[84.012779583,28.857569031],[84.013068327,28.857569133]],[[84.012317397,28.857544338],[84.011792093,28.857512771],[84.011626932,28.857521812],[84.012569413,28.857557802],[84.012317397,28.857544338]],[[84.011504512,28.857529058],[84.01109258,28.857529051],[84.010751409,28.857539385],[84.011090249,28.857528634],[84.011502194,28.85752864],[84.011626932,28.857521812],[84.011504512,28.857529058]],[[84.010592191,28.857544437],[84.010460685,28.857571978],[84.010751409,28.857539385],[84.010592191,28.857544437]],[[84.010367884,28.857591978],[84.009925438,28.85763965],[84.009791977,28.857680865],[84.009921779,28.857639293],[84.010460685,28.857571978],[84.010367884,28.857591978]],[[84.009668124,28.857720532],[84.009187999,28.857799516],[84.00886679,28.857934874],[84.008755677,28.857975755],[84.009668124,28.857720532]],[[84.008262443,28.858158375],[84.008043783,28.858272675],[84.008755677,28.857975755],[84.008262443,28.858158375]],[[84.007761679,28.858422187],[84.007372165,28.858604976],[84.00708956,28.858739625],[84.008043783,28.858272675],[84.007761679,28.858422187]],[[84.006957979,28.858802979],[84.006851575,28.858869199],[84.00708956,28.858739625],[84.006957979,28.858802979]],[[84.006602198,28.859026863],[84.006244428,28.859284021],[84.006056185,28.859386674],[84.006240902,28.859283576],[84.006599441,28.859026113],[84.006851575,28.858869199],[84.006602198,28.859026863]],[[84.005912879,28.859466659],[84.005373631,28.859655769],[84.006056185,28.859386674],[84.005912879,28.859466659]],[[84.005365789,28.859658536],[84.005365721,28.859658543],[84.005373631,28.859655769],[84.005365789,28.859658536]],[[84.005363633,28.859659275],[84.004984009,28.859697233],[84.005365721,28.859658543],[84.005363633,28.859659275]],[[84.004913591,28.85971564],[84.004982214,28.859697412],[84.004984009,28.859697233],[84.004913591,28.85971564]],[[84.00461605,28.859794673],[84.004318846,28.859877416],[84.004913591,28.85971564],[84.00461605,28.859794673]],[[84.004279535,28.859888532],[84.004280399,28.859888119],[84.004318846,28.859877416],[84.004279535,28.859888532]],[[84.003944746,28.860048311],[84.004278993,28.859888685],[84.004279535,28.859888532],[84.003944746,28.860048311]],[[84.003943597,28.860048853],[84.003576832,28.860136902],[84.003350127,28.860240751],[84.003578585,28.860136041],[84.003943597,28.860048853]],[[84.003349731,28.860240932],[84.003321627,28.860251522],[84.003350127,28.860240751],[84.003349731,28.860240932]],[[84.002825114,28.860439174],[84.002390419,28.860646711],[84.002356956,28.860655043],[84.00282337,28.86043927],[84.003321627,28.860251522],[84.002825114,28.860439174]],[[84.00209867,28.860719613],[83.999390578,28.861747537],[83.999085437,28.862050772],[83.998915961,28.862213188],[84.00209867,28.860719613]],[[83.998721752,28.862401805],[83.998069821,28.862987407],[83.998915961,28.862213188],[83.998721752,28.862401805]],[[83.997903018,28.863137843],[83.997781561,28.863228016],[83.998069821,28.862987407],[83.997903018,28.863137843]],[[83.997402032,28.863511683],[83.997318665,28.863687602],[83.996855781,28.864122793],[83.997399538,28.863511641],[83.997781561,28.863228016],[83.997402032,28.863511683]],[[83.996667198,28.864308828],[83.996574625,28.86448361],[83.996855781,28.864122793],[83.996667198,28.864308828]],[[83.996570686,28.864529014],[83.99641477,28.864642224],[83.996574625,28.86448361],[83.996570686,28.864529014]],[[83.996232373,28.864777986],[83.996027798,28.864948466],[83.99641477,28.864642224],[83.996232373,28.864777986]],[[83.995913702,28.865045643],[83.995685287,28.865462976],[83.995323505,28.865764033],[83.995683116,28.865462653],[83.995911975,28.865044985],[83.996027798,28.864948466],[83.995913702,28.865045643]],[[83.995011809,28.866025258],[83.994782955,28.866162571],[83.994496498,28.866383069],[83.994779707,28.86616221],[83.995010304,28.866024664],[83.995323505,28.865764033],[83.995011809,28.866025258]],[[83.994493303,28.86638556],[83.994493076,28.86638571],[83.994496498,28.866383069],[83.994493303,28.86638556]],[[83.994355759,28.866481062],[83.993981963,28.866801462],[83.993890419,28.866946406],[83.993642751,28.867206453],[83.994355759,28.866481062]],[[83.993389366,28.867517939],[83.993302958,28.867800914],[83.993642751,28.867206453],[83.993389366,28.867517939]],[[83.993234358,28.868031576],[83.993150581,28.86821734],[83.993302958,28.867800914],[83.993234358,28.868031576]],[[83.993060955,28.868420289],[83.992917023,28.86866796],[83.993150581,28.86821734],[83.993060955,28.868420289]],[[83.992776639,28.868912684],[83.992643507,28.869106835],[83.992917023,28.86866796],[83.992776639,28.868912684]],[[83.992503762,28.869313573],[83.992181661,28.869563459],[83.992643507,28.869106835],[83.992503762,28.869313573]],[[83.99189173,28.869789969],[83.991578208,28.869972527],[83.992181661,28.869563459],[83.99189173,28.869789969]],[[83.991290221,28.870141415],[83.990635515,28.870313634],[83.991578208,28.869972527],[83.991290221,28.870141415]],[[83.990091422,28.870457452],[83.989725256,28.870655792],[83.989176003,28.871159278],[83.989083578,28.871197788],[83.989723046,28.870655656],[83.990090813,28.87045718],[83.990635515,28.870313634],[83.990091422,28.870457452]],[[83.989039377,28.871217281],[83.988941638,28.871300771],[83.988938815,28.871300771],[83.989038692,28.871216491],[83.989083578,28.871197788],[83.989039377,28.871217281]],[[83.988428415,28.871565494],[83.988248433,28.871684411],[83.988938815,28.871300771],[83.988428415,28.871565494]],[[83.988111241,28.871776653],[83.987980046,28.871869474],[83.988248433,28.871684411],[83.988111241,28.871776653]],[[83.987909678,28.87192022],[83.987871727,28.871934702],[83.987980046,28.871869474],[83.987909678,28.87192022]],[[83.987620739,28.872031559],[83.986905949,28.872590934],[83.98671281,28.872733963],[83.987871727,28.871934702],[83.987620739,28.872031559]],[[83.986597581,28.872820385],[83.986392259,28.872898332],[83.98671281,28.872733963],[83.986597581,28.872820385]],[[83.986188974,28.873053318],[83.985775962,28.873283353],[83.985491811,28.873387089],[83.98500835,28.87424013],[83.986188974,28.873053318]],[[83.984987965,28.874336563],[83.984986366,28.874371129],[83.98500835,28.87424013],[83.984987965,28.874336563]],[[83.984974605,28.874666151],[83.984943416,28.874900753],[83.984924905,28.874961079],[83.984986366,28.874371129],[83.984974605,28.874666151]],[[83.984873523,28.875139481],[83.984541345,28.875501506],[83.984924905,28.874961079],[83.984873523,28.875139481]],[[83.984386225,28.875672174],[83.984293399,28.875794307],[83.984541345,28.875501506],[83.984386225,28.875672174]],[[83.984095411,28.876058727],[83.983767043,28.876367618],[83.984293399,28.875794307],[83.984095411,28.876058727]],[[83.983646684,28.876481962],[83.98357988,28.876545006],[83.983767043,28.876367618],[83.983646684,28.876481962]],[[83.983401217,28.87671669],[83.983122013,28.877093291],[83.98357988,28.876545006],[83.983401217,28.87671669]],[[83.983074123,28.877158642],[83.982832212,28.877433863],[83.982525561,28.87763234],[83.982059299,28.878313519],[83.982017294,28.878370431],[83.983074123,28.877158642]],[[83.981883134,28.878557089],[83.981639018,28.879022435],[83.981476658,28.879243834],[83.981879505,28.878557119],[83.982017294,28.878370431],[83.981883134,28.878557089]],[[83.981471002,28.879251747],[83.981471189,28.879251293],[83.981476658,28.879243834],[83.981471002,28.879251747]],[[83.98146848,28.879257904],[83.981470921,28.879251861],[83.981471002,28.879251747],[83.98146848,28.879257904]],[[83.981313247,28.879642136],[83.981153257,28.880212831],[83.981100074,28.880357192],[83.981062127,28.881090311],[83.981014658,28.881388711],[83.981313247,28.879642136]],[[83.981013444,28.881396856],[83.981013319,28.881397126],[83.981014658,28.881388711],[83.981013444,28.881396856]],[[83.659487224,29.030005995],[83.659841398,29.029838392],[83.658822428,29.030184716],[83.659487224,29.030005995]],[[83.660077459,29.029720362],[83.660443627,29.029392333],[83.660470239,29.02938042],[83.660080087,29.02972103],[83.659841398,29.029838392],[83.660077459,29.029720362]],[[83.660770191,29.029244584],[83.661036472,29.02904217],[83.66110893,29.028950467],[83.660470239,29.02938042],[83.660770191,29.029244584]],[[83.661168332,29.028873594],[83.661328536,29.028417782],[83.661358682,29.028375862],[83.661169894,29.028873313],[83.66110893,29.028950467],[83.661168332,29.028873594]],[[83.661571294,29.028078018],[83.661692908,29.027760299],[83.661706975,29.027453346],[83.661358682,29.028375862],[83.661571294,29.028078018]],[[83.661717608,29.027187662],[83.661671845,29.026827205],[83.661671925,29.026826322],[83.661719165,29.027187352],[83.661706975,29.027453346],[83.661717608,29.027187662]],[[83.661747249,29.025944468],[83.661777449,29.025799303],[83.661671925,29.026826322],[83.661747249,29.025944468]],[[83.66188547,29.025265234],[83.66202279,29.024767465],[83.662032809,29.024751281],[83.661777449,29.025799303],[83.66188547,29.025265234]],[[83.662217341,29.024447801],[83.662372404,29.024306771],[83.662032809,29.024751281],[83.662217341,29.024447801]],[[83.662457617,29.024227741],[83.662507507,29.024073919],[83.662372404,29.024306771],[83.662457617,29.024227741]],[[83.662569242,29.023875796],[83.66269142,29.023494833],[83.662736814,29.023376181],[83.662507507,29.024073919],[83.662569242,29.023875796]],[[83.662785657,29.023239832],[83.662822985,29.023114519],[83.662736814,29.023376181],[83.662785657,29.023239832]],[[83.662837847,29.023059813],[83.662895006,29.022965647],[83.662822985,29.023114519],[83.662837847,29.023059813]],[[83.66294586,29.022879378],[83.663052658,29.022816443],[83.663197598,29.022774487],[83.663327284,29.022614287],[83.663557718,29.022457568],[83.663200991,29.02277422],[83.662947211,29.022879644],[83.662895006,29.022965647],[83.66294586,29.022879378]],[[83.663558449,29.022457067],[83.663900765,29.022384911],[83.663557718,29.022457568],[83.663558449,29.022457067]],[[83.664654627,29.022225244],[83.665196711,29.022080204],[83.663900765,29.022384911],[83.664654627,29.022225244]],[[83.665299222,29.02203507],[83.665476268,29.022003605],[83.665196711,29.022080204],[83.665299222,29.02203507]],[[83.665997225,29.021910581],[83.666269022,29.021854485],[83.665476268,29.022003605],[83.665997225,29.021910581]],[[83.666652983,29.02177449],[83.666917901,29.021628936],[83.666269022,29.021854485],[83.666652983,29.02177449]],[[83.666943148,29.021614984],[83.667339826,29.021477674],[83.667621983,29.021339114],[83.667342332,29.021478465],[83.666917901,29.021628936],[83.666943148,29.021614984]],[[83.667765842,29.021267429],[83.668055868,29.02116213],[83.668618862,29.020770988],[83.668909515,29.020591258],[83.669219423,29.020424217],[83.668056899,29.021163001],[83.667621983,29.021339114],[83.667765842,29.021267429]],[[83.669284656,29.020388938],[83.669284467,29.020389158],[83.669219423,29.020424217],[83.669284656,29.020388938]],[[83.669502818,29.02013481],[83.669848975,29.01984113],[83.669284656,29.020388938],[83.669502818,29.02013481]],[[83.669948762,29.019755537],[83.670158123,29.019551408],[83.669848975,29.01984113],[83.669948762,29.019755537]],[[83.67025373,29.019457634],[83.670520011,29.019246283],[83.670883405,29.018981],[83.671220276,29.018834302],[83.67025373,29.019457634]],[[83.671436312,29.018739036],[83.671726194,29.01857121],[83.671729915,29.01857028],[83.671439772,29.018738718],[83.671220276,29.018834302],[83.671436312,29.018739036]],[[83.671729986,29.018570239],[83.672020199,29.0184965],[83.67275735,29.01842383],[83.673390664,29.018468248],[83.671729986,29.018570239]],[[83.673450206,29.018468249],[83.673450511,29.018468396],[83.673390664,29.018468248],[83.673450206,29.018468249]],[[83.673451756,29.018468399],[83.673558339,29.018519726],[83.673450511,29.018468396],[83.673451756,29.018468399]],[[83.674113873,29.018512124],[83.674229894,29.018544758],[83.673558339,29.018519726],[83.674113873,29.018512124]],[[83.674417561,29.018597089],[83.674734669,29.018551323],[83.674229894,29.018544758],[83.674417561,29.018597089]],[[83.67492248,29.01852358],[83.675292318,29.018505455],[83.674734669,29.018551323],[83.67492248,29.01852358]],[[83.675311629,29.018504487],[83.675807126,29.0184425],[83.676212997,29.018443498],[83.675807372,29.018443492],[83.675311629,29.018504487]],[[83.676241968,29.018443499],[83.676241818,29.018443569],[83.676212997,29.018443498],[83.676241968,29.018443499]],[[83.67626428,29.018432992],[83.676242189,29.018443499],[83.676241968,29.018443499],[83.67626428,29.018432992]],[[83.676554955,29.018294744],[83.677059633,29.018220729],[83.67626428,29.018432992],[83.676554955,29.018294744]],[[83.677124453,29.018211104],[83.67712619,29.018210968],[83.677059633,29.018220729],[83.677124453,29.018211104]],[[83.677127084,29.018210837],[83.677653442,29.018168887],[83.678019602,29.018212758],[83.678494538,29.018014366],[83.677127084,29.018210837]],[[83.678495835,29.018013644],[83.678782669,29.018006653],[83.678494538,29.018014366],[83.678495835,29.018013644]],[[83.678919754,29.018002983],[83.679064691,29.018130766],[83.679067449,29.019751371],[83.678782669,29.018006653],[83.678919754,29.018002983]],[[83.679081844,29.019903041],[83.679087028,29.020006632],[83.679067449,29.019751371],[83.679081844,29.019903041]],[[83.679095164,29.020125669],[83.679108795,29.020264569],[83.679087028,29.020006632],[83.679095164,29.020125669]],[[83.679128327,29.020435617],[83.679221046,29.020629137],[83.679108795,29.020264569],[83.679128327,29.020435617]],[[83.679224837,29.020636792],[83.679229864,29.020664866],[83.679221046,29.020629137],[83.679224837,29.020636792]],[[83.679271923,29.02089164],[83.679307185,29.021217108],[83.679229864,29.020664866],[83.679271923,29.02089164]],[[83.679331617,29.021433992],[83.679446034,29.021880273],[83.679495992,29.022174518],[83.679330592,29.021433153],[83.679307185,29.021217108],[83.679331617,29.021433992]],[[83.679515301,29.022284014],[83.679563039,29.022516556],[83.679603549,29.022667066],[83.679495992,29.022174518],[83.679515301,29.022284014]],[[83.679636726,29.022782368],[83.679675809,29.022836926],[83.679603549,29.022667066],[83.679636726,29.022782368]],[[83.679730884,29.022909398],[83.679802607,29.023117473],[83.679675809,29.022836926],[83.679730884,29.022909398]],[[83.679827427,29.023186691],[83.679894277,29.023359801],[83.679802607,29.023117473],[83.679827427,29.023186691]],[[83.679934533,29.023462538],[83.680066509,29.023717766],[83.680353299,29.023861046],[83.679894277,29.023359801],[83.679934533,29.023462538]],[[83.680658906,29.023844679],[83.681055582,29.023762676],[83.681371805,29.023677422],[83.680353299,29.023861046],[83.680658906,29.023844679]],[[83.681443638,29.023657918],[83.683752084,29.023302423],[83.683978258,29.02329591],[83.681371805,29.023677422],[83.681443638,29.023657918]],[[83.684114567,29.023291652],[83.685029971,29.02320775],[83.685243566,29.023240175],[83.685548698,29.023337446],[83.68571738,29.023315964],[83.685545591,29.023338197],[83.685026664,29.023208388],[83.684114284,29.023291992],[83.683978258,29.02329591],[83.684114567,29.023291652]],[[83.685956474,29.023285021],[83.686185943,29.023253965],[83.686533217,29.023117138],[83.68571738,29.023315964],[83.685956474,29.023285021]],[[83.686670073,29.02306283],[83.686937069,29.022948404],[83.68768465,29.022853056],[83.688035557,29.022738632],[83.68878314,29.022624212],[83.686533217,29.023117138],[83.686670073,29.02306283]],[[83.688979563,29.022547699],[83.688784856,29.022623875],[83.68878314,29.022624212],[83.688979563,29.022547699]],[[83.689111502,29.022496079],[83.689180439,29.022469295],[83.688979563,29.022547699],[83.689111502,29.022496079]],[[83.689622266,29.022296191],[83.689816401,29.022204948],[83.689180439,29.022469295],[83.689622266,29.022296191]],[[83.690000327,29.022116878],[83.690605125,29.021883659],[83.690898132,29.021783251],[83.689816401,29.022204948],[83.690000327,29.022116878]],[[83.691003011,29.021746947],[83.691003716,29.02174707],[83.690898132,29.021783251],[83.691003011,29.021746947]],[[83.691003948,29.02174699],[83.691378147,29.02181099],[83.692126478,29.022067665],[83.692392005,29.022111103],[83.692700258,29.022179694],[83.692124375,29.02206737],[83.691003948,29.02174699]],[[83.692727013,29.022185623],[83.692858778,29.022213077],[83.692700258,29.022179694],[83.692727013,29.022185623]],[[83.69309222,29.0222616],[83.693111419,29.022266934],[83.692858778,29.022213077],[83.69309222,29.0222616]],[[83.693322023,29.022324856],[83.693856007,29.022380172],[83.694059209,29.022475268],[83.693852864,29.022380601],[83.693321438,29.022325285],[83.693111419,29.022266934],[83.693322023,29.022324856]],[[83.694154321,29.022518905],[83.694482543,29.022668548],[83.694059209,29.022475268],[83.694154321,29.022518905]],[[83.695091792,29.022944714],[83.695370707,29.023007111],[83.694482543,29.022668548],[83.695091792,29.022944714]],[[83.695379022,29.023008941],[83.696212345,29.023076261],[83.695370707,29.023007111],[83.695379022,29.023008941]],[[83.696548807,29.023034371],[83.696213159,29.023076327],[83.696212345,29.023076261],[83.696548807,29.023034371]],[[83.696550613,29.023034144],[83.697734265,29.023079658],[83.697871542,29.023073588],[83.697731203,29.023080164],[83.696550613,29.023034144]],[[83.697975311,29.023068725],[83.69828679,29.023014926],[83.697871542,29.023073588],[83.697975311,29.023068725]],[[83.698398614,29.022995488],[83.699051088,29.023008247],[83.69927152,29.02305158],[83.69828679,29.023014926],[83.698398614,29.022995488]],[[83.699317903,29.023051581],[83.699637276,29.023061091],[83.69927152,29.02305158],[83.699317903,29.023051581]],[[83.699717952,29.023016632],[83.699638295,29.023061122],[83.699637276,29.023061091],[83.699717952,29.023016632]],[[83.699996832,29.022860874],[83.70030503,29.022842063],[83.699717952,29.023016632],[83.699996832,29.022860874]],[[83.700651877,29.022820039],[83.700905843,29.022757424],[83.701256297,29.022704059],[83.701606499,29.022747748],[83.701804168,29.022810829],[83.700651877,29.022820039]],[[83.702041234,29.022885699],[83.702181931,29.022963775],[83.701804168,29.022810829],[83.702041234,29.022885699]],[[83.702354392,29.023058418],[83.702583922,29.023133352],[83.702870072,29.02314775],[83.702181931,29.022963775],[83.702354392,29.023058418]],[[83.703007098,29.023154481],[83.703006365,29.023154607],[83.702870072,29.02314775],[83.703007098,29.023154481]],[[83.703191007,29.023122859],[83.703010031,29.023154625],[83.703007098,29.023154481],[83.703191007,29.023122859]],[[83.703368565,29.023091693],[83.703608534,29.022992278],[83.703191007,29.023122859],[83.703368565,29.023091693]],[[83.70390125,29.022870084],[83.704160239,29.022761598],[83.703608534,29.022992278],[83.70390125,29.022870084]],[[83.704238207,29.022668314],[83.704286196,29.022575989],[83.704160239,29.022761598],[83.704238207,29.022668314]],[[83.704410004,29.022329829],[83.704591559,29.022125058],[83.704286196,29.022575989],[83.704410004,29.022329829]],[[83.704596751,29.022119054],[83.704597247,29.022118643],[83.704591559,29.022125058],[83.704596751,29.022119054]],[[83.704597671,29.022118165],[83.70464214,29.02208136],[83.704597247,29.022118643],[83.704597671,29.022118165]],[[83.70526043,29.021567892],[83.705407393,29.021482163],[83.70464214,29.02208136],[83.70526043,29.021567892]],[[83.705602675,29.021366937],[83.705833256,29.021278512],[83.705407393,29.021482163],[83.705602675,29.021366937]],[[83.705962246,29.021228425],[83.706397067,29.021039622],[83.706795316,29.020912707],[83.705833256,29.021278512],[83.705962246,29.021228425]],[[83.707029369,29.020785825],[83.70716218,29.02072322],[83.706795316,29.020912707],[83.707029369,29.020785825]],[[83.707342993,29.020637224],[83.708021925,29.020223377],[83.708197586,29.020167207],[83.708021559,29.020224017],[83.707343829,29.020637594],[83.70716218,29.02072322],[83.707342993,29.020637224]],[[83.70834783,29.020118719],[83.708578052,29.019938739],[83.708789105,29.019762253],[83.708197586,29.020167207],[83.70834783,29.020118719]],[[83.70889157,29.019676032],[83.708966949,29.019555784],[83.708789105,29.019762253],[83.70889157,29.019676032]],[[83.709050437,29.019420919],[83.709819346,29.018752618],[83.709859683,29.018492519],[83.709822249,29.018752975],[83.708966949,29.019555784],[83.709050437,29.019420919]],[[83.709868025,29.018434478],[83.710157911,29.018051141],[83.71028782,29.018030032],[83.710159439,29.018051813],[83.709868025,29.018434478]],[[83.710461461,29.018000572],[83.711016571,29.01817094],[83.712348625,29.018105951],[83.711019914,29.018171305],[83.710699523,29.018138879],[83.710463046,29.018001559],[83.71028782,29.018030032],[83.710461461,29.018000572]],[[83.712583731,29.018035921],[83.713056692,29.017942476],[83.713506767,29.017877639],[83.714048382,29.017816618],[83.714277234,29.017753685],[83.714361121,29.01773523],[83.714049482,29.017816519],[83.713058488,29.017942992],[83.712348625,29.018105951],[83.712583731,29.018035921]],[[83.714466489,29.017711347],[83.714574745,29.017648799],[83.714361121,29.01773523],[83.714466489,29.017711347]],[[83.714971426,29.017255923],[83.715276568,29.016842072],[83.715527082,29.016656055],[83.715277898,29.016842378],[83.71497493,29.017256773],[83.714574745,29.017648799],[83.714971426,29.017255923]],[[83.715786461,29.016462108],[83.715902103,29.01640974],[83.715527082,29.016656055],[83.715786461,29.016462108]],[[83.716085185,29.01632524],[83.716267906,29.016219824],[83.715902103,29.01640974],[83.716085185,29.01632524]],[[83.716379138,29.016154396],[83.716983938,29.01577444],[83.717213847,29.015689202],[83.71737908,29.015669999],[83.716379138,29.016154396]],[[83.717572731,29.01564631],[83.717916006,29.01569018],[83.718040968,29.015766056],[83.71737908,29.015669999],[83.717572731,29.01564631]],[[83.718131283,29.015819704],[83.718380052,29.015881264],[83.718040968,29.015766056],[83.718131283,29.015819704]],[[83.718907687,29.016010601],[83.719382016,29.016106572],[83.718380052,29.015881264],[83.718907687,29.016010601]],[[83.719573708,29.016120511],[83.720032771,29.016130517],[83.720540608,29.016225488],[83.719382016,29.016106572],[83.719573708,29.016120511]],[[83.720700348,29.016249025],[83.721000787,29.016280952],[83.720540608,29.016225488],[83.720700348,29.016249025]],[[83.721312594,29.016313582],[83.72154391,29.016356215],[83.721000787,29.016280952],[83.721312594,29.016313582]],[[83.721783573,29.016399708],[83.722142106,29.016420692],[83.722777664,29.016353983],[83.72154391,29.016356215],[83.721783573,29.016399708]],[[83.723027863,29.016317171],[83.723210957,29.01627052],[83.722777664,29.016353983],[83.723027863,29.016317171]],[[83.723316878,29.016243343],[83.723667785,29.016168969],[83.72392351,29.016105039],[83.723668217,29.016169569],[83.723210957,29.01627052],[83.723316878,29.016243343]],[[83.724163903,29.016044275],[83.724580786,29.015948103],[83.724787813,29.015811924],[83.72392351,29.016105039],[83.724163903,29.016044275]],[[83.725025644,29.015654053],[83.725266074,29.015450209],[83.724787813,29.015811924],[83.725025644,29.015654053]],[[83.725549045,29.015207937],[83.725838053,29.014903163],[83.725266074,29.015450209],[83.725549045,29.015207937]],[[83.726139406,29.014582239],[83.726491582,29.013916859],[83.725838053,29.014903163],[83.726139406,29.014582239]],[[83.726603683,29.013703217],[83.726809661,29.013426183],[83.726942818,29.013232809],[83.726491582,29.013916859],[83.726603683,29.013703217]],[[83.727207412,29.012844821],[83.727319435,29.01263096],[83.726942818,29.013232809],[83.727207412,29.012844821]],[[83.727373665,29.012525025],[83.727465887,29.012421413],[83.727319435,29.01263096],[83.727373665,29.012525025]],[[83.727626984,29.012238347],[83.727809936,29.0119744],[83.727465887,29.012421413],[83.727626984,29.012238347]],[[83.727991723,29.011709672],[83.728064297,29.011628761],[83.727809936,29.0119744],[83.727991723,29.011709672]],[[83.728206755,29.011465951],[83.728399503,29.01125336],[83.728064297,29.011628761],[83.728206755,29.011465951]],[[83.728464358,29.011180478],[83.728549166,29.011089424],[83.728399503,29.01125336],[83.728464358,29.011180478]],[[83.728679725,29.010947207],[83.729251863,29.010394136],[83.729410439,29.010267901],[83.728549166,29.011089424],[83.728679725,29.010947207]],[[83.729541919,29.010163027],[83.729783952,29.010003357],[83.73007529,29.009870732],[83.729410439,29.010267901],[83.729541919,29.010163027]],[[83.730640241,29.009612217],[83.730900099,29.009557359],[83.73007529,29.009870732],[83.730640241,29.009612217]],[[83.730986737,29.009538794],[83.731313132,29.009476304],[83.731868996,29.009360136],[83.732460794,29.009244031],[83.732531489,29.009244162],[83.730986737,29.009538794]],[[83.732837217,29.009244166],[83.733246127,29.009225236],[83.732531489,29.009244162],[83.732837217,29.009244166]],[[83.73324915,29.009225101],[83.733374604,29.009225495],[83.733246127,29.009225236],[83.73324915,29.009225101]],[[83.73386198,29.009226492],[83.734212245,29.009247495],[83.734542573,29.009270158],[83.733374604,29.009225495],[83.73386198,29.009226492]],[[83.734553599,29.009270893],[83.734611759,29.009275838],[83.734542573,29.009270158],[83.734553599,29.009270893]],[[83.73493671,29.009303063],[83.735190362,29.009335127],[83.735624865,29.009399128],[83.736153881,29.009582753],[83.73493671,29.009303063]],[[83.736308117,29.009591324],[83.736491557,29.009685137],[83.736153881,29.009582753],[83.736308117,29.009591324]],[[83.736644658,29.009762047],[83.73683431,29.009819938],[83.736491557,29.009685137],[83.736644658,29.009762047]],[[83.736994665,29.009867875],[83.737559163,29.009934635],[83.737560015,29.009934997],[83.736994359,29.009868793],[83.73683431,29.009819938],[83.736994665,29.009867875]],[[83.737562031,29.009935233],[83.737887796,29.010073538],[83.738021433,29.010183318],[83.737887179,29.010073864],[83.737562031,29.009935233]],[[83.738238079,29.010359945],[83.738328047,29.010460717],[83.738021433,29.010183318],[83.738238079,29.010359945]],[[83.738429964,29.010573125],[83.738574168,29.010848507],[83.738328047,29.010460717],[83.738429964,29.010573125]],[[83.738601119,29.010867635],[83.738574251,29.010848664],[83.738574168,29.010848507],[83.738601119,29.010867635]],[[83.739285457,29.011350817],[83.740261999,29.012074577],[83.741533557,29.013116938],[83.741730791,29.013183946],[83.741533478,29.013117767],[83.738601119,29.010867635],[83.739285457,29.011350817]],[[83.741846239,29.013222666],[83.741851126,29.013226234],[83.741730791,29.013183946],[83.741846239,29.013222666]],[[83.742040109,29.013361548],[83.742228669,29.013430624],[83.741851126,29.013226234],[83.742040109,29.013361548]],[[83.742403104,29.013487772],[83.742593813,29.013510661],[83.742969148,29.013586544],[83.742228669,29.013430624],[83.742403104,29.013487772]],[[83.743150641,29.013618541],[83.74399615,29.013683361],[83.744281144,29.013677419],[83.742969148,29.013586544],[83.743150641,29.013618541]],[[83.744394104,29.013674705],[83.744745008,29.013747184],[83.745202711,29.013653739],[83.745739806,29.013646288],[83.744744674,29.013747929],[83.744281144,29.013677419],[83.744394104,29.013674705]],[[83.746441946,29.01363609],[83.747933873,29.013537373],[83.748364741,29.013988507],[83.745739806,29.013646288],[83.746441946,29.01363609]],[[83.748368476,29.013991357],[83.748402544,29.014050981],[83.748364741,29.013988507],[83.748368476,29.013991357]],[[83.748531965,29.014271627],[83.748602367,29.014359511],[83.748402544,29.014050981],[83.748531965,29.014271627]],[[83.748658346,29.014426197],[83.748658342,29.014590214],[83.748543912,29.01483433],[83.748553729,29.014966901],[83.748540827,29.014833387],[83.748654693,29.014589974],[83.748602367,29.014359511],[83.748658346,29.014426197]],[[83.748560883,29.015040931],[83.748563981,29.01508667],[83.748553729,29.014966901],[83.748560883,29.015040931]],[[83.748574418,29.015187158],[83.748580746,29.015361276],[83.748563981,29.01508667],[83.748574418,29.015187158]],[[83.748582811,29.015397398],[83.748627237,29.015646876],[83.748530985,29.016396617],[83.748504431,29.016502751],[83.748582811,29.015397398]],[[83.748490479,29.016564135],[83.748486259,29.016831765],[83.748504431,29.016502751],[83.748490479,29.016564135]],[[83.748483854,29.017048494],[83.748500035,29.017251538],[83.748499531,29.017445521],[83.748483463,29.017552497],[83.748483854,29.017048494]],[[83.748475201,29.017613079],[83.748475198,29.017786632],[83.748490728,29.017842547],[83.748483463,29.017552497],[83.748475201,29.017613079]],[[83.74851477,29.017923789],[83.748499315,29.018083425],[83.748490728,29.017842547],[83.74851477,29.017923789]],[[83.748498077,29.018097501],[83.748627755,29.018280592],[83.748673375,29.018831053],[83.748625185,29.018280382],[83.748498077,29.018097501]],[[83.748796209,29.019070249],[83.748977368,29.019244299],[83.748985163,29.019309078],[83.748795564,29.019070164],[83.748673375,29.018831053],[83.748796209,29.019070249]],[[83.748986268,29.019310471],[83.748941827,29.019388242],[83.748985163,29.019309078],[83.748986268,29.019310471]],[[83.748881814,29.019496775],[83.748979983,29.019751877],[83.749010869,29.019815105],[83.748941827,29.019388242],[83.748881814,29.019496775]],[[83.749131192,29.02005427],[83.749244396,29.020119934],[83.749010869,29.019815105],[83.749131192,29.02005427]],[[83.749325116,29.020165282],[83.749285683,29.020261767],[83.749244396,29.020119934],[83.749325116,29.020165282]],[[83.749245612,29.020368956],[83.749288555,29.020500483],[83.749285683,29.020261767],[83.749245612,29.020368956]],[[83.74930786,29.020555558],[83.749484463,29.020790133],[83.749288555,29.020500483],[83.74930786,29.020555558]],[[83.749504967,29.020817145],[83.749871118,29.021381674],[83.750160394,29.021699522],[83.749870455,29.021382241],[83.749504967,29.020817145]],[[83.750366876,29.021580933],[83.750160989,29.021700176],[83.750160394,29.021699522],[83.750366876,29.021580933]],[[83.750618696,29.021435087],[83.75093909,29.021334011],[83.751198457,29.021196699],[83.7512568,29.021168111],[83.750618696,29.021435087]],[[83.751387631,29.02110304],[83.751583998,29.021028565],[83.7512568,29.021168111],[83.751387631,29.02110304]],[[83.751618021,29.021015523],[83.75164096,29.02101237],[83.751583998,29.021028565],[83.751618021,29.021015523]],[[83.751923374,29.020973185],[83.752132375,29.020883905],[83.75164096,29.02101237],[83.751923374,29.020973185]],[[83.752190151,29.020859144],[83.752495289,29.020735183],[83.75257472,29.020691379],[83.752132375,29.020883905],[83.752190151,29.020859144]],[[83.752752582,29.020591296],[83.753065203,29.020542982],[83.75257472,29.020691379],[83.752752582,29.020591296]],[[83.753212359,29.020519683],[83.753344524,29.020445341],[83.753065203,29.020542982],[83.753212359,29.020519683]],[[83.753453742,29.020382763],[83.753642839,29.020299414],[83.753344524,29.020445341],[83.753453742,29.020382763]],[[83.753769235,29.020243152],[83.753796957,29.020237851],[83.753642839,29.020299414],[83.753769235,29.020243152]],[[83.753802136,29.020236781],[83.753914953,29.020215289],[83.753796957,29.020237851],[83.753802136,29.020236781]],[[83.756202693,29.019777839],[83.756585411,29.019838228],[83.753914953,29.020215289],[83.756202693,29.019777839]],[[83.75699115,29.019901924],[83.757497547,29.020125632],[83.756585411,29.019838228],[83.75699115,29.019901924]],[[83.757682588,29.020206976],[83.758216569,29.020453009],[83.758628495,29.020716205],[83.759184989,29.020962075],[83.758629225,29.020716999],[83.757497547,29.020125632],[83.757682588,29.020206976]],[[83.759529223,29.02104342],[83.760764743,29.021045627],[83.761594002,29.020838078],[83.759184989,29.020962075],[83.759529223,29.02104342]],[[83.761847665,29.020742956],[83.762541851,29.020500755],[83.762711592,29.02043141],[83.762544577,29.020500642],[83.761594002,29.020838078],[83.761847665,29.020742956]],[[83.762853476,29.020372596],[83.763125627,29.020330291],[83.76404797,29.020098608],[83.763129238,29.020331026],[83.762854616,29.02037298],[83.762711592,29.02043141],[83.762853476,29.020372596]],[[83.764601521,29.019905749],[83.765099509,29.019765885],[83.76404797,29.020098608],[83.764601521,29.019905749]],[[83.765220231,29.019731567],[83.765586871,29.019628456],[83.765626997,29.019612353],[83.765099509,29.019765885],[83.765220231,29.019731567]],[[83.765997521,29.019461399],[83.766752737,29.019068534],[83.767084784,29.01896062],[83.766752975,29.019068777],[83.766001068,29.019462228],[83.765626997,29.019612353],[83.765997521,29.019461399]],[[83.767131802,29.018945294],[83.767132186,29.018945214],[83.767084784,29.01896062],[83.767131802,29.018945294]],[[83.767134159,29.018944573],[83.768003797,29.018727169],[83.768297659,29.018674898],[83.768007063,29.018728077],[83.767134159,29.018944573]],[[83.768397699,29.01865659],[83.768610484,29.018616347],[83.769414751,29.018595174],[83.769662905,29.018595599],[83.768397699,29.01865659]],[[83.769926148,29.018595604],[83.769927417,29.018596053],[83.769662905,29.018595599],[83.769926148,29.018595604]],[[83.769928994,29.018596056],[83.770083133,29.018651208],[83.769927417,29.018596053],[83.769928994,29.018596056]],[[83.770109227,29.01866045],[83.770170291,29.018685675],[83.770083133,29.018651208],[83.770109227,29.01866045]],[[83.770283506,29.018731987],[83.770425299,29.018743488],[83.770757979,29.018822378],[83.770284678,29.018732926],[83.770170291,29.018685675],[83.770283506,29.018731987]],[[83.770955972,29.018868345],[83.771207637,29.018971008],[83.770757979,29.018822378],[83.770955972,29.018868345]],[[83.771245684,29.018986291],[83.771500898,29.019061163],[83.771599345,29.019080891],[83.771207637,29.018971008],[83.771245684,29.018986291]],[[83.771673033,29.019095309],[83.772135324,29.01914458],[83.771599345,29.019080891],[83.771673033,29.019095309]],[[83.772495211,29.018555287],[83.772541689,29.018466029],[83.772135324,29.01914458],[83.772495211,29.018555287]],[[83.772588452,29.018372505],[83.772661534,29.018278768],[83.772541689,29.018466029],[83.772588452,29.018372505]],[[83.772761122,29.018147454],[83.772846489,29.017973909],[83.773488084,29.017215368],[83.772661534,29.018278768],[83.772761122,29.018147454]],[[83.773587793,29.017092808],[83.774137047,29.0165302],[83.774527487,29.016234656],[83.773488084,29.017215368],[83.773587793,29.017092808]],[[83.77468584,29.016113671],[83.774998553,29.015841263],[83.775318402,29.015683344],[83.774527487,29.016234656],[83.77468584,29.016113671]],[[83.775472029,29.015607149],[83.775876337,29.015401181],[83.77597777,29.015321101],[83.775318402,29.015683344],[83.775472029,29.015607149]],[[83.776021489,29.015285768],[83.776178748,29.015240229],[83.77597777,29.015321101],[83.776021489,29.015285768]],[[83.776189103,29.015237169],[83.776503755,29.015086246],[83.776178748,29.015240229],[83.776189103,29.015237169]],[[83.776845448,29.01492169],[83.777294889,29.014796146],[83.777433266,29.014754725],[83.776503755,29.015086246],[83.776845448,29.01492169]],[[83.77750882,29.014731789],[83.777511374,29.014731344],[83.777433266,29.014754725],[83.77750882,29.014731789]],[[83.777512424,29.01473103],[83.77758282,29.014718896],[83.777511374,29.014731344],[83.777512424,29.01473103]],[[83.777760056,29.014688015],[83.777758579,29.0146886],[83.77758282,29.014718896],[83.777760056,29.014688015]],[[83.777909908,29.014628644],[83.777760558,29.014687928],[83.777760056,29.014688015],[83.777909908,29.014628644]],[[83.778759881,29.014291251],[83.779002183,29.014150629],[83.777909908,29.014628644],[83.778759881,29.014291251]],[[83.779396874,29.013919822],[83.779692748,29.013718982],[83.779002183,29.014150629],[83.779396874,29.013919822]],[[83.779728695,29.013694321],[83.779843786,29.013596549],[83.779692748,29.013718982],[83.779728695,29.013694321]],[[83.781296711,29.01235962],[83.782322516,29.012071395],[83.779843786,29.013596549],[83.781296711,29.01235962]],[[83.782467312,29.012017958],[83.782469055,29.012017511],[83.782322516,29.012071395],[83.782467312,29.012017958]],[[83.782655099,29.011953553],[83.782749774,29.01194468],[83.782938337,29.011862149],[83.782749564,29.01194549],[83.782469055,29.012017511],[83.782655099,29.011953553]],[[83.7831081,29.011787201],[83.783411653,29.011773407],[83.782938337,29.011862149],[83.7831081,29.011787201]],[[83.783440434,29.011772082],[83.784689518,29.011631989],[83.78580862,29.011352376],[83.784687175,29.011632744],[83.783440434,29.011772082]],[[83.786517994,29.011037734],[83.786775426,29.010916331],[83.78580862,29.011352376],[83.786517994,29.011037734]],[[83.786852492,29.010879717],[83.787240693,29.010697615],[83.787486974,29.010596503],[83.788347837,29.010090636],[83.786852492,29.010879717]],[[83.788501391,29.00997547],[83.788687001,29.009853528],[83.788347837,29.010090636],[83.788501391,29.00997547]],[[83.788827248,29.009759476],[83.788988608,29.009452944],[83.789194951,29.009090267],[83.788687001,29.009853528],[83.788827248,29.009759476]],[[83.789225933,29.009035548],[83.789225833,29.009035986],[83.789194951,29.009090267],[83.789225933,29.009035548]],[[83.789307079,29.008679646],[83.789592918,29.008465569],[83.789225933,29.009035548],[83.789307079,29.008679646]],[[83.789767733,29.008321971],[83.789872251,29.00818987],[83.789592918,29.008465569],[83.789767733,29.008321971]],[[83.789904135,29.008148204],[83.789994275,29.008033842],[83.789872251,29.00818987],[83.789904135,29.008148204]],[[83.790072875,29.007932912],[83.790263594,29.007467565],[83.790338103,29.007413954],[83.790264787,29.007467522],[83.790074616,29.007931913],[83.789994275,29.008033842],[83.790072875,29.007932912]],[[83.790572875,29.007242422],[83.79079164,29.007074784],[83.790338103,29.007413954],[83.790572875,29.007242422]],[[83.791034071,29.006885889],[83.791398518,29.006648997],[83.79079164,29.007074784],[83.791034071,29.006885889]],[[83.79156738,29.00653794],[83.791713255,29.006460659],[83.791398518,29.006648997],[83.79156738,29.00653794]],[[83.792018142,29.006296588],[83.792272642,29.006200216],[83.791713255,29.006460659],[83.792018142,29.006296588]],[[83.792533133,29.006099496],[83.792689383,29.006016277],[83.792272642,29.006200216],[83.792533133,29.006099496]],[[83.792842012,29.00593233],[83.793049891,29.005801828],[83.792689383,29.006016277],[83.792842012,29.00593233]],[[83.793181867,29.005717041],[83.793731302,29.005226095],[83.794124809,29.00487036],[83.793049891,29.005801828],[83.793181867,29.005717041]],[[83.794260912,29.004746091],[83.794332719,29.00467907],[83.794124809,29.00487036],[83.794260912,29.004746091]],[[83.794375602,29.004638284],[83.794393421,29.004609075],[83.794332719,29.00467907],[83.794375602,29.004638284]],[[83.794520284,29.004397082],[83.79468048,29.004355127],[83.794839683,29.004139237],[83.794683753,29.004354564],[83.794522649,29.004397246],[83.794393421,29.004609075],[83.794520284,29.004397082]],[[83.794930165,29.004014288],[83.794947362,29.003996051],[83.794839683,29.004139237],[83.794930165,29.004014288]],[[83.795214401,29.003683901],[83.795195634,29.003732755],[83.794947362,29.003996051],[83.795214401,29.003683901]],[[83.795214696,29.003683135],[83.797440655,29.000122311],[83.799759692,28.999330861],[83.79857866,29.000121264],[83.795214696,29.003683135]],[[83.799761072,28.999329805],[83.800859571,28.998618447],[83.800996888,28.998313302],[83.801049258,28.998254199],[83.799761072,28.999329805]],[[83.801262181,28.998012002],[83.801788117,28.997712787],[83.802218111,28.997479948],[83.801049258,28.998254199],[83.801262181,28.998012002]],[[83.802270843,28.99745128],[83.802812461,28.997258665],[83.802218111,28.997479948],[83.802270843,28.99745128]],[[83.803099764,28.997157547],[83.803220652,28.997119465],[83.802813686,28.997258236],[83.803099764,28.997157547]],[[83.803445618,28.997046977],[83.803886612,28.996860695],[83.803220652,28.997119465],[83.803445618,28.997046977]],[[83.804061767,28.996748411],[83.804681432,28.996032379],[83.803886612,28.996860695],[83.804061767,28.996748411]],[[83.804681822,28.996031924],[83.805166266,28.995617595],[83.805312432,28.995533924],[83.805169658,28.995618531],[83.804681822,28.996031924]],[[83.805375627,28.995496475],[83.806710618,28.994148125],[83.807191211,28.993810562],[83.807434654,28.993684387],[83.805375627,28.995496475]],[[83.80750099,28.993649375],[83.80776327,28.993512142],[83.808462681,28.993215368],[83.809378447,28.992545342],[83.80750099,28.993649375]],[[83.809998485,28.992090336],[83.810831145,28.991167682],[83.809378447,28.992545342],[83.809998485,28.992090336]],[[83.811461395,28.99046748],[83.81178112,28.989556569],[83.812017386,28.98919939],[83.811463164,28.990467355],[83.810831145,28.991167682],[83.811461395,28.99046748]],[[83.81218026,28.988951163],[83.812325218,28.98803763],[83.812512345,28.987420443],[83.812182141,28.988950319],[83.812017386,28.98919939],[83.81218026,28.988951163]],[[83.81251488,28.987276978],[83.812570199,28.987051172],[83.812512345,28.987420443],[83.81251488,28.987276978]],[[83.812699038,28.986515712],[83.812903067,28.986279124],[83.812570199,28.987051172],[83.812699038,28.986515712]],[[83.81305608,28.986100158],[83.813230995,28.986025979],[83.813346966,28.985926723],[83.813233033,28.986025577],[83.813057579,28.986099954],[83.812903067,28.986279124],[83.81305608,28.986100158]],[[83.813362717,28.985913056],[83.813371875,28.985890354],[83.813346966,28.985926723],[83.813362717,28.985913056]],[[83.813374291,28.985884057],[83.813453847,28.98568564],[83.814117084,28.984969216],[83.814260518,28.984206976],[83.814756285,28.983145144],[83.814788067,28.981315688],[83.814994549,28.980396608],[83.813374291,28.985884057]],[[83.815163137,28.9796423],[83.815147915,28.977939194],[83.81532588,28.977670391],[83.815151397,28.977939256],[83.815163987,28.97964241],[83.814994549,28.980396608],[83.815163137,28.9796423]],[[83.815328755,28.977662033],[83.815365954,28.977598311],[83.81532588,28.977670391],[83.815328755,28.977662033]],[[83.815414916,28.977508177],[83.815514097,28.976899791],[83.815604568,28.975998451],[83.815365954,28.977598311],[83.815414916,28.977508177]],[[83.815620689,28.975835207],[83.815888224,28.975418249],[83.815963289,28.975375287],[83.815604568,28.975998451],[83.815620689,28.975835207]],[[83.815964201,28.97537406],[83.816014542,28.975345869],[83.815963289,28.975375287],[83.815964201,28.97537406]],[[83.816151129,28.975267455],[83.816387998,28.975184139],[83.816014542,28.975345869],[83.816151129,28.975267455]],[[83.816673644,28.975082273],[83.817543282,28.974903013],[83.818144103,28.97464995],[83.81754601,28.974903884],[83.816387998,28.975184139],[83.816673644,28.975082273]],[[83.818245297,28.974606986],[83.819064502,28.974466074],[83.819363889,28.974676968],[83.819114734,28.974502531],[83.818245297,28.974606986]],[[83.819587687,28.97473712],[83.819587952,28.974737484],[83.819363889,28.974676968],[83.819587687,28.97473712]],[[83.819587989,28.974737494],[83.819757587,28.974967788],[83.819804484,28.975098267],[83.819755507,28.97496789],[83.819587989,28.974737494]],[[83.819885183,28.97531309],[83.820182682,28.975658294],[83.821556029,28.976169588],[83.819804484,28.975098267],[83.819885183,28.97531309]],[[83.821558945,28.976170267],[83.821815918,28.976325885],[83.821556029,28.976169588],[83.821558945,28.976170267]],[[83.821863189,28.976329262],[83.821816532,28.976326257],[83.821815918,28.976325885],[83.821863189,28.976329262]],[[83.822031003,28.976340071],[83.822335472,28.976360571],[83.821863189,28.976329262],[83.822031003,28.976340071]],[[83.82250932,28.976371612],[83.823140153,28.976407592],[83.822335472,28.976360571],[83.82250932,28.976371612]],[[83.823376757,28.976420834],[83.824420433,28.976280051],[83.824424042,28.976280097],[83.823378953,28.976421212],[83.823140153,28.976407592],[83.823376757,28.976420834]],[[83.825027726,28.976287623],[83.825078844,28.976288019],[83.824424042,28.976280097],[83.825027726,28.976287623]],[[83.825376859,28.976289643],[83.82537474,28.976290315],[83.825078844,28.976288019],[83.825376859,28.976289643]],[[83.825509795,28.976247495],[83.825377587,28.976289647],[83.825376859,28.976289643],[83.825509795,28.976247495]],[[83.825903947,28.976121824],[83.826072748,28.976070206],[83.825509795,28.976247495],[83.825903947,28.976121824]],[[83.826072901,28.976070159],[83.826073262,28.976070139],[83.826072748,28.976070206],[83.826072901,28.976070159]],[[83.826594843,28.976002112],[83.826597269,28.976041544],[83.826073262,28.976070139],[83.826594843,28.976002112]],[[83.826594769,28.976000923],[83.826869374,28.975164379],[83.82601897,28.974163813],[83.82687277,28.975164439],[83.826594769,28.976000923]],[[83.826018413,28.97416316],[83.825812462,28.973398381],[83.825959381,28.972703453],[83.825815427,28.973398964],[83.826018413,28.97416316]],[[83.826099229,28.972027782],[83.82615317,28.971418777],[83.826446878,28.971043789],[83.825959381,28.972703453],[83.826099229,28.972027782]],[[83.826506692,28.970966746],[83.826598239,28.9706616],[83.82654143,28.970320695],[83.826446878,28.971043789],[83.826506692,28.970966746]],[[83.826442291,28.96974531],[83.826542355,28.968982944],[83.826640171,28.968545043],[83.82654143,28.970320695],[83.826442291,28.96974531]],[[83.826727972,28.968107898],[83.826911062,28.967652086],[83.827154544,28.967300223],[83.826640171,28.968545043],[83.826727972,28.968107898]],[[83.827223799,28.967199495],[83.827316029,28.96710954],[83.827154544,28.967300223],[83.827223799,28.967199495]],[[83.827330632,28.967095198],[83.827528974,28.966896855],[83.827994263,28.96643821],[83.827532762,28.96689759],[83.827316029,28.96710954],[83.827330632,28.967095198]],[[83.82806239,28.966370396],[83.828236554,28.966332278],[83.828407842,28.966185958],[83.828238424,28.966332343],[83.827994263,28.96643821],[83.82806239,28.966370396]],[[83.828673248,28.965956636],[83.829375065,28.965620985],[83.8304218,28.965329222],[83.828407842,28.966185958],[83.828673248,28.965956636]],[[83.830422717,28.965328966],[83.831116873,28.965336601],[83.831958438,28.965574374],[83.831114338,28.965336844],[83.830422717,28.965328966]],[[83.833058085,28.965883816],[83.833057476,28.965884893],[83.831958438,28.965574374],[83.833058085,28.965883816]],[[83.833171028,28.965684289],[83.833714035,28.964773631],[83.833743008,28.964526122],[83.833058085,28.965883816],[83.833171028,28.965684289]],[[83.83377666,28.964221188],[83.833830712,28.964100994],[83.833743008,28.964526122],[83.83377666,28.964221188]],[[83.8339184,28.96389859],[83.833965134,28.963509894],[83.833830712,28.964100994],[83.8339184,28.96389859]],[[83.834013163,28.963080703],[83.834104705,28.962949109],[83.833921631,28.962640144],[83.833852982,28.962317831],[83.833610794,28.961960126],[83.834013163,28.963080703]],[[83.833438383,28.961709846],[83.832950457,28.961269317],[83.832593014,28.960835852],[83.832466969,28.960001573],[83.833438383,28.961709846]],[[83.832441783,28.959836578],[83.832457045,28.959582923],[83.832435591,28.959438084],[83.832458745,28.959583653],[83.832441992,28.959836254],[83.832466969,28.960001573],[83.832441783,28.959836578]],[[83.832409571,28.959274493],[83.832354398,28.958879654],[83.8322355,28.958679181],[83.832435591,28.959438084],[83.832409571,28.959274493]],[[83.832144303,28.95853016],[83.832138658,28.958442625],[83.8322355,28.958679181],[83.832144303,28.95853016]],[[83.832135812,28.958412443],[83.831875291,28.958105343],[83.831855604,28.958015271],[83.831877319,28.958104856],[83.832135812,28.958412443]],[[83.831846808,28.957978982],[83.831856067,28.957669744],[83.831855604,28.958015271],[83.831846808,28.957978982]],[[83.831868435,28.957214237],[83.831929991,28.95706319],[83.831804523,28.956595746],[83.831856067,28.957669744],[83.831868435,28.957214237]],[[83.831717156,28.956451335],[83.83158474,28.956352015],[83.831804523,28.956595746],[83.831717156,28.956451335]],[[83.831456384,28.956257256],[83.83130285,28.956230723],[83.83158474,28.956352015],[83.831456384,28.956257256]],[[83.831061122,28.956190042],[83.830565277,28.956233899],[83.829946439,28.956237293],[83.83130285,28.956230723],[83.831061122,28.956190042]],[[83.829945713,28.956237297],[83.829868221,28.956203069],[83.829946439,28.956237293],[83.829945713,28.956237297]],[[83.82958122,28.956077495],[83.829329487,28.955995483],[83.829115896,28.955760897],[83.829131168,28.955032358],[83.829213551,28.954780371],[83.82958122,28.956077495]],[[83.82925965,28.954634809],[83.82934333,28.954443141],[83.829356065,28.954183455],[83.829213551,28.954780371],[83.82925965,28.954634809]],[[83.829360038,28.954092125],[83.829322028,28.953940063],[83.829356065,28.954183455],[83.829360038,28.954092125]],[[83.829321899,28.953939551],[83.829347665,28.953878089],[83.829322028,28.953940063],[83.829321899,28.953939551]],[[83.829502952,28.953502668],[83.829836977,28.953133144],[83.829954709,28.953066566],[83.829347665,28.953878089],[83.829502952,28.953502668]],[[83.830100011,28.952982162],[83.830283099,28.952617895],[83.830239332,28.951556366],[83.829954709,28.953066566],[83.830100011,28.952982162]],[[83.83017322,28.951209327],[83.830176337,28.950893049],[83.830239332,28.951556366],[83.83017322,28.951209327]],[[83.830176344,28.950548611],[83.830407706,28.950106921],[83.830176337,28.950893049],[83.830176344,28.950548611]],[[83.830427708,28.950068186],[83.830539259,28.949896891],[83.830677986,28.949711976],[83.830407706,28.950106921],[83.830427708,28.950068186]],[[83.83074849,28.949616013],[83.8310994,28.949347106],[83.831880765,28.948901594],[83.830677986,28.949711976],[83.83074849,28.949616013]],[[83.831982024,28.9488227],[83.832083673,28.948737353],[83.831880765,28.948901594],[83.831982024,28.9488227]],[[83.832213156,28.948626213],[83.832273241,28.948552045],[83.832083673,28.948737353],[83.832213156,28.948626213]],[[83.832332359,28.948475675],[83.832308687,28.948102402],[83.832273241,28.948552045],[83.832332359,28.948475675]],[[83.83230472,28.9480466],[83.832305183,28.948047151],[83.832308687,28.948102402],[83.83230472,28.9480466]],[[83.831936867,28.947608999],[83.831889337,28.947471587],[83.83230472,28.9480466],[83.831936867,28.947608999]],[[83.831869904,28.94741706],[83.831845173,28.947384176],[83.831889337,28.947471587],[83.831869904,28.94741706]],[[83.83169872,28.947193596],[83.831721159,28.946968054],[83.832039826,28.946695085],[83.831845173,28.947384176],[83.83169872,28.947193596]],[[83.83225134,28.946511159],[83.832407143,28.946341533],[83.832039826,28.946695085],[83.83225134,28.946511159]],[[83.832485945,28.946253882],[83.832563492,28.946073356],[83.832407143,28.946341533],[83.832485945,28.946253882]],[[83.832602256,28.945980969],[83.832625148,28.945609071],[83.832312395,28.945139902],[83.832347831,28.945061942],[83.832625813,28.945608881],[83.832602256,28.945980969]],[[83.832385109,28.944972436],[83.832228796,28.944821399],[83.832347831,28.945061942],[83.832385109,28.944972436]],[[83.832190348,28.944785166],[83.832188324,28.944686925],[83.832228796,28.944821399],[83.832190348,28.944785166]],[[83.832180523,28.944415047],[83.831953246,28.944193689],[83.831917356,28.944142928],[83.832188324,28.944686925],[83.832180523,28.944415047]],[[83.831732664,28.943884973],[83.831621074,28.943724411],[83.831917356,28.944142928],[83.831732664,28.943884973]],[[83.831362837,28.943561301],[83.831236559,28.943401393],[83.831621074,28.943724411],[83.831362837,28.943561301]],[[83.831206691,28.943364766],[83.831207675,28.943364816],[83.831236559,28.943401393],[83.831206691,28.943364766]],[[83.830347041,28.94332087],[83.830344534,28.94332044],[83.831206691,28.943364766],[83.830347041,28.94332087]],[[83.830344312,28.943320429],[83.830176489,28.943291819],[83.830118009,28.943279025],[83.83017494,28.94329137],[83.830344312,28.943320429]],[[83.829808616,28.943211934],[83.82970146,28.943122276],[83.830118009,28.943279025],[83.829808616,28.943211934]],[[83.829489942,28.942948516],[83.829392759,28.9427682],[83.82970146,28.943122276],[83.829489942,28.942948516]],[[83.829343065,28.942678975],[83.829285735,28.94260432],[83.829392759,28.9427682],[83.829343065,28.942678975]],[[83.829154304,28.942437389],[83.829146627,28.942308751],[83.829285735,28.94260432],[83.829154304,28.942437389]],[[83.829135915,28.942182393],[83.829008248,28.942001783],[83.82897613,28.941923591],[83.829139053,28.942181828],[83.829146627,28.942308751],[83.829135915,28.942182393]],[[83.828841558,28.94160395],[83.828833184,28.941434301],[83.82897613,28.941923591],[83.828841558,28.94160395]],[[83.828823475,28.94129547],[83.828779333,28.941139957],[83.828833184,28.941434301],[83.828823475,28.94129547]],[[83.828750028,28.94104324],[83.82872569,28.940746527],[83.828779333,28.941139957],[83.828750028,28.94104324]],[[83.828719001,28.940670464],[83.828533472,28.940228064],[83.828533788,28.940052143],[83.828450926,28.939955026],[83.82841539,28.939892072],[83.828536454,28.940051506],[83.828536451,28.940228873],[83.828719523,28.940671341],[83.82872569,28.940746527],[83.828719001,28.940670464]],[[83.828353379,28.939788314],[83.828376268,28.939593783],[83.827910951,28.938878585],[83.827758393,28.938426584],[83.827783801,28.938296378],[83.827911271,28.938878304],[83.828379068,28.939593995],[83.82841539,28.939892072],[83.828353379,28.939788314]],[[83.827801174,28.938192365],[83.827940347,28.937982762],[83.828193044,28.937797353],[83.827783801,28.938296378],[83.827801174,28.938192365]],[[83.828193222,28.937797223],[83.828437331,28.937728569],[83.828471267,28.937718671],[83.82843791,28.937728481],[83.828193222,28.937797223]],[[83.828621074,28.937674614],[83.828910036,28.937586938],[83.829276638,28.937285487],[83.828471267,28.937718671],[83.828621074,28.937674614]],[[83.82930966,28.937167555],[83.829276931,28.93728516],[83.829276638,28.937285487],[83.82930966,28.937167555]],[[83.829382987,28.936904071],[83.829411048,28.93678677],[83.829519725,28.936601913],[83.829708827,28.936428495],[83.830075343,28.936320635],[83.830630707,28.936228902],[83.830914043,28.936238281],[83.831641412,28.935961852],[83.829382987,28.936904071]],[[83.831679427,28.935752787],[83.831550097,28.935586262],[83.831641412,28.935961852],[83.831679427,28.935752787]],[[83.831526292,28.935556117],[83.831526863,28.935556346],[83.831550097,28.935586262],[83.831526292,28.935556117]],[[83.830931856,28.93531794],[83.830488936,28.935055291],[83.831526292,28.935556117],[83.830931856,28.93531794]],[[83.830335959,28.934965202],[83.830180481,28.934956013],[83.830089721,28.934756469],[83.830488936,28.935055291],[83.830335959,28.934965202]],[[83.83003935,28.934650417],[83.829657937,28.93436052],[83.829598016,28.934236758],[83.829659313,28.93435981],[83.830041881,28.934651289],[83.830089721,28.934756469],[83.83003935,28.934650417]],[[83.829479406,28.933998653],[83.829502221,28.93375955],[83.829554374,28.933602766],[83.829598016,28.934236758],[83.829479406,28.933998653]],[[83.8295893,28.933490849],[83.830298754,28.932659332],[83.830255528,28.932557335],[83.830300573,28.932659726],[83.830108717,28.932970695],[83.8295893,28.933490849]],[[83.830173471,28.932370814],[83.830054589,28.932243596],[83.830255528,28.932557335],[83.830173471,28.932370814]],[[83.829886834,28.932068102],[83.82979689,28.932043115],[83.830054589,28.932243596],[83.829886834,28.932068102]],[[83.829746473,28.932029651],[83.829441331,28.931808167],[83.829380303,28.931794297],[83.829444394,28.931808719],[83.82979689,28.932043115],[83.829746473,28.932029651]],[[83.829291827,28.931774389],[83.829291755,28.931774174],[83.829380303,28.931794297],[83.829291827,28.931774389]],[[83.829291726,28.931774167],[83.829290892,28.931771623],[83.829291755,28.931774174],[83.829291726,28.931774167]],[[83.82924606,28.931638978],[83.829133694,28.931489813],[83.829290892,28.931771623],[83.82924606,28.931638978]],[[83.828923349,28.931214214],[83.828846371,28.930672699],[83.828924326,28.930154441],[83.829133694,28.931489813],[83.828923349,28.931214214]],[[83.828933327,28.930092256],[83.828948597,28.929468611],[83.82871463,28.928739517],[83.828951256,28.929468313],[83.828933327,28.930092256]],[[83.828688744,28.928689631],[83.828650316,28.928464025],[83.828481306,28.928293708],[83.82865111,28.928463526],[83.828688744,28.928689631]],[[83.828094251,28.927906624],[83.828307849,28.927677766],[83.828389985,28.927629854],[83.828481306,28.928293708],[83.828094251,28.927906624]],[[83.828441112,28.927599727],[83.828671146,28.92746468],[83.828774403,28.92740752],[83.828389985,28.927629854],[83.828441112,28.927599727]],[[83.828941011,28.927313506],[83.829151791,28.927211215],[83.828774403,28.92740752],[83.828941011,28.927313506]],[[83.829199205,28.927187839],[83.829649148,28.927032798],[83.830131659,28.926954547],[83.829151791,28.927211215],[83.829199205,28.927187839]],[[83.830306498,28.926832919],[83.830871,28.926697518],[83.831273505,28.926574532],[83.830131659,28.926954547],[83.830306498,28.926832919]],[[83.831418232,28.926529746],[83.831559419,28.926471366],[83.831273505,28.926574532],[83.831418232,28.926529746]],[[83.831679613,28.926420991],[83.831954239,28.926207391],[83.832411945,28.925978538],[83.832599707,28.925921584],[83.831679613,28.926420991]],[[83.832982286,28.925805274],[83.832982787,28.925805385],[83.832599707,28.925921584],[83.832982286,28.925805274]],[[83.832984076,28.925804994],[83.833032364,28.925816357],[83.832982787,28.925805385],[83.832984076,28.925804994]],[[83.833115539,28.925834765],[83.833113757,28.92583551],[83.833032364,28.925816357],[83.833115539,28.925834765]],[[83.833464666,28.925688664],[83.833465396,28.925688664],[83.833115539,28.925834765],[83.833464666,28.925688664]],[[83.833465536,28.925688606],[83.833513746,28.925688665],[83.833465396,28.925688664],[83.833465536,28.925688606]],[[83.834029164,28.925688673],[83.834447894,28.925720003],[83.833513746,28.925688665],[83.834029164,28.925688673]],[[83.834994891,28.925760372],[83.835505823,28.925747444],[83.835875349,28.925772587],[83.834997966,28.92576116],[83.834447894,28.925720003],[83.834994891,28.925760372]],[[83.836073567,28.925723033],[83.836973717,28.925568567],[83.837263598,28.925419811],[83.837423795,28.925345433],[83.837652037,28.925295382],[83.836977316,28.925568796],[83.835875349,28.925772587],[83.836073567,28.925723033]],[[83.837857953,28.925249526],[83.838898937,28.925291413],[83.83931764,28.925326004],[83.837652037,28.925295382],[83.837857953,28.925249526]],[[83.839346144,28.925328299],[83.839692839,28.925450582],[83.83931764,28.925326004],[83.839346144,28.925328299]],[[83.839775878,28.92547966],[83.840407156,28.925845377],[83.839692839,28.925450582],[83.839775878,28.92547966]],[[83.840787893,28.925967224],[83.841182363,28.926079127],[83.840407156,28.925845377],[83.840787893,28.925967224]],[[83.841184566,28.926079754],[83.841250129,28.926106135],[83.841182363,28.926079127],[83.841184566,28.926079754]],[[83.841676293,28.926275991],[83.841921082,28.926338283],[83.841250129,28.926106135],[83.841676293,28.926275991]],[[83.842061386,28.926373363],[83.842059177,28.926373425],[83.841921082,28.926338283],[83.842061386,28.926373363]],[[83.842914063,28.926349627],[83.843694051,28.926331296],[83.842061386,28.926373363],[83.842914063,28.926349627]],[[83.843831604,28.926314377],[83.844777523,28.926295319],[83.845563243,28.926367804],[83.845716785,28.926394678],[83.843831604,28.926314377]],[[83.845789987,28.926407104],[83.846045326,28.92646604],[83.846514699,28.926594391],[83.845716785,28.926394678],[83.845789987,28.926407104]],[[83.846600696,28.92661766],[83.846672636,28.926652325],[83.846514699,28.926594391],[83.846600696,28.92661766]],[[83.847022125,28.926819085],[83.847231906,28.927025523],[83.846672636,28.926652325],[83.847022125,28.926819085]],[[83.847493201,28.927279462],[83.847637299,28.927398352],[83.847231906,28.927025523],[83.847493201,28.927279462]],[[83.847801193,28.927530532],[83.848050783,28.927603029],[83.848168973,28.927627162],[83.847637299,28.927398352],[83.847801193,28.927530532]],[[83.848195004,28.9276323],[83.848258213,28.927631086],[83.848168973,28.927627162],[83.848195004,28.9276323]],[[83.84838955,28.927628219],[83.848392379,28.927628507],[83.848258213,28.927631086],[83.84838955,28.927628219]],[[83.848393342,28.927628489],[83.849018866,28.927691436],[83.849576257,28.927859544],[83.849016714,28.927692098],[83.848393342,28.927628489]],[[83.84994071,28.927925466],[83.850553232,28.927919711],[83.849576257,28.927859544],[83.84994071,28.927925466]],[[83.851231088,28.927912702],[83.851749816,28.928006161],[83.85206258,28.927954672],[83.852168819,28.92795281],[83.851231088,28.927912702]],[[83.852497552,28.927946316],[83.852780014,28.927955207],[83.852168819,28.92795281],[83.852497552,28.927946316]],[[83.85309241,28.927964224],[83.854091723,28.928116813],[83.854373971,28.928174033],[83.854801157,28.928307542],[83.855028703,28.928340053],[83.854798424,28.928307568],[83.854090647,28.928117262],[83.852780014,28.927955207],[83.85309241,28.927964224]],[[83.855281357,28.928375694],[83.856191921,28.928430828],[83.856420727,28.928511672],[83.856189517,28.92843153],[83.855281742,28.928376207],[83.855028703,28.928340053],[83.855281357,28.928375694]],[[83.856525163,28.928547872],[83.856652923,28.928566223],[83.856420727,28.928511672],[83.856525163,28.928547872]],[[83.856885637,28.928598511],[83.857102147,28.928721714],[83.856652923,28.928566223],[83.856885637,28.928598511]],[[83.857265109,28.92881298],[83.858851796,28.929491958],[83.859187439,28.929739896],[83.859255217,28.929807181],[83.857265109,28.92881298]],[[83.859450514,28.929997547],[83.859762653,28.930270839],[83.860315618,28.930567033],[83.859255217,28.929807181],[83.859450514,28.929997547]],[[83.860995339,28.93093],[83.862567231,28.931479036],[83.860315618,28.930567033],[83.860995339,28.93093]],[[83.86303256,28.931641263],[83.863233371,28.931679517],[83.862567231,28.931479036],[83.86303256,28.931641263]],[[83.863817818,28.931790179],[83.864025445,28.931848023],[83.863233371,28.931679517],[83.863817818,28.931790179]],[[83.86435244,28.931938132],[83.864905256,28.932223837],[83.864025445,28.931848023],[83.86435244,28.931938132]],[[83.865259567,28.932406218],[83.865671491,28.93278003],[83.86656154,28.933389205],[83.86566912,28.932780887],[83.865257683,28.932405977],[83.864905256,28.932223837],[83.865259567,28.932406218]],[[83.867505161,28.934032425],[83.869993676,28.935271036],[83.870035686,28.935347584],[83.867502275,28.934033071],[83.86656154,28.933389205],[83.867505161,28.934032425]],[[83.870835837,28.935768649],[83.870907682,28.935787896],[83.870035686,28.935347584],[83.870835837,28.935768649]],[[83.871157757,28.935854188],[83.872020132,28.93628135],[83.87288776,28.936492347],[83.872018223,28.936281697],[83.870907682,28.935787896],[83.871157757,28.935854188]],[[83.873490491,28.936638361],[83.874161776,28.937147587],[83.874572313,28.937303453],[83.874159703,28.937147365],[83.873491428,28.936639152],[83.87288776,28.936492347],[83.873490491,28.936638361]],[[83.875576118,28.937318894],[83.874573705,28.937303982],[83.874572313,28.937303453],[83.875576118,28.937318894]],[[83.876755418,28.937336437],[83.877129784,28.937522278],[83.875576118,28.937318894],[83.876755418,28.937336437]],[[83.877129858,28.937522315],[83.877968908,28.938736715],[83.878001931,28.938762271],[83.8779683,28.938736321],[83.877129858,28.937522315]],[[83.878410739,28.939077712],[83.878506981,28.939099797],[83.878001931,28.938762271],[83.878410739,28.939077712]],[[83.878969826,28.939204563],[83.880834513,28.939208529],[83.881026379,28.939241178],[83.878967607,28.939205501],[83.878506981,28.939099797],[83.878969826,28.939204563]],[[83.881462081,28.939314248],[83.882213716,28.939274698],[83.881026379,28.939241178],[83.881462081,28.939314248]],[[83.88232956,28.939268484],[83.883137277,28.938689489],[83.882213716,28.939274698],[83.88232956,28.939268484]],[[83.883247133,28.938610529],[83.884078629,28.938450339],[83.88438753,28.938286082],[83.884079091,28.938451148],[83.883137277,28.938689489],[83.883247133,28.938610529]],[[83.884558906,28.938194367],[83.884991787,28.938122568],[83.884992161,28.938122633],[83.88438753,28.938286082],[83.884558906,28.938194367]],[[83.884994039,28.93812232],[83.886115405,28.938316869],[83.886691098,28.938322209],[83.886116695,28.938317505],[83.884994039,28.93812232]],[[83.886733366,28.938322555],[83.886733303,28.9383226],[83.886691098,28.938322209],[83.886733366,28.938322555]],[[83.887244411,28.937958338],[83.886735985,28.938322576],[83.886733366,28.938322555],[83.887244411,28.937958338]],[[83.887246112,28.937957556],[83.887715864,28.937797765],[83.887884137,28.93779939],[83.887717373,28.937798143],[83.887246112,28.937957556]],[[83.888228474,28.937801964],[83.889724154,28.937655756],[83.887884137,28.93779939],[83.888228474,28.937801964]],[[83.890961495,28.937534214],[83.891538666,28.937642963],[83.891710702,28.93775808],[83.892381409,28.938539206],[83.892917726,28.93883945],[83.889724154,28.937655756],[83.890961495,28.937534214]],[[83.893003557,28.93888708],[83.893002881,28.938887122],[83.892917726,28.93883945],[83.893003557,28.93888708]],[[83.89385056,28.938833827],[83.89300381,28.93888722],[83.893003557,28.93888708],[83.89385056,28.938833827]],[[83.893853455,28.93883364],[83.893850616,28.938833818],[83.894093938,28.938772989],[83.893853455,28.93883364]],[[83.89450437,28.938669477],[83.894800203,28.938524773],[83.894093938,28.938772989],[83.89450437,28.938669477]],[[83.894826997,28.938511535],[83.894900993,28.938523507],[83.894800203,28.938524773],[83.894826997,28.938511535]],[[83.8949565,28.938532247],[83.89577466,28.938322945],[83.894900993,28.938523507],[83.8949565,28.938532247]],[[83.896184853,28.938217852],[83.896546274,28.938012498],[83.89577466,28.938322945],[83.896184853,28.938217852]],[[83.89664066,28.937938015],[83.896642162,28.937937815],[83.896546274,28.938012498],[83.89664066,28.937938015]],[[83.89664256,28.937937505],[83.897008722,28.937887924],[83.897336742,28.937907],[83.897504565,28.93794324],[83.897669452,28.938023113],[83.89664256,28.937937505]],[[83.897747446,28.938060646],[83.897748128,28.938061225],[83.897669452,28.938023113],[83.897747446,28.938060646]],[[83.897748671,28.938061488],[83.898198737,28.938442929],[83.898458094,28.93876906],[83.898637887,28.938789147],[83.897748671,28.938061488]],[[83.898812787,28.938808157],[83.898813578,28.938808775],[83.898637887,28.938789147],[83.898812787,28.938808157]],[[83.898816627,28.938809116],[83.898871975,28.938854474],[83.898813578,28.938808775],[83.898816627,28.938809116]],[[83.898957015,28.938921023],[83.899148831,28.938988418],[83.898871975,28.938854474],[83.898957015,28.938921023]],[[83.899365865,28.939062779],[83.899915103,28.939293555],[83.899965019,28.939291287],[83.89991188,28.939294003],[83.899148831,28.938988418],[83.899365865,28.939062779]],[[83.900086606,28.93928507],[83.900297452,28.939364191],[83.900708142,28.939594614],[83.900946984,28.939642175],[83.901352363,28.939804854],[83.901636797,28.939941285],[83.900708447,28.939594901],[83.900296519,28.939364126],[83.899965019,28.939291287],[83.900086606,28.93928507]],[[83.902165454,28.940125117],[83.902462958,28.940247181],[83.902852002,28.940353989],[83.903323079,28.940499034],[83.902165454,28.940125117]],[[83.903678159,28.940607378],[83.903993192,28.940673588],[83.903323079,28.940499034],[83.903678159,28.940607378]],[[83.904217473,28.940720187],[83.904303844,28.940705793],[83.903993192,28.940673588],[83.904217473,28.940720187]],[[83.904627718,28.940650889],[83.904662265,28.940659985],[83.904303844,28.940705793],[83.904627718,28.940650889]],[[83.904896398,28.940720198],[83.905422185,28.940678779],[83.904662265,28.940659985],[83.904896398,28.940720198]],[[83.906152014,28.940620416],[83.906551709,28.940620671],[83.906671469,28.940640622],[83.905422185,28.940678779],[83.906152014,28.940620416]],[[83.90694843,28.9406859],[83.907265265,28.9407439],[83.906671469,28.940640622],[83.90694843,28.9406859]],[[83.907373221,28.940763358],[83.907375493,28.940764078],[83.907265265,28.9407439],[83.907373221,28.940763358]],[[83.907375616,28.940764101],[83.907398676,28.940771422],[83.907375493,28.940764078],[83.907375616,28.940764101]],[[83.908336585,28.941068533],[83.908487936,28.941128814],[83.907398676,28.940771422],[83.908336585,28.941068533]],[[83.908587384,28.941167994],[83.908586237,28.941167965],[83.908487936,28.941128814],[83.908587384,28.941167994]],[[83.908963873,28.941177283],[83.909128777,28.941229208],[83.908587384,28.941167994],[83.908963873,28.941177283]],[[83.909259813,28.941269531],[83.909404752,28.941280976],[83.909405175,28.941281123],[83.90925802,28.941269904],[83.909128777,28.941229208],[83.909259813,28.941269531]],[[83.909408062,28.941281343],[83.909641341,28.941362714],[83.910804236,28.941904869],[83.91099961,28.94204829],[83.909408062,28.941281343]],[[83.911144002,28.942152581],[83.912295864,28.943243502],[83.912742484,28.943575862],[83.912293134,28.943243582],[83.91099961,28.94204829],[83.911144002,28.942152581]],[[83.912993779,28.943738047],[83.913361412,28.944054393],[83.912742484,28.943575862],[83.912993779,28.943738047]],[[83.913913052,28.944525148],[83.914073375,28.94461066],[83.913361412,28.944054393],[83.913913052,28.944525148]],[[83.914143945,28.944647124],[83.9141419,28.94464721],[83.914073375,28.94461066],[83.914143945,28.944647124]],[[83.91424009,28.94464312],[83.914145481,28.944647918],[83.914143945,28.944647124],[83.91424009,28.94464312]],[[83.914277276,28.944641234],[83.914631166,28.944648238],[83.915581885,28.94452385],[83.914630116,28.944649124],[83.914277276,28.944641234]],[[83.916499071,28.944403128],[83.918997645,28.943916202],[83.915581885,28.94452385],[83.916499071,28.944403128]],[[83.920302922,28.943661355],[83.924104175,28.94292142],[83.928001989,28.942178218],[83.918997645,28.943916202],[83.920302922,28.943661355]],[[83.930542951,28.941670368],[83.932794454,28.941086912],[83.928001989,28.942178218],[83.930542951,28.941670368]],[[83.934293036,28.940698033],[83.935917487,28.940088654],[83.932794454,28.941086912],[83.934293036,28.940698033]],[[83.937088131,28.939648866],[83.937090104,28.939648772],[83.935917487,28.940088654],[83.937088131,28.939648866]],[[83.937091868,28.93964811],[83.937702051,28.939619406],[83.937090104,28.939648772],[83.937091868,28.93964811]],[[83.938041678,28.939603109],[83.93812545,28.939604855],[83.937702051,28.939619406],[83.938041678,28.939603109]],[[83.938316517,28.939608071],[83.938627477,28.939470588],[83.939199466,28.939315174],[83.940016541,28.938934141],[83.93812545,28.939604855],[83.938316517,28.939608071]],[[83.940017438,28.938933722],[83.941215108,28.938127006],[83.941768981,28.937262403],[83.941215843,28.938127252],[83.940017438,28.938933722]],[[83.941982952,28.936916188],[83.942488081,28.936133872],[83.941768981,28.937262403],[83.941982952,28.936916188]],[[83.942695058,28.935811721],[83.943526589,28.933872139],[83.94367975,28.933600778],[83.94269644,28.935811176],[83.942488081,28.936133872],[83.942695058,28.935811721]],[[83.943875208,28.933251243],[83.943988683,28.933021106],[83.94367975,28.933600778],[83.943875208,28.933251243]],[[83.94403008,28.932935725],[83.944068225,28.932798409],[83.944247666,28.932568668],[83.943988683,28.933021106],[83.94403008,28.932935725]],[[83.944319913,28.932475446],[83.944578383,28.932297279],[83.94472818,28.932092113],[83.944840289,28.932002446],[83.944579336,28.932296831],[83.944247666,28.932568668],[83.944319913,28.932475446]],[[83.944914991,28.931940195],[83.945418478,28.931234549],[83.945531584,28.931134748],[83.945244808,28.931546421],[83.944917031,28.931941067],[83.944840289,28.932002446],[83.944914991,28.931940195]],[[83.945675573,28.931005227],[83.945746439,28.930855872],[83.945531584,28.931134748],[83.945675573,28.931005227]],[[83.945822792,28.930689103],[83.945906709,28.930435451],[83.946072657,28.930187866],[83.945746439,28.930855872],[83.945822792,28.930689103]],[[83.946142466,28.930082695],[83.946249553,28.9299845],[83.946072657,28.930187866],[83.946142466,28.930082695]],[[83.94678399,28.929491413],[83.947096762,28.929092819],[83.947493959,28.928474693],[83.946249553,28.9299845],[83.94678399,28.929491413]],[[83.947545624,28.928386873],[83.947592318,28.928094495],[83.947493959,28.928474693],[83.947545624,28.928386873]],[[83.947607884,28.927994296],[83.947585014,28.927231426],[83.947632676,28.926849962],[83.947587579,28.927231855],[83.947608311,28.927994347],[83.947592318,28.928094495],[83.947607884,28.927994296]],[[83.94763509,28.926383684],[83.947659375,28.926300864],[83.947632676,28.926849962],[83.94763509,28.926383684]],[[83.947676574,28.926232069],[83.947554534,28.925558835],[83.947534223,28.924521056],[83.947679594,28.925876168],[83.9476794,28.926232573],[83.947659375,28.926300864],[83.947676574,28.926232069]],[[83.947530643,28.924430111],[83.947604116,28.924195022],[83.947534223,28.924521056],[83.947530643,28.924430111]],[[83.947737651,28.923762281],[83.948172481,28.923113848],[83.948813278,28.92239104],[83.9495685,28.921729263],[83.950438149,28.921136149],[83.947737651,28.923762281]],[[83.950439255,28.921135398],[83.951344958,28.920562716],[83.950438366,28.921136006],[83.950439255,28.921135398]],[[83.951345934,28.9205621],[83.952009608,28.920239798],[83.952291569,28.920154069],[83.952013374,28.920240318],[83.951345934,28.9205621]],[[83.952316946,28.920124793],[83.95229186,28.92015398],[83.952291569,28.920154069],[83.952316946,28.920124793]],[[83.952490201,28.919923215],[83.952615199,28.919833089],[83.952316946,28.920124793],[83.952490201,28.919923215]],[[83.953013004,28.919543709],[83.953387769,28.919367857],[83.953609865,28.919329614],[83.953737708,28.919217354],[83.953611583,28.919330102],[83.953016567,28.919543696],[83.952615199,28.919833089],[83.953013004,28.919543709]],[[83.953863324,28.919105059],[83.954260004,28.918828525],[83.954531391,28.918672597],[83.953737708,28.919217354],[83.953863324,28.919105059]],[[83.95469286,28.918578762],[83.954845401,28.918560766],[83.954928258,28.918524889],[83.954847395,28.91856153],[83.954694827,28.918578693],[83.954531391,28.918672597],[83.95469286,28.918578762]],[[83.954969449,28.918506224],[83.955078954,28.918463987],[83.954928258,28.918524889],[83.954969449,28.918506224]],[[83.955234227,28.918402974],[83.955463137,28.918263178],[83.955945299,28.918011846],[83.955236444,28.918403241],[83.955078954,28.918463987],[83.955234227,28.918402974]],[[83.955991661,28.917987489],[83.956387865,28.917926539],[83.955945299,28.918011846],[83.955991661,28.917987489]],[[83.95660843,28.917810112],[83.957452961,28.917577214],[83.956387865,28.917926539],[83.95660843,28.917810112]],[[83.959378675,28.917045399],[83.960721056,28.916450735],[83.957452961,28.917577214],[83.959378675,28.917045399]],[[83.960955561,28.916338378],[83.961565614,28.915882867],[83.961794955,28.915724226],[83.960721056,28.916450735],[83.960955561,28.916338378]],[[83.962338517,28.915346153],[83.962369556,28.915277177],[83.961794955,28.915724226],[83.962338517,28.915346153]],[[83.962403952,28.915192819],[83.962639925,28.914956032],[83.962781723,28.914720479],[83.962643659,28.914955188],[83.962369556,28.915277177],[83.962403952,28.915192819]],[[83.962948804,28.914436441],[83.963083075,28.914255815],[83.962781723,28.914720479],[83.962948804,28.914436441]],[[83.963108377,28.914220732],[83.96327511,28.913920762],[83.963511087,28.913517052],[83.963784624,28.913124903],[83.963108377,28.914220732]],[[83.96379558,28.913109062],[83.963795744,28.913108961],[83.963784624,28.913124903],[83.96379558,28.913109062]],[[83.963795869,28.913108782],[83.964115143,28.912912618],[83.964451792,28.91258784],[83.964519294,28.912525041],[83.963795869,28.913108782]],[[83.96496274,28.912109721],[83.965055581,28.912055733],[83.964519294,28.912525041],[83.96496274,28.912109721]],[[83.965055721,28.912055649],[83.965416613,28.911891045],[83.965483967,28.911866583],[83.965420446,28.911890403],[83.965055721,28.912055649]],[[83.965649299,28.911804584],[83.9658078,28.911565365],[83.965483967,28.911866583],[83.965649299,28.911804584]],[[83.965853874,28.911494151],[83.965924537,28.911435035],[83.9658078,28.911565365],[83.965853874,28.911494151]],[[83.966129897,28.911261048],[83.966396026,28.911158816],[83.965924537,28.911435035],[83.966129897,28.911261048]],[[83.96644399,28.911140129],[83.966640118,28.911128562],[83.966396026,28.911158816],[83.96644399,28.911140129]],[[83.966747798,28.911121834],[83.967106332,28.911085603],[83.967276699,28.911034493],[83.966640118,28.911128562],[83.966747798,28.911121834]],[[83.967408364,28.910993721],[83.967506919,28.910982494],[83.967276699,28.911034493],[83.967408364,28.910993721]],[[83.967663205,28.910963552],[83.968498437,28.911007227],[83.967506919,28.910982494],[83.967663205,28.910963552]],[[83.968504715,28.911007549],[83.968893739,28.911041882],[83.968502325,28.911007429],[83.968504715,28.911007549]],[[83.969452967,28.911091105],[83.969452336,28.911091181],[83.968893739,28.911041882],[83.969452967,28.911091105]],[[83.969976583,28.911027975],[83.96945587,28.911091361],[83.969452967,28.911091105],[83.969976583,28.911027975]],[[83.970331907,28.910984722],[83.970329783,28.910985392],[83.969976583,28.911027975],[83.970331907,28.910984722]],[[83.970500107,28.910931724],[83.970333134,28.910984573],[83.970331907,28.910984722],[83.970500107,28.910931724]],[[83.971164631,28.910721396],[83.971530993,28.910540533],[83.970500107,28.910931724],[83.971164631,28.910721396]],[[83.971765351,28.910423966],[83.972124059,28.91009244],[83.972380448,28.909279784],[83.971530993,28.910540533],[83.971765351,28.910423966]],[[83.972461488,28.909004961],[83.972555227,28.908318105],[83.972380448,28.909279784],[83.972461488,28.909004961]],[[83.972583162,28.90810963],[83.972702845,28.907529934],[83.972683398,28.907002543],[83.972555227,28.908318105],[83.972583162,28.90810963]],[[83.972682751,28.906987175],[83.972670454,28.906929423],[83.972683398,28.907002543],[83.972682751,28.906987175]],[[83.9725039,28.906162807],[83.972689015,28.905386819],[83.972680724,28.905074385],[83.972690412,28.905387056],[83.972507316,28.906163273],[83.972670454,28.906929423],[83.9725039,28.906162807]],[[83.972675165,28.904895006],[83.972560748,28.904490683],[83.972362417,28.904155017],[83.97214883,28.903760229],[83.972089658,28.903586804],[83.972562988,28.904491212],[83.972675964,28.904895051],[83.972680724,28.905074385],[83.972675165,28.904895006]],[[83.972010147,28.903358683],[83.971899289,28.903177537],[83.972089658,28.903586804],[83.972010147,28.903358683]],[[83.9717598,28.90295349],[83.971714032,28.902793286],[83.971432903,28.902331072],[83.971717448,28.902792418],[83.971899289,28.903177537],[83.9717598,28.90295349]],[[83.971391002,28.902293771],[83.971346694,28.902168859],[83.971432903,28.902331072],[83.971391002,28.902293771]],[[83.971332627,28.902131491],[83.971315619,28.901948601],[83.971346694,28.902168859],[83.971332627,28.902131491]],[[83.971293465,28.90172076],[83.971280249,28.901677998],[83.971315619,28.901948601],[83.971293465,28.90172076]],[[83.971256355,28.90160511],[83.97125636,28.901325153],[83.971280249,28.901677998],[83.971256355,28.90160511]],[[83.97125573,28.901210932],[83.971265989,28.901193762],[83.97125636,28.901325153],[83.97125573,28.901210932]],[[83.971386049,28.900987188],[83.971465847,28.900867491],[83.971265989,28.901193762],[83.971386049,28.900987188]],[[83.971491393,28.90082747],[83.971626973,28.900538333],[83.971465847,28.900867491],[83.971491393,28.90082747]],[[83.97166831,28.90044937],[83.971691198,28.900310146],[83.97275823,28.898232181],[83.971626973,28.900538333],[83.97166831,28.90044937]],[[83.973146426,28.897432746],[83.973603814,28.896828309],[83.973741678,28.896453845],[83.973789013,28.896388884],[83.973605988,28.896827679],[83.97275823,28.898232181],[83.973146426,28.897432746]],[[83.973865364,28.896280323],[83.973877945,28.896170255],[83.973789013,28.896388884],[83.973865364,28.896280323]],[[83.973885979,28.896079382],[83.973961595,28.895973393],[83.973937335,28.895500948],[83.973964538,28.89597327],[83.973877945,28.896170255],[83.973885979,28.896079382]],[[83.973895895,28.895391581],[83.973728076,28.895105503],[83.973638953,28.894987487],[83.973937335,28.895500948],[83.973895895,28.895391581]],[[83.973520053,28.894831804],[83.973486729,28.894736555],[83.973638953,28.894987487],[83.973520053,28.894831804]],[[83.973461092,28.894666849],[83.973462446,28.894637157],[83.973486729,28.894736555],[83.973461092,28.894666849]],[[83.973462576,28.894064811],[83.973492836,28.893976604],[83.973462446,28.894637157],[83.973462576,28.894064811]],[[83.973506881,28.893736149],[83.973621316,28.893280336],[83.973688291,28.892384439],[83.973622633,28.893279823],[83.973492836,28.893976604],[83.973506881,28.893736149]],[[83.973704956,28.892151866],[83.973709093,28.892140967],[83.973688291,28.892384439],[83.973704956,28.892151866]],[[83.973796796,28.891905268],[83.973857826,28.891745066],[83.974284918,28.891362505],[83.973709093,28.892140967],[83.973796796,28.891905268]],[[83.974388946,28.891258708],[83.974557708,28.891151143],[83.974284918,28.891362505],[83.974388946,28.891258708]],[[83.974674076,28.891075661],[83.974801012,28.890976865],[83.974557708,28.891151143],[83.974674076,28.891075661]],[[83.975075051,28.890760265],[83.975306153,28.890376804],[83.975517068,28.890079084],[83.975983388,28.889659568],[83.976354865,28.888740385],[83.974801012,28.890976865],[83.975075051,28.890760265]],[[83.976375252,28.888565847],[83.976484857,28.888422315],[83.976354865,28.888740385],[83.976375252,28.888565847]],[[83.976534152,28.888355822],[83.976547591,28.88824077],[83.976679699,28.888015901],[83.976550711,28.88824163],[83.976535451,28.888356061],[83.976484857,28.888422315],[83.976534152,28.888355822]],[[83.976771941,28.887854478],[83.97693196,28.887692554],[83.976679699,28.888015901],[83.976771941,28.887854478]],[[83.97704279,28.887421978],[83.977176839,28.887326726],[83.97693196,28.887692554],[83.97704279,28.887421978]],[[83.97730594,28.887232748],[83.977580568,28.886893275],[83.977760813,28.886589916],[83.977176839,28.887326726],[83.97730594,28.887232748]],[[83.978004248,28.886174608],[83.978129319,28.885835228],[83.977760813,28.886589916],[83.978004248,28.886174608]],[[83.978152717,28.885769959],[83.978174194,28.885727901],[83.978129319,28.885835228],[83.978152717,28.885769959]],[[83.978286349,28.885500174],[83.978489138,28.885273945],[83.978174194,28.885727901],[83.978286349,28.885500174]],[[83.978534147,28.885222607],[83.978763,28.885117715],[83.978764754,28.885117337],[83.978489138,28.885273945],[83.978534147,28.885222607]],[[83.978766105,28.885116717],[83.979098999,28.885044604],[83.979173053,28.885010301],[83.97909865,28.885045248],[83.978766105,28.885116717]],[[83.979350388,28.884927007],[83.979549076,28.884725559],[83.979173053,28.885010301],[83.979350388,28.884927007]],[[83.979625124,28.884647648],[83.979643909,28.884611407],[83.979549076,28.884725559],[83.979625124,28.884647648]],[[83.979739445,28.88442352],[83.980063365,28.884115794],[83.979643909,28.884611407],[83.979739445,28.88442352]],[[83.980309047,28.88388073],[83.980559959,28.88349277],[83.980644579,28.883192798],[83.980768942,28.882915325],[83.980769307,28.882854631],[83.980309047,28.88388073]],[[83.980769313,28.88251827],[83.980792212,28.88187746],[83.981013311,28.881397155],[83.980769307,28.882854631],[83.980769313,28.88251827]],[[83.999155764,29.156594542],[83.999392243,29.156594545],[83.99959081,29.156633851],[83.999395024,29.156595256],[83.999155764,29.156594542]],[[84.000127422,29.156739629],[84.000466781,29.156771829],[83.99959081,29.156633851],[84.000127422,29.156739629]],[[84.000467839,29.156771929],[84.000559635,29.156793531],[84.000466781,29.156771829],[84.000467839,29.156771929]],[[83.999308318,29.157212469],[83.999364109,29.157425999],[83.999305335,29.157213322],[83.999155056,29.156595252],[83.999308318,29.157212469]],[[84.000559968,29.156793609],[84.000859821,29.156863691],[84.001026616,29.156898935],[84.000856884,29.15686348],[84.000559968,29.156793609]],[[84.001459523,29.156989363],[84.001719984,29.157090196],[84.001026616,29.156898935],[84.001459523,29.156989363]],[[84.001935982,29.15717268],[84.002107072,29.157336629],[84.001719984,29.157090196],[84.001935982,29.15717268]],[[84.002283375,29.157502406],[84.002573244,29.157921988],[84.002698178,29.158144389],[84.002107072,29.157336629],[84.002283375,29.157502406]],[[84.002698192,29.158144414],[84.00276541,29.158262217],[84.002837655,29.158452456],[84.002763947,29.158261468],[84.002698192,29.158144414]],[[84.002837683,29.158452529],[84.002931762,29.158696305],[84.002973343,29.15880088],[84.00292988,29.158695305],[84.002837683,29.158452529]],[[84.003064542,29.159022402],[84.003211921,29.159438994],[84.002973343,29.15880088],[84.003064542,29.159022402]],[[84.00327502,29.159613661],[84.003366556,29.159861595],[84.00363354,29.160269733],[84.003706207,29.160398857],[84.00327502,29.159613661]],[[84.003849028,29.160648827],[84.004166109,29.160968272],[84.003706207,29.160398857],[84.003849028,29.160648827]],[[84.004358216,29.161160394],[84.00493934,29.161617258],[84.004166109,29.160968272],[84.004358216,29.161160394]],[[84.005044782,29.161699935],[84.005657753,29.162119532],[84.006367411,29.162571884],[84.00493934,29.161617258],[84.005044782,29.161699935]],[[84.006745862,29.162775808],[84.006989966,29.1629589],[84.007829077,29.16337849],[84.008424083,29.163717977],[84.009186907,29.164389314],[84.010070981,29.165197124],[84.006367411,29.162571884],[84.006745862,29.162775808]],[[84.010425729,29.16548942],[84.010743119,29.165732964],[84.010889134,29.165806935],[84.010070981,29.165197124],[84.010425729,29.16548942]],[[84.011147147,29.165935952],[84.011143811,29.165935952],[84.010889134,29.165806935],[84.011147147,29.165935952]],[[84.011651381,29.165935898],[84.011650837,29.165936069],[84.011147147,29.165935952],[84.011651381,29.165935898]],[[84.012642549,29.165624787],[84.011652055,29.165935898],[84.011651381,29.165935898],[84.012642549,29.165624787]],[[84.013023952,29.16550507],[84.012650238,29.165622372],[84.014951057,29.165691955],[84.013992754,29.165505085],[84.013023952,29.16550507]],[[84.014953371,29.165692407],[84.015586714,29.165815908],[84.015584028,29.165815908],[84.014953371,29.165692407]],[[84.016819861,29.165815803],[84.016973076,29.165681255],[84.015586714,29.165815908],[84.016819861,29.165815803]],[[84.01708224,29.165583328],[84.017324122,29.165268017],[84.016973076,29.165681255],[84.01708224,29.165583328]],[[84.01761624,29.164887218],[84.017324292,29.165267795],[84.017966963,29.16426583],[84.01761624,29.164887218]],[[84.017967157,29.164265485],[84.018493519,29.164032819],[84.020438599,29.163491258],[84.018496234,29.164033493],[84.017967157,29.164265485]],[[84.020879117,29.163180485],[84.021265387,29.162729363],[84.020438599,29.163491258],[84.020879117,29.163180485]],[[84.021407585,29.162562434],[84.022419895,29.162298855],[84.021265387,29.162729363],[84.021407585,29.162562434]],[[84.023791562,29.161941583],[84.02379209,29.161941564],[84.022419895,29.162298855],[84.023791562,29.161941583]],[[84.023795277,29.161940734],[84.025107357,29.161893075],[84.025616338,29.161934322],[84.025103574,29.161893983],[84.023795277,29.161940734]],[[84.025933086,29.16195924],[84.026067693,29.161945681],[84.026814904,29.161997375],[84.027368139,29.162103312],[84.027544309,29.162167383],[84.025933086,29.16195924]],[[84.027624711,29.162196355],[84.02771013,29.162234246],[84.027544309,29.162167383],[84.027624711,29.162196355]],[[84.027710248,29.162234298],[84.028100659,29.16240542],[84.028713689,29.162640033],[84.028097666,29.162406152],[84.027710248,29.162234298]],[[84.028715558,29.162640743],[84.028751856,29.162659683],[84.028713689,29.162640033],[84.028715558,29.162640743]],[[84.029341079,29.162942086],[84.028891009,29.162732291],[84.028751898,29.162659705],[84.030197345,29.163184604],[84.029341079,29.162942086]],[[84.031755755,29.164188937],[84.031007997,29.163426622],[84.03019741,29.163184618],[84.032026341,29.164636799],[84.031755755,29.164188937]],[[84.032144377,29.164843009],[84.032309032,29.165355089],[84.032962381,29.166093704],[84.032026341,29.164636799],[84.032144377,29.164843009]],[[84.033192669,29.166300081],[84.033191206,29.166299953],[84.032962381,29.166093704],[84.033192669,29.166300081]],[[84.033654768,29.166340456],[84.034071039,29.166457067],[84.033192669,29.166300081],[84.033654768,29.166340456]],[[84.034566438,29.166443737],[84.034633187,29.166410645],[84.034071039,29.166457067],[84.034566438,29.166443737]],[[84.035291146,29.165774331],[84.035016516,29.166220605],[84.034633296,29.166410591],[84.035014961,29.166220552],[84.035291146,29.165774331]],[[84.035512378,29.165316613],[84.03587092,29.164881783],[84.036198946,29.164555662],[84.036358308,29.164452076],[84.035512378,29.165316613]],[[84.036501424,29.164356935],[84.036999619,29.163941197],[84.036358308,29.164452076],[84.036501424,29.164356935]],[[84.037099108,29.163857651],[84.037340739,29.163735845],[84.036999619,29.163941197],[84.037099108,29.163857651]],[[84.037562608,29.163623519],[84.03757445,29.163620501],[84.037340739,29.163735845],[84.037562608,29.163623519]],[[84.038083175,29.163489583],[84.038244645,29.163378572],[84.03757445,29.163620501],[84.038083175,29.163489583]],[[84.038384567,29.163280376],[84.038562969,29.163187707],[84.038244645,29.163378572],[84.038384567,29.163280376]],[[84.038807878,29.163058573],[84.039181675,29.162715288],[84.039300271,29.162556851],[84.038562969,29.163187707],[84.038807878,29.163058573]],[[84.039425789,29.162389165],[84.0393003,29.162556811],[84.039509249,29.162245566],[84.039425789,29.162389165]],[[84.039555476,29.162166028],[84.039822481,29.161601509],[84.039986665,29.161303322],[84.039826033,29.161601616],[84.039557369,29.162165685],[84.039509249,29.162245566],[84.039555476,29.162166028]],[[84.040079945,29.161130101],[84.040211334,29.160967475],[84.039986665,29.161303322],[84.040079945,29.161130101]],[[84.040303083,29.160851998],[84.040615851,29.160565927],[84.041006116,29.160277343],[84.040211334,29.160967475],[84.040303083,29.160851998]],[[84.0410064,29.160277133],[84.041477218,29.159961169],[84.042254186,29.159514285],[84.042798856,29.159242004],[84.0410064,29.160277133]],[[84.042881504,29.159200428],[84.042940178,29.159188494],[84.042798856,29.159242004],[84.042881504,29.159200428]],[[84.043330111,29.159107902],[84.043717757,29.159078552],[84.042940178,29.159188494],[84.043330111,29.159107902]],[[84.043865566,29.159066941],[84.044221504,29.159004499],[84.043717757,29.159078552],[84.043865566,29.159066941]],[[84.044301545,29.158990303],[84.044424877,29.158965661],[84.044221504,29.159004499],[84.044301545,29.158990303]],[[84.044765717,29.158897216],[84.04477816,29.158889357],[84.044424877,29.158965661],[84.044765717,29.158897216]],[[84.045772671,29.158426161],[84.045200539,29.15862259],[84.044778197,29.158889334],[84.045198244,29.158622289],[84.045772671,29.158426161]],[[84.04601122,29.158297302],[84.045773483,29.158425816],[84.045773012,29.158425977],[84.04601122,29.158297302]],[[84.046012517,29.158296601],[84.046625253,29.157965372],[84.046626478,29.157964952],[84.046012517,29.158296601]],[[84.046627058,29.157964639],[84.047237331,29.157754859],[84.047595866,29.157690022],[84.047238049,29.157755401],[84.046627058,29.157964639]],[[84.047660608,29.157657194],[84.047596815,29.15768985],[84.047595866,29.157690022],[84.047660608,29.157657194]],[[84.04813481,29.157414446],[84.048852769,29.157149154],[84.047660608,29.157657194],[84.04813481,29.157414446]],[[84.04905106,29.157075346],[84.049051443,29.157075742],[84.048852769,29.157149154],[84.04905106,29.157075346]],[[84.240862779,29.000124368],[84.240604415,29.000124364],[84.240593173,29.00009666],[84.240862779,29.000124368]]]]}},{"type":"Feature","properties":{"slug":"myagdi"},"geometry":{"type":"MultiPolygon","coordinates":[[[[83.21192012,28.508391872],[83.168294331,28.493326622],[83.1312492,28.496165134],[83.125666674,28.527814955],[83.101540482,28.541359484],[83.100541639,28.566983549],[83.108706711,28.581217482],[83.104058571,28.602220105],[83.10554002,28.627702467],[83.107411182,28.632230889],[83.115876493,28.631503643],[83.115252415,28.643570397],[83.12442652,28.658662639],[83.11869272,28.672573024],[83.122828772,28.676746012],[83.134840272,28.673721591],[83.145448648,28.68076391],[83.14326415,28.692931381],[83.152559493,28.701185256],[83.142662273,28.733885907],[83.145432212,28.747158411],[83.186476932,28.743606153],[83.209952863,28.731979134],[83.229297424,28.742889349],[83.248006576,28.730411776],[83.276944149,28.72198398],[83.325570918,28.737958352],[83.362020705,28.734185303],[83.388517832,28.763105782],[83.410444925,28.760672208],[83.446106649,28.768955415],[83.46118734,28.780119612],[83.483461848,28.782888941],[83.486925345,28.790709816],[83.503616661,28.793669137],[83.508201417,28.788174641],[83.548899002,28.775456316],[83.556130906,28.764553117],[83.55375863,28.757029284],[83.55870202,28.746312953],[83.537244102,28.711146266],[83.539708334,28.697244918],[83.527556512,28.688450761],[83.540700514,28.671728863],[83.543729301,28.654863776],[83.561488347,28.644290673],[83.564067452,28.607138976],[83.579690059,28.583478042],[83.59665619,28.589334094],[83.61295049,28.584017139],[83.620907034,28.576003316],[83.642617431,28.573072317],[83.637791584,28.566556957],[83.663373515,28.566985628],[83.67676178,28.585164312],[83.685938156,28.613705302],[83.697304042,28.617400825],[83.706854629,28.640245844],[83.730040165,28.654830508],[83.72789315,28.667007621],[83.73671136,28.67251661],[83.744492028,28.690191473],[83.767400093,28.686524327],[83.789264829,28.693257067],[83.811852439,28.682714568],[83.850109813,28.653426218],[83.871588281,28.613296855],[83.829849858,28.595446917],[83.819331021,28.595388199],[83.801909287,28.579955662],[83.80711153,28.5637811],[83.827665074,28.541921355],[83.828658339,28.534347002],[83.813574551,28.518271371],[83.801598836,28.515481757],[83.772555288,28.480477524],[83.752262799,28.472031741],[83.753511582,28.458412258],[83.736514559,28.438475764],[83.731856535,28.420283297],[83.745311133,28.402705422],[83.757302158,28.405556342],[83.759264311,28.393705644],[83.6880182,28.398841288],[83.678170718,28.378771416],[83.679549486,28.371431358],[83.664672763,28.350193517],[83.658119368,28.348135544],[83.634073246,28.366191219],[83.626702704,28.380873639],[83.597400616,28.39157391],[83.56965185,28.374501434],[83.565394313,28.357215954],[83.568325476,28.341101598],[83.597159101,28.315347072],[83.601228881,28.298231198],[83.585232556,28.309716409],[83.562731682,28.317082026],[83.546500236,28.313613415],[83.535227194,28.303231697],[83.527065001,28.315095178],[83.509744917,28.316773393],[83.497980538,28.324403333],[83.484640407,28.320116778],[83.443513572,28.328796563],[83.438886725,28.340371122],[83.424381468,28.341179272],[83.411338785,28.357513271],[83.377763331,28.355421781],[83.363573698,28.370721732],[83.335639944,28.370922304],[83.31193187,28.354611515],[83.30159985,28.356293835],[83.285928038,28.368584229],[83.278823137,28.367511348],[83.286689038,28.379831833],[83.282461986,28.392912133],[83.289804173,28.39696387],[83.296834878,28.415769684],[83.289315149,28.418491949],[83.279557748,28.433180833],[83.274666839,28.429980806],[83.272643384,28.4421091],[83.288152985,28.445541137],[83.298275998,28.455650607],[83.296514274,28.470203432],[83.283555171,28.475270215],[83.273919997,28.493620513],[83.254363584,28.49584046],[83.257829523,28.500937479],[83.248269938,28.500695361],[83.219453066,28.51385623],[83.21192012,28.508391872]]]]}},{"type":"Feature","properties":{"slug":"nawalpur"},"geometry":{"type":"MultiPolygon","coordinates":[[[[83.592765621,27.575261684],[83.580590124,27.57494791],[83.582754534,27.588011446],[83.573469705,27.601805062],[83.573219295,27.61577498],[83.588159454,27.62128701],[83.586776491,27.62590601],[83.592610645,27.626254875],[83.592154686,27.630698403],[83.597967907,27.631047019],[83.595614713,27.634790083],[83.600896426,27.635931244],[83.599654046,27.645254944],[83.629938215,27.664803739],[83.633040525,27.693337634],[83.653196819,27.691122005],[83.68329606,27.664058274],[83.692929688,27.665508159],[83.706034752,27.658894138],[83.725189075,27.672504811],[83.758293198,27.66746963],[83.762757969,27.66124326],[83.768271948,27.666651851],[83.783208327,27.667057347],[83.811854976,27.662415128],[83.812634791,27.653339274],[83.806541208,27.647604516],[83.809862929,27.635504223],[83.801023028,27.629627749],[83.805221506,27.620917787],[83.79730482,27.620319724],[83.799680847,27.611961453],[83.789937309,27.606412374],[83.801069455,27.596203275],[83.809414171,27.595450091],[83.808118718,27.588769738],[83.821120914,27.592767194],[83.835929507,27.586070768],[83.841515389,27.572661313],[83.831631645,27.565722858],[83.836116056,27.545098851],[83.841872338,27.549299993],[83.843332978,27.558218584],[83.850693859,27.559054741],[83.855254823,27.548551946],[83.870481309,27.54133776],[83.882433032,27.527934648],[83.875908103,27.510243962],[83.887145331,27.508432667],[83.897268951,27.500256867],[83.874725961,27.489376455],[83.88509861,27.48118141],[83.883690174,27.46420586],[83.889802659,27.461717611],[83.887747337,27.446573698],[83.895557775,27.437822915],[83.876530888,27.433147994],[83.867309438,27.425659721],[83.875563394,27.405973931],[83.872846879,27.392422113],[83.905267438,27.38979889],[83.903523727,27.37653031],[83.887833205,27.358438335],[83.862623141,27.346736832],[83.830004972,27.370365723],[83.614684259,27.469632934],[83.610826778,27.489922169],[83.593095419,27.501825272],[83.598311029,27.519412382],[83.591183014,27.520849211],[83.593810849,27.527828805],[83.586682532,27.532151123],[83.591291393,27.533541127],[83.590025848,27.541817921],[83.596276676,27.546779689],[83.59019141,27.550841232],[83.596236755,27.566600956],[83.592765621,27.575261684]]]]}},{"type":"Feature","properties":{"slug":"nuwakot"},"geometry":{"type":"MultiPolygon","coordinates":[[[[85.022357824,27.833561253],[85.013543445,27.832809617],[85.005868774,27.842045474],[85.006516079,27.850512096],[84.989150913,27.858190812],[84.994843252,27.875142187],[84.988845339,27.885414039],[85.010143696,27.925659935],[85.00874523,27.936167339],[85.016395365,27.944144617],[85.01502096,27.951473121],[85.008049703,27.951194971],[85.019619256,27.9682958],[85.028581936,27.97166264],[85.031472279,27.991152801],[85.029533445,27.995593494],[85.003148415,28.000228275],[84.990459529,28.015848096],[84.988492885,28.026523974],[85.013680546,28.026288526],[85.033388495,28.032289177],[85.054630864,28.050445941],[85.062245075,28.066966008],[85.080649319,28.066982617],[85.114907756,28.076842094],[85.122480078,28.091254164],[85.135167978,28.084142951],[85.154577251,28.088447627],[85.169070922,28.08384703],[85.133045147,28.038174134],[85.143737386,28.027568516],[85.187164736,28.01915567],[85.186178515,27.996894101],[85.180252929,27.987623717],[85.183353561,27.97344136],[85.219704823,27.975600819],[85.252438634,27.971372422],[85.255482227,27.974626991],[85.276175431,27.965151434],[85.289924173,27.983167034],[85.329622551,27.988559385],[85.342041772,28.009956909],[85.358905409,28.013127526],[85.389837258,28.030548651],[85.394663156,28.03770921],[85.403460648,28.039151225],[85.405080157,28.055285921],[85.412293247,28.062035618],[85.425564804,28.061896163],[85.425714935,28.072544017],[85.4332452,28.08087264],[85.441799217,28.082592189],[85.444307197,28.076669328],[85.466081705,28.066917069],[85.495832179,28.035361158],[85.494331064,28.002786819],[85.487232844,27.992525752],[85.491990141,27.972229034],[85.483807451,27.970406813],[85.478483948,27.959411028],[85.487538955,27.919835554],[85.475153893,27.884575773],[85.468389847,27.881735792],[85.470191933,27.869208261],[85.451258327,27.850496258],[85.454744957,27.846087774],[85.446559943,27.814721086],[85.420712404,27.809559687],[85.391766759,27.817260395],[85.372700699,27.80912494],[85.361708801,27.814043255],[85.345310391,27.808733528],[85.33269599,27.815158744],[85.300008175,27.812785861],[85.267244908,27.781279788],[85.256415486,27.780282203],[85.246870407,27.772567741],[85.24247018,27.775429537],[85.23201002,27.771462475],[85.229716907,27.776506859],[85.22704734,27.7726571],[85.206164454,27.773820032],[85.204471587,27.769061183],[85.202248415,27.773533807],[85.197841281,27.768879654],[85.192217562,27.77314693],[85.18984664,27.769411227],[85.178672751,27.772119366],[85.176095251,27.767347379],[85.139609173,27.765891046],[85.124779304,27.760679402],[85.114989256,27.774466066],[85.105837222,27.774320744],[85.08783133,27.787814614],[85.052575682,27.797301256],[85.046592886,27.801660204],[85.048483274,27.810214214],[85.041695819,27.81230273],[85.041511179,27.817285465],[85.012431564,27.809519886],[85.022357824,27.833561253]]]]}},{"type":"Feature","properties":{"slug":"okhaldhunga"},"geometry":{"type":"MultiPolygon","coordinates":[[[[86.281314804,27.245878554],[86.266663496,27.253649992],[86.265962679,27.261132753],[86.230122623,27.237429626],[86.203580516,27.250270603],[86.213815282,27.268926994],[86.240604977,27.288785808],[86.235456306,27.296255371],[86.237225553,27.306129461],[86.22891185,27.319935094],[86.219323363,27.322602945],[86.222290999,27.327353136],[86.215661548,27.33358172],[86.217125881,27.353079449],[86.221833804,27.359978291],[86.219052559,27.362225794],[86.224722825,27.37058746],[86.222000751,27.382094953],[86.227907508,27.398244116],[86.236288336,27.404591944],[86.234555606,27.408420324],[86.241914291,27.419015194],[86.248265673,27.420624471],[86.263748884,27.456157135],[86.291802716,27.470180677],[86.295040541,27.478969388],[86.324645523,27.49974042],[86.338276859,27.520082717],[86.355603203,27.526269463],[86.375360083,27.515980905],[86.401495632,27.517027635],[86.423127372,27.487458262],[86.439884527,27.485658522],[86.454511969,27.454507731],[86.467417847,27.445573184],[86.460330891,27.434404305],[86.464617645,27.428466531],[86.473435707,27.421327317],[86.491344101,27.427562571],[86.502593673,27.425425829],[86.509778175,27.410778504],[86.532011253,27.396811564],[86.536087546,27.387465963],[86.564437308,27.365580707],[86.563896518,27.35339709],[86.570768891,27.340778327],[86.589665418,27.343714206],[86.634960679,27.338070425],[86.657250476,27.339794346],[86.670631572,27.352629128],[86.678654632,27.353385637],[86.68289347,27.329583944],[86.679966961,27.324624583],[86.686140529,27.310186532],[86.676174398,27.298491582],[86.667249148,27.297550074],[86.672873854,27.288727389],[86.666726598,27.27704963],[86.670719683,27.272101824],[86.667959996,27.268498658],[86.634535687,27.256458834],[86.631007888,27.248267935],[86.62115391,27.246102582],[86.618737463,27.235037458],[86.597485,27.234589882],[86.586591277,27.223975759],[86.556967837,27.226850059],[86.552338801,27.221772054],[86.555571564,27.21894386],[86.54753469,27.218354024],[86.525793698,27.193076139],[86.511264542,27.186837005],[86.490706549,27.186533681],[86.473445891,27.176596016],[86.467864174,27.168237661],[86.447219708,27.164193355],[86.428445593,27.146838884],[86.4195991,27.150940746],[86.41682533,27.166013052],[86.385698395,27.180997822],[86.379023132,27.193294869],[86.368739305,27.19255401],[86.358078574,27.201463291],[86.343575004,27.202869545],[86.340984351,27.229023996],[86.310273352,27.232820202],[86.281314804,27.245878554]]]]}},{"type":"Feature","properties":{"slug":"palpa"},"geometry":{"type":"MultiPolygon","coordinates":[[[[83.338735812,27.759593914],[83.32908052,27.767441686],[83.313861017,27.762538851],[83.303075541,27.768217742],[83.286015835,27.756985394],[83.260039303,27.756995459],[83.25585499,27.767152662],[83.258326518,27.785406664],[83.245398223,27.790169357],[83.247842814,27.808459477],[83.231040228,27.823304635],[83.248176345,27.831915847],[83.274078672,27.826387096],[83.290415951,27.828441644],[83.293102161,27.83843646],[83.310137333,27.851563011],[83.300618266,27.859837932],[83.30789897,27.856998108],[83.317486131,27.860236014],[83.330465435,27.875196776],[83.30900449,27.889011084],[83.311071293,27.901757077],[83.297492629,27.910841554],[83.306515667,27.914614278],[83.308977563,27.926164323],[83.325263047,27.920832733],[83.344191913,27.926474116],[83.34539807,27.949927497],[83.377477741,27.958920205],[83.392695719,27.948046103],[83.399275955,27.934951143],[83.410001093,27.931042591],[83.419365283,27.930861306],[83.431688969,27.939864978],[83.448105232,27.928684986],[83.460502219,27.93443308],[83.483878187,27.922736612],[83.490487809,27.929195744],[83.505930508,27.928584214],[83.50981372,27.932983995],[83.502917688,27.937153451],[83.508717908,27.940820139],[83.516370075,27.937408938],[83.52408679,27.924158381],[83.531012771,27.939203613],[83.536810661,27.937118201],[83.537929555,27.928115412],[83.548467083,27.928143626],[83.565625544,27.93468522],[83.57102623,27.943063412],[83.576409682,27.937259206],[83.574627675,27.930266442],[83.592963333,27.931217562],[83.600704257,27.923409073],[83.616440896,27.930621649],[83.626151684,27.926095392],[83.621015277,27.917683956],[83.6335078,27.914180084],[83.634316343,27.899379504],[83.654976839,27.902512461],[83.676266906,27.927463193],[83.682001451,27.924182577],[83.683056268,27.916439548],[83.689435776,27.923937834],[83.698334156,27.917008596],[83.719114697,27.920240484],[83.743014949,27.900112419],[83.747512323,27.901436053],[83.742531177,27.904675748],[83.744744632,27.907982917],[83.757112572,27.903140978],[83.756182144,27.909221974],[83.762270809,27.909992935],[83.807224077,27.873262438],[83.820917665,27.877793293],[83.845509686,27.868525251],[83.845205054,27.881653741],[83.858385686,27.873586234],[83.861123543,27.882367855],[83.877553288,27.888396175],[83.880997756,27.882372899],[83.892380854,27.886150101],[83.910134037,27.880289962],[83.913787222,27.87779693],[83.910740723,27.872738843],[83.924771376,27.868270897],[83.939208578,27.878112783],[83.948464696,27.869488892],[83.971548997,27.872656514],[83.978453326,27.866128272],[83.99428159,27.866274247],[84.00036675,27.854745136],[84.021346772,27.851257643],[84.015356125,27.858160177],[84.020085235,27.861956779],[84.028540465,27.856456905],[84.020268238,27.840892816],[84.026753761,27.820635376],[84.020131381,27.817994453],[84.000352197,27.788658253],[83.993755353,27.750990253],[83.950509174,27.747549792],[83.928377431,27.734329784],[83.924178068,27.726863898],[83.904518955,27.73571649],[83.903123986,27.730713423],[83.89646982,27.730092692],[83.876790456,27.735911183],[83.844968959,27.735066975],[83.841833149,27.730487718],[83.848849874,27.712080116],[83.846283075,27.709538995],[83.833609115,27.714039087],[83.820447931,27.710674385],[83.801440199,27.721365572],[83.782331736,27.725095763],[83.751143341,27.721029358],[83.72859594,27.709177788],[83.714557502,27.715633996],[83.678596897,27.720121811],[83.689124635,27.709178271],[83.689944984,27.697977923],[83.704619309,27.682886382],[83.69528931,27.662171808],[83.68329606,27.664058274],[83.653196819,27.691122005],[83.630811376,27.693773937],[83.621592455,27.688356606],[83.608785534,27.702075049],[83.578015137,27.70533068],[83.53123093,27.726074929],[83.51348305,27.729246821],[83.506803391,27.725180093],[83.499372676,27.729550713],[83.492468664,27.725861511],[83.487376007,27.730567196],[83.475638802,27.721527785],[83.455008993,27.728191819],[83.444054095,27.723920174],[83.433494035,27.73248018],[83.432076098,27.739425655],[83.416355212,27.741950323],[83.405801188,27.734823256],[83.388769266,27.748899794],[83.383664744,27.742918575],[83.375888587,27.743314677],[83.372784905,27.734765535],[83.357544371,27.752289161],[83.346139373,27.749977331],[83.338735812,27.759593914]]]]}},{"type":"Feature","properties":{"slug":"panchthar"},"geometry":{"type":"MultiPolygon","coordinates":[[[[87.522411821,26.961604834],[87.502736461,26.971663413],[87.49256785,26.985377904],[87.500707949,26.984053978],[87.511494402,26.990685277],[87.535981463,27.013587333],[87.542190491,27.023868606],[87.53944375,27.033793874],[87.53291988,27.035071082],[87.537619459,27.046215689],[87.56237009,27.06160016],[87.577360365,27.085204546],[87.597259151,27.104867055],[87.634243476,27.118735068],[87.644782241,27.126731058],[87.644921338,27.132730097],[87.663171278,27.132863915],[87.675784424,27.1424768],[87.692114974,27.143270402],[87.706044315,27.150527393],[87.718019854,27.187641916],[87.744602331,27.199060148],[87.751532969,27.208409392],[87.746087499,27.224379328],[87.681033211,27.267492666],[87.681973432,27.27984816],[87.68885815,27.288609515],[87.697934222,27.291292382],[87.724170119,27.28615225],[87.731803112,27.278662298],[87.755283758,27.281044206],[87.780974049,27.272744468],[87.839701741,27.286217175],[87.869640457,27.279091726],[87.880420753,27.284202413],[87.891264581,27.282118921],[87.894405948,27.28646466],[87.917211435,27.286107174],[87.925121598,27.280667172],[87.950439578,27.282704087],[87.974032019,27.301557056],[87.990949737,27.324162573],[88.00384351,27.329131126],[88.017534149,27.354285421],[88.026677838,27.394450314],[88.037367566,27.413559708],[88.067654369,27.43820942],[88.078622339,27.432085288],[88.080070588,27.42676772],[88.055378994,27.418205323],[88.046915766,27.405467786],[88.041810377,27.370240159],[88.057620228,27.35570448],[88.06661046,27.335976004],[88.05251693,27.324571993],[88.041523887,27.304409745],[88.044806146,27.293772239],[88.031717893,27.28628409],[88.030858595,27.250078624],[88.024820549,27.237303195],[88.019239866,27.235936086],[88.018885601,27.225095343],[88.012173992,27.216078508],[88.01600133,27.196214194],[88.012471718,27.177603322],[88.019362601,27.171062272],[88.010981245,27.165832075],[88.007405478,27.143327042],[87.991213737,27.130841149],[87.987430678,27.119378957],[87.991621143,27.105482563],[87.962171743,27.101116091],[87.95184034,27.106184083],[87.943730165,27.099639194],[87.927622433,27.10262095],[87.914516569,27.094430802],[87.895529882,27.092601364],[87.861627512,27.062991587],[87.852234363,27.062559203],[87.840970409,27.047744231],[87.796778288,27.02717079],[87.777988796,27.012864513],[87.764057592,27.013222854],[87.754747324,27.020403182],[87.739488567,27.019696654],[87.732658441,27.006370134],[87.718603585,27.000363843],[87.70268693,26.979459635],[87.690214402,26.974739949],[87.677209471,26.95209907],[87.706319461,26.929329087],[87.693988583,26.922616514],[87.69826977,26.911879654],[87.690311507,26.899840182],[87.68825432,26.881083479],[87.63666564,26.86072177],[87.611764111,26.863724436],[87.583200268,26.859952755],[87.574569258,26.871331355],[87.567340366,26.872066849],[87.559674699,26.884907339],[87.544326279,26.889198189],[87.522322916,26.88476606],[87.531797806,26.901958787],[87.531036328,26.913889291],[87.520902181,26.934616545],[87.526507456,26.945733547],[87.522411821,26.961604834]]]]}},{"type":"Feature","properties":{"slug":"parasi"},"geometry":{"type":"MultiPolygon","coordinates":[[[[83.92184631,27.54726736],[83.925858926,27.559361077],[83.914945664,27.57070639],[83.92234694,27.583571524],[83.916121505,27.600941361],[83.920443286,27.625307346],[83.911868017,27.647131619],[83.920445789,27.655123962],[83.896298663,27.679802869],[83.909147723,27.705388868],[83.902741568,27.709120872],[83.916594481,27.728696181],[83.924262681,27.726904583],[83.928377431,27.734329784],[83.950509174,27.747549792],[83.994339264,27.751538525],[83.992874332,27.761529098],[84.000352197,27.788658253],[84.020131381,27.817994453],[84.026753761,27.820635376],[84.020268238,27.840892816],[84.028540465,27.856456905],[84.039258522,27.857225934],[84.041444307,27.849967063],[84.048770651,27.856133114],[84.053299747,27.84902439],[84.068335152,27.857113071],[84.071503391,27.865053275],[84.078666462,27.863718192],[84.080470041,27.869876597],[84.100867829,27.866413471],[84.095703295,27.858450489],[84.10265231,27.855025093],[84.109171374,27.861833825],[84.116796257,27.850864685],[84.121240105,27.854024029],[84.120167073,27.859877669],[84.126708401,27.859251262],[84.128952599,27.852949868],[84.12070872,27.848460712],[84.124723239,27.845693274],[84.143211,27.850375005],[84.155784928,27.848330819],[84.156209101,27.839689046],[84.1626967,27.841653466],[84.16256268,27.846869992],[84.169459347,27.845686204],[84.173345387,27.852440963],[84.190839734,27.846630756],[84.202200922,27.85245359],[84.207418662,27.849413507],[84.209510151,27.838783627],[84.213564148,27.846568109],[84.22546132,27.83663544],[84.227722343,27.845726464],[84.240178543,27.846671006],[84.252685413,27.838460941],[84.265867278,27.838779114],[84.267575923,27.832523894],[84.291354717,27.837937956],[84.305740549,27.818880339],[84.298073497,27.806494718],[84.3001065,27.792391275],[84.313877241,27.785436364],[84.318335925,27.774375246],[84.315663494,27.763350764],[84.321995044,27.75929979],[84.325713388,27.748285218],[84.333256431,27.749217125],[84.3399772,27.744009198],[84.343895541,27.75119236],[84.351752666,27.748932184],[84.360746255,27.753613211],[84.367770542,27.774512055],[84.378484401,27.779200859],[84.417516171,27.759094028],[84.41782026,27.749228923],[84.423895558,27.747012905],[84.42132885,27.743133278],[84.430748556,27.71319594],[84.429471767,27.704700687],[84.378115974,27.68132251],[84.365196736,27.688606466],[84.360070666,27.698330697],[84.343715511,27.702316149],[84.325360796,27.694025929],[84.313969073,27.680322993],[84.292371671,27.668366993],[84.270973179,27.662993215],[84.257918452,27.651143461],[84.250334776,27.65418301],[84.206678992,27.638804048],[84.135268071,27.584590053],[84.114713579,27.553347565],[84.074662154,27.559568402],[84.064427167,27.551398924],[84.050602156,27.556544503],[84.038854267,27.540582643],[84.031175099,27.537265578],[84.005561234,27.544823076],[83.985361184,27.543951479],[83.97040942,27.550602968],[83.957757267,27.548451662],[83.948475466,27.540231016],[83.924451325,27.544642448],[83.918772858,27.533084721],[83.925645286,27.514785288],[83.941928604,27.515788126],[83.954291804,27.527611305],[83.964883666,27.523259668],[83.969515834,27.514817624],[83.962657899,27.503216194],[83.938754289,27.491587702],[83.944602931,27.465847674],[83.935226424,27.469307099],[83.923256463,27.458513458],[83.916535286,27.45893607],[83.908371456,27.471133161],[83.912719885,27.480824663],[83.908255038,27.491051986],[83.899760878,27.493079053],[83.89188175,27.50585747],[83.875650437,27.510965768],[83.882349544,27.527855591],[83.895675669,27.540242045],[83.917949917,27.542461424],[83.92184631,27.54726736]]]]}},{"type":"Feature","properties":{"slug":"parbat"},"geometry":{"type":"MultiPolygon","coordinates":[[[[83.61443065,28.011573124],[83.599256055,28.014798856],[83.578432666,28.034001549],[83.56189029,28.035373431],[83.560921567,28.064237222],[83.567951981,28.065369535],[83.581307457,28.081352525],[83.5894565,28.080910122],[83.601061038,28.096089535],[83.604780205,28.110607015],[83.629979353,28.122853459],[83.63926291,28.136829884],[83.633855552,28.151049193],[83.643903656,28.167003637],[83.639508034,28.174786985],[83.65927406,28.198724845],[83.671212613,28.203952045],[83.669155161,28.209327836],[83.674319619,28.217897443],[83.66796023,28.230554504],[83.660131902,28.230618756],[83.657387453,28.237395909],[83.648605062,28.237596947],[83.609985201,28.259114155],[83.610716142,28.266906454],[83.60519937,28.270795829],[83.607738885,28.285002629],[83.600465776,28.289358248],[83.600823173,28.308770228],[83.568577704,28.340502281],[83.566732086,28.366293893],[83.56965185,28.374501434],[83.596779071,28.391754821],[83.626702704,28.380873639],[83.634073246,28.366191219],[83.649895016,28.352274792],[83.662515263,28.348990219],[83.679549486,28.371431358],[83.678170718,28.378771416],[83.6880182,28.398841288],[83.699239929,28.399759873],[83.705110805,28.387933169],[83.723135884,28.375253788],[83.718566942,28.368298169],[83.727641329,28.356456638],[83.726107927,28.349019858],[83.737702361,28.343217688],[83.746557099,28.327620373],[83.774462906,28.309068239],[83.761590314,28.292947206],[83.774501419,28.285354907],[83.76562114,28.273924318],[83.800925106,28.26066506],[83.820043174,28.260666723],[83.822789798,28.251316618],[83.798387438,28.228559641],[83.809303454,28.22001121],[83.803606378,28.221334254],[83.799418611,28.209059623],[83.783262506,28.19687693],[83.772152462,28.198458431],[83.756273303,28.190329498],[83.766047121,28.170653127],[83.760440189,28.163863849],[83.76442771,28.154458268],[83.759458219,28.146205945],[83.73078958,28.148063535],[83.708843037,28.130407568],[83.70530811,28.11853741],[83.730047189,28.101491521],[83.717381098,28.090120119],[83.703630182,28.090321145],[83.710591637,28.083179586],[83.712705968,28.063659579],[83.702401619,28.052742801],[83.694006435,28.052422019],[83.693908713,28.041696182],[83.68851131,28.03831341],[83.691225428,28.032724271],[83.69786866,28.033016593],[83.694527389,28.028011875],[83.689101345,28.028999142],[83.685612873,28.022347009],[83.671128949,28.014874537],[83.65593135,28.011820965],[83.635088276,28.017657874],[83.627357101,28.01203746],[83.627102133,28.0055143],[83.61443065,28.011573124]]]]}},{"type":"Feature","properties":{"slug":"parsa"},"geometry":{"type":"MultiPolygon","coordinates":[[[[84.699263505,27.02757532],[84.642750902,27.046640441],[84.646327877,27.075632092],[84.658277663,27.079644853],[84.655166295,27.084386507],[84.670352728,27.091018585],[84.664794953,27.094700295],[84.674659368,27.096517096],[84.674821924,27.108808999],[84.66991129,27.110459214],[84.676991827,27.115244895],[84.67737549,27.133417963],[84.683578164,27.143681328],[84.680375925,27.152052155],[84.686762082,27.158580232],[84.676936177,27.162621656],[84.680917406,27.168861472],[84.675275422,27.170969134],[84.685294604,27.180582178],[84.679241616,27.185722187],[84.683569709,27.196644339],[84.680542468,27.20072499],[84.687288853,27.209151026],[84.684711055,27.213085134],[84.690973066,27.215044493],[84.636798897,27.316090854],[84.618826914,27.337865936],[84.607766486,27.335450607],[84.565037401,27.347597423],[84.503733809,27.354731844],[84.485890783,27.358590162],[84.484123666,27.363799417],[84.487930015,27.371541092],[84.504081693,27.381179099],[84.530453581,27.381054264],[84.539667956,27.385919655],[84.534728866,27.401800465],[84.54587354,27.403842078],[84.54623572,27.40822244],[84.532485732,27.414423983],[84.548356625,27.418031153],[84.561653058,27.463036187],[84.575857291,27.45398247],[84.584771375,27.456492632],[84.601272983,27.451149491],[84.606827249,27.454324792],[84.628280539,27.450876934],[84.642979061,27.442915188],[84.647663772,27.429141561],[84.661735272,27.433037491],[84.670704726,27.429084485],[84.718932868,27.431265038],[84.726073037,27.444686506],[84.755314845,27.435727265],[84.790943846,27.4377587],[84.809243374,27.424524736],[84.810126112,27.415986579],[84.833704525,27.417747351],[84.847625802,27.408625013],[84.851893873,27.398574669],[84.871510455,27.399288287],[84.878616262,27.396330975],[84.881850809,27.388077641],[84.896701274,27.385521478],[84.901267509,27.374718705],[84.908457572,27.377264465],[84.926171365,27.364251659],[84.940884704,27.365784503],[84.944954277,27.360242876],[84.95365369,27.36663869],[84.956703308,27.359219777],[84.964193418,27.36370768],[84.969475931,27.356288866],[84.963999426,27.336122649],[84.967706514,27.313162824],[84.962272495,27.312412806],[84.957606474,27.300322377],[84.972932851,27.264162416],[84.965222318,27.244356567],[84.959906894,27.196529509],[84.953226506,27.191031521],[84.944713156,27.164018677],[84.950631613,27.161487808],[84.952499617,27.151840887],[84.946814261,27.141189249],[84.95517147,27.134954999],[84.955035332,27.126874031],[84.941629462,27.111434637],[84.940272808,27.093158873],[84.928331135,27.089704932],[84.924222039,27.08385439],[84.935845758,27.071043027],[84.917559572,27.072603041],[84.900101884,27.046129883],[84.899180938,27.03341244],[84.917300158,27.034441754],[84.911187466,27.018111928],[84.880576799,26.989369267],[84.867203443,26.988944535],[84.866216483,26.983812853],[84.859019015,26.989172952],[84.855829667,26.986818674],[84.857860004,26.997657114],[84.850129821,26.998340184],[84.854699154,27.008271995],[84.825587242,27.020968349],[84.812057339,27.020832654],[84.812430697,27.015916223],[84.809053096,27.018284522],[84.806930381,27.014736181],[84.810900999,27.013905566],[84.808313831,27.00784188],[84.800262714,27.000782573],[84.797122624,27.004225531],[84.793575689,26.995860909],[84.786307093,26.998577805],[84.788796629,27.008992726],[84.784226998,27.008086362],[84.782642652,27.014203105],[84.773076529,27.017879629],[84.756761964,27.002898029],[84.729673737,27.015017781],[84.721395841,27.014378962],[84.699263505,27.02757532]]]]}},{"type":"Feature","properties":{"slug":"pyuthan"},"geometry":{"type":"MultiPolygon","coordinates":[[[[82.683105649,28.052535046],[82.639841106,28.069018124],[82.625280483,28.069919715],[82.610636318,28.091641897],[82.600443462,28.093744376],[82.606798446,28.103048673],[82.607404449,28.119476675],[82.604301042,28.130865962],[82.588472319,28.1400629],[82.590194581,28.147488429],[82.607046548,28.152043744],[82.613542046,28.170047244],[82.625154084,28.178598559],[82.657930337,28.190793521],[82.682252812,28.192788945],[82.68401173,28.185912707],[82.696412435,28.2036805],[82.696238548,28.211573439],[82.733030789,28.207497778],[82.75842409,28.179867488],[82.786619712,28.177891562],[82.793094212,28.188634609],[82.814396368,28.187537198],[82.825482036,28.199739858],[82.817012596,28.214537256],[82.829397144,28.22007361],[82.838846926,28.23111523],[82.850419407,28.232580009],[82.848790016,28.25605627],[82.861683812,28.257944091],[82.888694461,28.277036409],[82.887760668,28.293268594],[82.899642152,28.29914891],[82.904239691,28.311155246],[82.920253351,28.321485965],[82.926971026,28.348092367],[82.940665434,28.361853986],[82.979932822,28.359484764],[82.994003398,28.350976434],[83.004205236,28.332702196],[83.012898939,28.332875867],[83.019032439,28.325426138],[83.033808146,28.321723628],[83.044230066,28.324729689],[83.061637044,28.317676773],[83.068841004,28.311366644],[83.069426849,28.301934329],[83.097061216,28.277180809],[83.094380856,28.258486297],[83.077806036,28.233711518],[83.051553003,28.243681289],[83.02981072,28.24104272],[83.021898582,28.234893233],[83.027126982,28.236175753],[83.027701706,28.219594406],[83.037067372,28.203289534],[83.036150688,28.185790686],[83.029481655,28.174926336],[83.035003724,28.168204406],[83.04221356,28.168715274],[83.036923344,28.157734641],[83.056898202,28.145319313],[83.049520839,28.140702318],[83.05912399,28.12685166],[83.048280547,28.110879154],[83.050477962,28.106213238],[83.045076781,28.100948705],[83.039752725,28.105511461],[83.02815808,28.099280054],[83.002059943,28.113808103],[83.001959592,28.095888492],[82.993307156,28.090862267],[82.985129935,28.073862205],[82.961572839,28.046317017],[82.96086884,28.0410553],[82.970396297,28.038435799],[82.97477409,28.031253956],[82.976320025,28.019841333],[82.972004949,28.014498635],[82.973484084,28.006390522],[82.952520433,27.993707385],[82.964272209,27.988050444],[82.968217083,27.993523749],[82.974164692,27.991795054],[82.975799544,27.984328697],[82.990793681,27.976200775],[82.999253263,27.97813953],[83.001838187,27.970077428],[83.009267629,27.966607288],[83.017790018,27.947503778],[83.012868528,27.941878222],[83.015919925,27.928337002],[83.011461293,27.920160934],[83.004205611,27.932225668],[82.988491586,27.92547625],[82.98391449,27.930175569],[82.968764401,27.926297772],[82.943039136,27.931072598],[82.928578284,27.922710784],[82.916738445,27.904466658],[82.895149913,27.914185467],[82.877049068,27.901191464],[82.867491261,27.909642996],[82.848375971,27.901232308],[82.824748743,27.905849245],[82.805240851,27.877780287],[82.791613126,27.880650585],[82.790856168,27.891111369],[82.782489656,27.891601708],[82.779143624,27.897615675],[82.774327025,27.89370859],[82.769348203,27.921470359],[82.775557162,27.926211137],[82.764445261,27.941318915],[82.751487704,27.943807507],[82.766212082,27.962844595],[82.76607207,27.968117549],[82.759594914,27.969498582],[82.762712365,27.976921385],[82.746517014,27.974679052],[82.741387928,27.990202186],[82.705376294,28.005949682],[82.695853845,28.015266448],[82.697266653,28.029611154],[82.718730647,28.047325018],[82.704614624,28.05324728],[82.683105649,28.052535046]]]]}},{"type":"Feature","properties":{"slug":"ramechhap"},"geometry":{"type":"MultiPolygon","coordinates":[[[[85.981795528,27.351807798],[85.977254475,27.370877525],[85.961309785,27.387455282],[85.954166569,27.388839165],[85.952010881,27.38146791],[85.945303033,27.380456264],[85.917900222,27.409048197],[85.852215893,27.425102986],[85.82997768,27.437637811],[85.828888293,27.44813067],[85.80927385,27.45515678],[85.809401122,27.462318706],[85.814677893,27.464033078],[85.813985963,27.473974178],[85.797516644,27.500287306],[85.8051311,27.51126089],[85.81890115,27.517860092],[85.81584649,27.523808135],[85.828568462,27.546728986],[85.823253259,27.565921307],[85.827146464,27.576395123],[85.846529857,27.579045897],[85.846515918,27.585098731],[85.863713063,27.595388223],[85.874601511,27.612907152],[85.915068974,27.605105339],[85.95225367,27.589075082],[85.982299998,27.555073561],[85.997664232,27.546000629],[86.000591573,27.541238729],[85.987780402,27.519618193],[85.987968502,27.50780875],[85.993660561,27.508030575],[85.994658962,27.503554866],[85.99954369,27.506786973],[86.000646513,27.502381946],[86.031819653,27.502965606],[86.044501092,27.497970139],[86.056920689,27.501930933],[86.061710042,27.496889275],[86.065055177,27.502234043],[86.074002319,27.501996028],[86.077791118,27.496847863],[86.093527478,27.500290383],[86.114406525,27.480728417],[86.112474717,27.474786851],[86.115755362,27.474180523],[86.129418482,27.48999447],[86.141908529,27.49592459],[86.142380739,27.50951195],[86.150816557,27.515912585],[86.158248789,27.541366879],[86.184390163,27.5591413],[86.191912275,27.571982221],[86.20282641,27.580422466],[86.288838366,27.603419945],[86.303024236,27.61579496],[86.311699192,27.646037349],[86.33016231,27.661363799],[86.339251139,27.683330807],[86.351902433,27.693965388],[86.375774893,27.692387316],[86.381589186,27.701250876],[86.409063439,27.719005266],[86.420605434,27.715629141],[86.427103737,27.737044905],[86.41053283,27.74659789],[86.410320173,27.760765747],[86.413124807,27.774912594],[86.422193111,27.786495654],[86.410735276,27.790697893],[86.41745394,27.794230194],[86.419725717,27.813538945],[86.429849722,27.81534096],[86.438686023,27.828356826],[86.449982758,27.832526587],[86.455955109,27.823502997],[86.47043071,27.826156137],[86.486672206,27.808890088],[86.498528914,27.813770858],[86.510668356,27.806414164],[86.524744207,27.805757156],[86.546379113,27.811463587],[86.567082996,27.804007865],[86.563987038,27.769613693],[86.572762655,27.754598998],[86.562887254,27.749347232],[86.550962418,27.710878954],[86.540255777,27.701615905],[86.538389817,27.671094219],[86.527116786,27.660185683],[86.526217806,27.650415412],[86.51353702,27.648085962],[86.492498094,27.613749593],[86.469694762,27.617132147],[86.434791117,27.610288905],[86.420183599,27.598683561],[86.41345424,27.586807753],[86.398500587,27.583472292],[86.388261663,27.572782631],[86.380271746,27.571176887],[86.369238287,27.558199041],[86.369655042,27.549663371],[86.35853609,27.539784373],[86.354945507,27.524860764],[86.338276859,27.520082717],[86.324645523,27.49974042],[86.295040541,27.478969388],[86.292066551,27.470403162],[86.262944574,27.455108215],[86.248265673,27.420624471],[86.241914291,27.419015194],[86.236032379,27.404132543],[86.22771579,27.397900144],[86.222000751,27.382094953],[86.224722825,27.37058746],[86.217125881,27.353079449],[86.215661548,27.33358172],[86.222312997,27.327276518],[86.218976835,27.323117706],[86.229019776,27.319802608],[86.240604977,27.288785808],[86.213815282,27.268926994],[86.205122062,27.25040118],[86.191396946,27.255198397],[86.157978626,27.252738367],[86.148331912,27.242768215],[86.134893615,27.251428846],[86.128837457,27.264042124],[86.113040289,27.272419615],[86.105840076,27.267956078],[86.091761474,27.268488108],[86.076171467,27.276869477],[86.074216665,27.291576138],[86.055393893,27.288081758],[86.047677097,27.296860286],[86.038651373,27.298429746],[86.030829796,27.309295774],[86.021498278,27.308975834],[86.018502932,27.320362146],[85.997668495,27.337478588],[85.983200361,27.33603385],[85.981795528,27.351807798]]]]}},{"type":"Feature","properties":{"slug":"rasuwa"},"geometry":{"type":"MultiPolygon","coordinates":[[[[85.197526395,27.97527455],[85.183915245,27.973046217],[85.180346924,27.981256793],[85.187164736,28.01915567],[85.143737386,28.027568516],[85.133045147,28.038174134],[85.148188158,28.061432966],[85.170507255,28.082718092],[85.154577251,28.088447627],[85.135167978,28.084142951],[85.122480078,28.091254164],[85.124326531,28.105868435],[85.150445933,28.118169622],[85.158266281,28.129660585],[85.154859565,28.140754276],[85.174192923,28.162406257],[85.195470474,28.168276887],[85.203828249,28.197716609],[85.201612899,28.21062353],[85.187504009,28.223313898],[85.201427136,28.254234451],[85.186870729,28.267512946],[85.17720362,28.295288832],[85.17940169,28.301865834],[85.159842473,28.331925099],[85.181865704,28.324291903],[85.202453808,28.340669445],[85.241456103,28.317827847],[85.254777512,28.294471683],[85.270473677,28.297401115],[85.272910493,28.287791463],[85.303571311,28.289915902],[85.340372749,28.303969177],[85.348196945,28.301713073],[85.348264215,28.288502958],[85.370178613,28.285774257],[85.377641648,28.278584657],[85.412038011,28.308362595],[85.415387228,28.327135701],[85.458003419,28.337029078],[85.487377517,28.331196911],[85.506527977,28.334013665],[85.561753788,28.309830906],[85.591951993,28.308672831],[85.600600001,28.304363179],[85.596635703,28.299032907],[85.598972943,28.279263171],[85.608688511,28.256882109],[85.635433097,28.27393433],[85.645111721,28.289802684],[85.660724492,28.302972257],[85.653760477,28.31747564],[85.664395946,28.331746092],[85.665749101,28.348036578],[85.67620047,28.350703139],[85.686193725,28.346956023],[85.683920007,28.382477457],[85.711481765,28.386284581],[85.717755916,28.375572656],[85.724323905,28.37336953],[85.718904317,28.367343296],[85.719935289,28.359475962],[85.732266839,28.339352617],[85.72753457,28.328857736],[85.737244927,28.319270767],[85.73305809,28.291296599],[85.742941765,28.27173116],[85.748858957,28.238169854],[85.774051865,28.218109405],[85.776377076,28.208606176],[85.799193154,28.198221813],[85.793700113,28.184595699],[85.778783372,28.17437768],[85.749690579,28.175283606],[85.727682238,28.16970305],[85.719243325,28.174088574],[85.712586428,28.169600242],[85.712344746,28.162092977],[85.703397765,28.164025277],[85.688557276,28.156072182],[85.67728691,28.158233109],[85.652608187,28.152008068],[85.627203038,28.129288504],[85.614953932,28.134130175],[85.613014965,28.15049854],[85.601619186,28.158119848],[85.583968812,28.153454162],[85.556186686,28.167918703],[85.532964899,28.167475667],[85.526839237,28.157408161],[85.503285097,28.152136182],[85.490336473,28.138716366],[85.495340969,28.122339678],[85.489243815,28.105788321],[85.473461544,28.105198611],[85.457184338,28.0927744],[85.445335153,28.090091384],[85.441799217,28.082592189],[85.427977877,28.075872504],[85.425564804,28.061896163],[85.412293247,28.062035618],[85.405080157,28.055285921],[85.403460648,28.039151225],[85.394663156,28.03770921],[85.389837258,28.030548651],[85.358905409,28.013127526],[85.342041772,28.009956909],[85.3303252,27.98891574],[85.289924173,27.983167034],[85.276303789,27.965154811],[85.255482227,27.974626991],[85.252438634,27.971372422],[85.197526395,27.97527455]]]]}},{"type":"Feature","properties":{"slug":"rautahat"},"geometry":{"type":"MultiPolygon","coordinates":[[[[85.257292643,26.756444462],[85.234397774,26.762658553],[85.211783455,26.757953116],[85.197135017,26.769995194],[85.191654437,26.782186902],[85.19337486,26.790628867],[85.180122365,26.796200104],[85.182554216,26.800320025],[85.177009279,26.815201181],[85.191181294,26.831282475],[85.192639108,26.866354758],[85.189872397,26.870146003],[85.176370999,26.869266245],[85.165621224,26.87880223],[85.173014004,26.87880422],[85.168224233,26.889709989],[85.163208276,26.889185019],[85.175517949,26.893629442],[85.170744771,26.899582713],[85.17580227,26.900856054],[85.177050047,26.907124766],[85.169971409,26.920129875],[85.178137527,26.923209416],[85.179350931,26.929579931],[85.163980966,26.938324037],[85.175628138,26.94718462],[85.168464186,26.954538541],[85.172298307,26.976879364],[85.163584951,26.980089941],[85.17757116,27.003221727],[85.187003898,27.007578238],[85.182772174,27.018646623],[85.194987319,27.021787912],[85.198191528,27.027881732],[85.177246163,27.037101269],[85.201025033,27.040480905],[85.194673945,27.042944586],[85.196452811,27.050541812],[85.183147701,27.04978567],[85.192276576,27.064935589],[85.200493167,27.065788455],[85.194259381,27.077487877],[85.202458681,27.08365627],[85.197195278,27.107497],[85.231242084,27.13420422],[85.23181741,27.145452727],[85.246106834,27.158531725],[85.25139451,27.190119867],[85.265330775,27.213372451],[85.262568598,27.221686228],[85.271948962,27.229292387],[85.307395184,27.231840225],[85.337608324,27.219825656],[85.348749186,27.222184748],[85.359651168,27.210805938],[85.376593039,27.212102406],[85.38516388,27.207431461],[85.393486163,27.210423827],[85.397285044,27.197675587],[85.448103394,27.186788936],[85.452924318,27.168429399],[85.472268594,27.161899605],[85.486202275,27.16441698],[85.500942735,27.175782205],[85.499562454,27.167706839],[85.503957712,27.163460664],[85.492129007,27.160778337],[85.488249208,27.138882286],[85.473803553,27.129047366],[85.464178635,27.110120896],[85.449342267,27.101007031],[85.442824083,27.090536171],[85.433915164,27.08871419],[85.433819793,27.067260222],[85.424442123,27.06234026],[85.423692597,27.052924335],[85.415466243,27.049560129],[85.41105927,27.036514656],[85.402411137,27.034317963],[85.385970056,27.008632859],[85.401736268,26.978705395],[85.395947824,26.970086006],[85.400851111,26.954641769],[85.398289134,26.9389105],[85.386234893,26.920502255],[85.395523722,26.892807174],[85.392919426,26.883934733],[85.343300209,26.860411908],[85.34328919,26.855060446],[85.352710202,26.848890267],[85.35268648,26.841235321],[85.335603242,26.833783149],[85.321844247,26.804387976],[85.341178493,26.786856086],[85.329723371,26.77715414],[85.345808984,26.775440983],[85.345728228,26.766726129],[85.351267287,26.761736846],[85.333225804,26.760332936],[85.326164597,26.744689211],[85.306669942,26.752252546],[85.257292643,26.756444462]]]]}},{"type":"Feature","properties":{"slug":"rolpa"},"geometry":{"type":"MultiPolygon","coordinates":[[[[82.382315835,28.374119106],[82.36359011,28.388342601],[82.365593517,28.403200946],[82.353219871,28.410452358],[82.350383489,28.421910012],[82.376617989,28.430381217],[82.373826175,28.448332835],[82.395624395,28.460462891],[82.396073444,28.468461285],[82.405643164,28.478220273],[82.405757442,28.486615649],[82.411688388,28.492688168],[82.407517526,28.503740812],[82.417054499,28.517740863],[82.418181296,28.528775676],[82.462950421,28.521294709],[82.492971589,28.540090163],[82.492335332,28.552733403],[82.50902848,28.551249586],[82.528154208,28.558452812],[82.535487554,28.553657857],[82.535367647,28.542362898],[82.544977087,28.525632763],[82.564689997,28.521757645],[82.576594217,28.51408302],[82.588205705,28.514481646],[82.597849229,28.506901104],[82.613631965,28.510929204],[82.641200101,28.494748207],[82.657568989,28.492925917],[82.681559001,28.517402373],[82.686385458,28.514904734],[82.682078076,28.519762351],[82.687113948,28.523841983],[82.694504144,28.520146178],[82.690010895,28.512086358],[82.703268786,28.509139066],[82.71856274,28.522118961],[82.737397058,28.526542756],[82.742780553,28.524650569],[82.742438692,28.512701291],[82.752707317,28.505293494],[82.790702282,28.500620212],[82.832947372,28.478253872],[82.879308786,28.476361081],[82.886347276,28.452473879],[82.900664316,28.447377239],[82.91431247,28.434236206],[82.912264682,28.427414178],[82.919207705,28.409181642],[82.915949069,28.403029036],[82.94362443,28.398452851],[82.942262759,28.393865255],[82.950409718,28.384047711],[82.94798914,28.378714353],[82.956734912,28.364450289],[82.954682892,28.360153028],[82.940665434,28.361853986],[82.92734759,28.348650259],[82.920253351,28.321485965],[82.904239691,28.311155246],[82.899642152,28.29914891],[82.887760668,28.293268594],[82.888895549,28.277608797],[82.883769038,28.271424417],[82.86108546,28.257670671],[82.848577299,28.255844661],[82.852352157,28.235551452],[82.838846926,28.23111523],[82.829397144,28.22007361],[82.817012596,28.214537256],[82.825482036,28.199739858],[82.815271241,28.18811553],[82.793094212,28.188634609],[82.786619712,28.177891562],[82.75842409,28.179867488],[82.733030789,28.207497778],[82.696238548,28.211573439],[82.696412435,28.2036805],[82.68401173,28.185912707],[82.682252812,28.192788945],[82.657930337,28.190793521],[82.625154084,28.178598559],[82.613542046,28.170047244],[82.607046548,28.152043744],[82.590194581,28.147488429],[82.588472319,28.1400629],[82.604301042,28.130865962],[82.607404449,28.119476675],[82.606734144,28.102858502],[82.59766079,28.09275049],[82.595019243,28.101484842],[82.567257288,28.115503423],[82.557873878,28.13604041],[82.539136781,28.131928278],[82.516113497,28.139266788],[82.519344922,28.147365839],[82.504021436,28.149928767],[82.495517278,28.135059203],[82.484610447,28.130531094],[82.479299483,28.144382063],[82.472260504,28.140099922],[82.437167693,28.149096053],[82.396823212,28.168923931],[82.403542902,28.185033229],[82.400584861,28.192421699],[82.4068489,28.220716246],[82.418898556,28.229817573],[82.427643686,28.230080732],[82.426878945,28.239032461],[82.43732578,28.246669152],[82.41330645,28.253889658],[82.403611797,28.262229634],[82.395259311,28.282961549],[82.383609166,28.291690087],[82.376297424,28.304677854],[82.376090205,28.315164387],[82.363506699,28.319558498],[82.367365997,28.329968216],[82.3630239,28.340405944],[82.379317129,28.351775434],[82.376098508,28.358534392],[82.382942224,28.364945709],[82.382315835,28.374119106]],[[82.587570031,28.434637054],[82.577296672,28.423831596],[82.575842467,28.400626149],[82.562126499,28.383221872],[82.562511673,28.377550778],[82.557380776,28.377531275],[82.551925614,28.3591387],[82.539051362,28.351514849],[82.534422856,28.334085511],[82.521643805,28.324541589],[82.539147352,28.315822633],[82.5558439,28.316803275],[82.566001342,28.295698169],[82.582986999,28.295442364],[82.587141606,28.289726637],[82.580960486,28.279963198],[82.584632204,28.278426765],[82.582255872,28.269334256],[82.548644299,28.260712018],[82.551408647,28.251723134],[82.570397077,28.249137323],[82.586143011,28.242565581],[82.588522227,28.236892261],[82.599194372,28.236070421],[82.603497099,28.232739912],[82.599579759,28.225382347],[82.617557366,28.2238238],[82.641672978,28.233743025],[82.630550755,28.237168154],[82.645036789,28.250537642],[82.684005982,28.256098263],[82.685909322,28.265463751],[82.699262586,28.276388228],[82.707810238,28.27274946],[82.724462877,28.277738859],[82.724203343,28.283029728],[82.709000109,28.281411858],[82.706433032,28.28870104],[82.691710784,28.282670427],[82.68938365,28.287556497],[82.675866198,28.286614164],[82.675450111,28.305697334],[82.667459286,28.311880279],[82.670842301,28.321194961],[82.685465711,28.330750104],[82.695290792,28.345134142],[82.692349934,28.351919824],[82.704730661,28.358267069],[82.70020688,28.367150619],[82.708630642,28.377032117],[82.707711906,28.389356531],[82.714931667,28.411151878],[82.706111953,28.419588167],[82.702336308,28.431624692],[82.675048499,28.427376013],[82.666667303,28.421111346],[82.635173992,28.426134757],[82.622674086,28.422114762],[82.601921797,28.434342765],[82.587570031,28.434637054]]]]}},{"type":"Feature","properties":{"slug":"rukum-east"},"geometry":{"type":"MultiPolygon","coordinates":[[[[82.879332551,28.513089576],[82.911813124,28.478413919],[82.8325383,28.478363169],[82.790702282,28.500620212],[82.752707317,28.505293494],[82.742438692,28.512701291],[82.742780553,28.524650569],[82.737397058,28.526542756],[82.71856274,28.522118961],[82.703268786,28.509139066],[82.690010895,28.512086358],[82.694504144,28.520146178],[82.687113948,28.523841983],[82.682078076,28.519762351],[82.686385458,28.514904734],[82.681559001,28.517402373],[82.657312526,28.492808361],[82.640876642,28.494860067],[82.613631965,28.510929204],[82.597849229,28.506901104],[82.588205705,28.514481646],[82.576594217,28.51408302],[82.564689997,28.521757645],[82.544505456,28.526035968],[82.535367647,28.542362898],[82.535487554,28.553657857],[82.529056777,28.558259592],[82.53035612,28.564174252],[82.553613229,28.581728956],[82.575121363,28.579644638],[82.580993435,28.587233019],[82.580609907,28.612446436],[82.560206322,28.610460645],[82.545787125,28.618465079],[82.551491858,28.625245533],[82.547627407,28.6271868],[82.539888881,28.620763285],[82.508357138,28.627779696],[82.485814578,28.640649442],[82.489933374,28.659320523],[82.499824606,28.662470246],[82.501399986,28.667763341],[82.539212313,28.646979041],[82.554662217,28.644054652],[82.578947314,28.664701897],[82.598917913,28.669103146],[82.600659641,28.684874088],[82.61590268,28.689796848],[82.612441163,28.695873988],[82.615325517,28.710052718],[82.605281647,28.71566737],[82.601417861,28.74291067],[82.588051535,28.739959068],[82.566030189,28.743922515],[82.567143866,28.756937452],[82.561865008,28.767775562],[82.566761036,28.767584024],[82.586984788,28.782164771],[82.589701021,28.790353677],[82.619735618,28.809087367],[82.613683992,28.826586911],[82.626055776,28.839213605],[82.62473294,28.846837379],[82.636765096,28.855241897],[82.643057289,28.866497256],[82.656079711,28.866686423],[82.658468258,28.860119503],[82.671814411,28.852167742],[82.695677702,28.864736418],[82.712117846,28.851554997],[82.741787252,28.845864573],[82.765835,28.808605428],[82.781760245,28.824293516],[82.799354496,28.820700101],[82.81712246,28.831343433],[82.835693756,28.831671921],[82.843778947,28.826524201],[82.867583462,28.834264452],[82.89610641,28.824736119],[82.904878209,28.832361854],[82.930212321,28.827090583],[82.947214802,28.829037836],[82.956657614,28.820981717],[82.965868757,28.820375907],[82.980927778,28.800750877],[82.997382684,28.803919261],[83.022352809,28.790771088],[83.036090917,28.79279179],[83.0683803,28.779989255],[83.079269027,28.786181467],[83.113654439,28.743608398],[83.145432212,28.747158411],[83.142662273,28.733885907],[83.152559493,28.701185256],[83.143576095,28.693659756],[83.14646549,28.681821514],[83.139068295,28.675449431],[83.122828772,28.676746012],[83.118941984,28.673310022],[83.125011216,28.664017154],[83.115252415,28.643570397],[83.115876493,28.631503643],[83.096360117,28.635160147],[83.080879256,28.625617801],[83.05752513,28.620126967],[83.042820865,28.629983221],[83.019127274,28.621738138],[82.97697026,28.628962988],[82.967072094,28.615443591],[82.956491549,28.610514956],[82.952637111,28.598107919],[82.962291921,28.581897739],[82.985472002,28.570870901],[82.977363362,28.546235554],[82.973814912,28.542346923],[82.933035977,28.565587259],[82.920810719,28.567238806],[82.91367252,28.555580528],[82.914066481,28.527605485],[82.895133751,28.515639379],[82.878183152,28.515969668],[82.879332551,28.513089576]]]]}},{"type":"Feature","properties":{"slug":"rukum-west"},"geometry":{"type":"MultiPolygon","coordinates":[[[[82.279718814,28.700447555],[82.275960347,28.706117603],[82.289065082,28.72686005],[82.283170464,28.732609249],[82.290131423,28.738209076],[82.283926946,28.749009365],[82.289802324,28.756881841],[82.283438528,28.762234071],[82.293853031,28.784638762],[82.30705244,28.787687475],[82.335848542,28.78416895],[82.345222982,28.786457805],[82.349325561,28.792937699],[82.357634765,28.791981466],[82.364194622,28.795806264],[82.375528741,28.822056176],[82.400307591,28.841952052],[82.430789732,28.851369167],[82.455554979,28.873489712],[82.462102378,28.874986415],[82.471227075,28.868289852],[82.496814172,28.878717057],[82.507484932,28.894937891],[82.504404682,28.921330836],[82.516102053,28.930646699],[82.513270585,28.949976178],[82.552013769,28.987776092],[82.574839222,28.992064017],[82.593510272,28.980931441],[82.61491742,28.978300489],[82.640514987,28.962876972],[82.666245805,28.963405228],[82.670809706,28.945485204],[82.686498352,28.917264607],[82.699749908,28.908472549],[82.700270724,28.901106426],[82.690948907,28.888355787],[82.699783814,28.882795679],[82.695677702,28.864736418],[82.671814411,28.852167742],[82.658468258,28.860119503],[82.656079711,28.866686423],[82.643057289,28.866497256],[82.636765096,28.855241897],[82.62473294,28.846837379],[82.626055776,28.839213605],[82.613683992,28.826586911],[82.619735618,28.809087367],[82.589701021,28.790353677],[82.586984788,28.782164771],[82.566761036,28.767584024],[82.561926245,28.76799498],[82.567143866,28.756937452],[82.566030189,28.743922515],[82.588051535,28.739959068],[82.601417861,28.74291067],[82.605281647,28.71566737],[82.615240773,28.710320254],[82.612441163,28.695873988],[82.61590268,28.689796848],[82.600659641,28.684874088],[82.598917913,28.669103146],[82.578947314,28.664701897],[82.554662217,28.644054652],[82.539212313,28.646979041],[82.519246327,28.660690119],[82.506127955,28.661791084],[82.488138437,28.672817063],[82.449938752,28.671276048],[82.43114929,28.646930976],[82.420333615,28.640575851],[82.391783607,28.647068292],[82.383131426,28.631656472],[82.372882448,28.630944209],[82.368113899,28.620794894],[82.369971315,28.611363479],[82.382628105,28.614859706],[82.389994604,28.608134867],[82.396476029,28.612295259],[82.412918214,28.610543711],[82.412297268,28.60167221],[82.424706596,28.601452153],[82.42465364,28.592362741],[82.434751458,28.58564069],[82.428416903,28.577107016],[82.473527473,28.578516949],[82.493890164,28.557416867],[82.492971589,28.540090163],[82.462950421,28.521294709],[82.429214039,28.524660619],[82.401516272,28.535600226],[82.392871911,28.526603563],[82.383929755,28.529494173],[82.375001556,28.566480071],[82.353136828,28.576737384],[82.339988815,28.58958739],[82.307393661,28.59288745],[82.299545638,28.59763884],[82.272602362,28.592916156],[82.237353207,28.609731244],[82.221141255,28.607207568],[82.202082252,28.622495456],[82.184736212,28.623130911],[82.191297433,28.631173568],[82.186516459,28.638099862],[82.192080251,28.639133718],[82.19817899,28.663932942],[82.194551145,28.668826002],[82.197126979,28.683311696],[82.209147168,28.676013786],[82.216599841,28.687026806],[82.228809289,28.68846609],[82.23256466,28.702401163],[82.247412786,28.712431189],[82.260028284,28.707872971],[82.274377055,28.692375479],[82.27999801,28.694327688],[82.279718814,28.700447555]]]]}},{"type":"Feature","properties":{"slug":"rupandehi"},"geometry":{"type":"MultiPolygon","coordinates":[[[[83.227687325,27.522574971],[83.215615254,27.550199858],[83.204296465,27.559889006],[83.208853904,27.564348416],[83.20588712,27.570858595],[83.231706362,27.609471645],[83.23053917,27.625452365],[83.220642127,27.645711573],[83.227958514,27.667267219],[83.229268589,27.695122145],[83.22172906,27.704030102],[83.222710034,27.715569005],[83.215495539,27.72713835],[83.217878492,27.736424478],[83.212357254,27.759362688],[83.225879753,27.763215843],[83.237547926,27.750409486],[83.246475905,27.751311219],[83.247470572,27.758931103],[83.25585499,27.767152662],[83.259822453,27.757217748],[83.264754751,27.75620616],[83.286015835,27.756985394],[83.303075541,27.768217742],[83.313861017,27.762538851],[83.328674886,27.767516424],[83.343825492,27.757025845],[83.346139373,27.749977331],[83.357544371,27.752289161],[83.371057067,27.735118665],[83.375888587,27.743314677],[83.383664744,27.742918575],[83.388769266,27.748899794],[83.405801188,27.734823256],[83.416355212,27.741950323],[83.432076098,27.739425655],[83.433494035,27.73248018],[83.444054095,27.723920174],[83.455008993,27.728191819],[83.475638802,27.721527785],[83.487376007,27.730567196],[83.49291948,27.725831582],[83.51382713,27.729198392],[83.567178251,27.713056322],[83.578015137,27.70533068],[83.60271867,27.704577985],[83.621592455,27.688356606],[83.633040525,27.693337634],[83.629938215,27.664803739],[83.602688838,27.648115603],[83.597760599,27.639087725],[83.600896426,27.635931244],[83.595216087,27.634324119],[83.597718698,27.630622116],[83.592154686,27.630698403],[83.59305458,27.626605912],[83.586776491,27.62590601],[83.588159454,27.62128701],[83.581255022,27.61660046],[83.574550517,27.617861623],[83.571782896,27.610457066],[83.582657662,27.588525586],[83.580590124,27.57494791],[83.595863629,27.572811388],[83.59019141,27.550841232],[83.596276676,27.546779689],[83.590025848,27.541817921],[83.591291393,27.533541127],[83.586682532,27.532151123],[83.593810849,27.527828805],[83.591183014,27.520849211],[83.598311029,27.519412382],[83.593095419,27.501825272],[83.610826778,27.489922169],[83.614684259,27.469632934],[83.388857686,27.479722645],[83.392417394,27.476511862],[83.388670309,27.470751017],[83.402601658,27.466416234],[83.401991334,27.457702201],[83.396077193,27.446742733],[83.383980379,27.442448074],[83.384291699,27.436256013],[83.409650684,27.412717692],[83.402492597,27.400974839],[83.384872067,27.390435854],[83.388161388,27.375951397],[83.374024018,27.368989013],[83.373818315,27.357372685],[83.364629439,27.355844317],[83.357838312,27.350524451],[83.359259063,27.343324435],[83.351202146,27.342684816],[83.342577685,27.334715851],[83.331794091,27.332778436],[83.318263869,27.337478383],[83.317600837,27.330225653],[83.2916662,27.335067162],[83.265673429,27.365622719],[83.272328035,27.383689554],[83.217073222,27.417928926],[83.23134853,27.430828272],[83.216880713,27.444544513],[83.22740269,27.469071878],[83.223400226,27.468873714],[83.218952623,27.479879405],[83.221190243,27.491558815],[83.230014208,27.501192317],[83.226681638,27.505492192],[83.231699378,27.507099305],[83.233054945,27.514236428],[83.227687325,27.522574971]]]]}},{"type":"Feature","properties":{"slug":"salyan"},"geometry":{"type":"MultiPolygon","coordinates":[[[[82.110158967,28.258076135],[82.102828753,28.258896118],[82.093869603,28.249056319],[82.083281516,28.248646327],[82.070250025,28.236756569],[82.056404066,28.242086461],[82.044187043,28.230196703],[82.038485765,28.215027013],[82.032784488,28.213797038],[82.024639806,28.201087297],[82.031155552,28.187557573],[82.019752997,28.18181769],[82.01405172,28.153938259],[82.00916491,28.151068317],[81.979844055,28.182637673],[81.966812564,28.18427764],[81.96436916,28.194117439],[81.953781073,28.194117439],[81.939935114,28.201497289],[81.939935114,28.206417188],[81.928532559,28.20928713],[81.92364575,28.22691677],[81.898397236,28.233066645],[81.884551276,28.243316436],[81.862560635,28.238396536],[81.866632976,28.249876302],[81.845456803,28.27201585],[81.809620202,28.283085624],[81.794959775,28.273655817],[81.789258497,28.29456539],[81.768896792,28.300715265],[81.763195515,28.309325089],[81.755865301,28.307275131],[81.745277215,28.318754897],[81.753421897,28.332284621],[81.753421897,28.343764387],[81.771340197,28.374513759],[81.770525729,28.384353559],[81.781928284,28.390913425],[81.809620202,28.390093442],[81.821022757,28.380663634],[81.839755526,28.381073626],[81.843827867,28.374923751],[81.856859358,28.372873793],[81.868261912,28.364263969],[81.904098513,28.354834161],[81.929347027,28.338434495],[81.939120645,28.33720452],[81.961925755,28.352784203],[81.971699373,28.351964219],[81.982058991,28.362596494],[81.97562263,28.37521888],[81.976678617,28.386014585],[81.989855427,28.39539402],[81.974091711,28.40459421],[81.972002052,28.415829707],[81.96190951,28.424951792],[81.966074416,28.445080488],[81.961191164,28.447253596],[81.963173823,28.451568537],[81.980067086,28.445140606],[81.9866361,28.447283621],[81.983743234,28.45502393],[81.990860653,28.461981132],[82.010404032,28.468047583],[82.009052283,28.478650897],[82.025227244,28.499141158],[82.0205436,28.511632878],[82.027618229,28.517543863],[82.01836193,28.527773668],[82.018027084,28.543232734],[81.994094547,28.569985562],[82.002818036,28.578319658],[82.000857585,28.58724893],[82.011515999,28.595588427],[82.004050829,28.61325694],[82.025502352,28.613881358],[82.021744568,28.627216511],[82.029158204,28.640780479],[82.04336148,28.636579997],[82.046770485,28.642127655],[82.057102171,28.644443017],[82.054411514,28.634850057],[82.069722213,28.630117077],[82.082317403,28.618185727],[82.128847173,28.621625165],[82.13827456,28.626594582],[82.144591179,28.624592479],[82.142802198,28.615907258],[82.167144859,28.611366697],[82.184736212,28.623130911],[82.193940273,28.623483253],[82.202082252,28.622495456],[82.221141255,28.607207568],[82.237353207,28.609731244],[82.272516373,28.592934966],[82.282657621,28.596908613],[82.29247117,28.593359826],[82.299545638,28.59763884],[82.307393661,28.59288745],[82.339816399,28.589643196],[82.353136828,28.576737384],[82.375001556,28.566480071],[82.383535116,28.529732833],[82.392871911,28.526603563],[82.401516272,28.535600226],[82.41727011,28.530499227],[82.417054499,28.517740863],[82.407517526,28.503740812],[82.411688388,28.492688168],[82.396073444,28.468461285],[82.396432206,28.461627744],[82.373826175,28.448332835],[82.376241672,28.429990247],[82.35036412,28.42179521],[82.353219871,28.410452358],[82.365593517,28.403200946],[82.36359011,28.388342601],[82.383590497,28.372847489],[82.382826993,28.364712291],[82.376098508,28.358534392],[82.379317129,28.351775434],[82.363190995,28.340864405],[82.367365997,28.329968216],[82.363506699,28.319558498],[82.376090205,28.315164387],[82.376297424,28.304677854],[82.383609166,28.291690087],[82.395259311,28.282961549],[82.403611797,28.262229634],[82.41330645,28.253889658],[82.43732578,28.246669152],[82.426878945,28.239032461],[82.427643686,28.230080732],[82.418898556,28.229817573],[82.4068489,28.220716246],[82.39825263,28.169863488],[82.393961269,28.173471349],[82.396877777,28.182773535],[82.392831271,28.189304504],[82.37808865,28.1845678],[82.367147219,28.189867977],[82.337572553,28.22355654],[82.312443626,28.223421023],[82.310186787,28.23168067],[82.302252151,28.232670034],[82.300400295,28.245989846],[82.275490482,28.2485119],[82.244003219,28.237945009],[82.217812608,28.249683137],[82.198698175,28.242958374],[82.16945028,28.251592059],[82.160834735,28.241800783],[82.143819421,28.237152794],[82.132821218,28.251566632],[82.119932585,28.251516268],[82.110158967,28.258076135]],[[82.016680635,28.343043771],[82.013534834,28.341578302],[82.005856434,28.341166611],[82.015680656,28.341304437],[82.016680635,28.343043771]],[[82.029526615,28.34704432],[82.033506944,28.353573308],[82.028831016,28.352767787],[82.028679188,28.343887729],[82.024226143,28.341408553],[82.030341083,28.343764387],[82.029526615,28.34704432]],[[82.039843524,28.353115152],[82.039268848,28.35289065],[82.040832383,28.352693885],[82.040126299,28.353085908],[82.039843524,28.353115152]],[[82.064763077,28.339699098],[82.061356306,28.338577531],[82.055154518,28.337342061],[82.066617752,28.339570236],[82.064763077,28.339699098]],[[82.068704741,28.339239755],[82.068670633,28.339242009],[82.068754263,28.33922096],[82.068704741,28.339239755]],[[82.069062522,28.339143373],[82.071535144,28.338521032],[82.070320151,28.339064668],[82.069062522,28.339143373]],[[82.085160957,28.339292533],[82.076718428,28.338168399],[82.074975579,28.337655099],[82.085428697,28.339094734],[82.085160957,28.339292533]],[[82.088113741,28.338461972],[82.089042119,28.33799464],[82.088523706,28.338390474],[82.088113741,28.338461972]],[[82.112889682,28.344898139],[82.101382476,28.34169128],[82.09656776,28.33488292],[82.102828753,28.341714428],[82.112889682,28.344898139]],[[82.127129295,28.328318359],[82.12702951,28.328316561],[82.127547712,28.328251347],[82.127129295,28.328318359]],[[82.129407508,28.328017298],[82.128936617,28.328118464],[82.127573817,28.328248062],[82.129407508,28.328017298]],[[82.147711758,28.321604942],[82.144581572,28.317051945],[82.138009064,28.316149249],[82.145995567,28.316704939],[82.147711758,28.321604942]]]]}},{"type":"Feature","properties":{"slug":"sankhuwasabha"},"geometry":{"type":"MultiPolygon","coordinates":[[[[87.139313896,27.449150007],[87.125654118,27.45746634],[87.110528186,27.458907381],[87.108702818,27.463653928],[87.094253761,27.455534827],[87.072575179,27.460053729],[87.056893152,27.44097239],[87.042141424,27.447936199],[87.01007975,27.436071556],[86.980422369,27.441928013],[86.954848161,27.45825574],[86.940165309,27.459222708],[86.947979621,27.47514881],[86.96293148,27.483547142],[86.942883593,27.509217387],[86.947987697,27.527937818],[86.966707382,27.54156944],[86.965886794,27.561506032],[86.953452991,27.572359724],[86.956916475,27.589210915],[86.953728671,27.60467686],[86.968242578,27.632859678],[86.983692566,27.64631432],[86.987392166,27.687067515],[87.005117607,27.711534907],[87.008242997,27.726006363],[86.995363241,27.731744186],[86.993683727,27.742145418],[86.978958722,27.750284494],[86.982991813,27.756103924],[86.979450154,27.775355959],[86.986191588,27.780688293],[86.983127122,27.791411846],[86.993582355,27.795137764],[87.010156987,27.814789249],[86.997957054,27.824473356],[86.976737491,27.825926659],[86.989678301,27.839431625],[86.99058976,27.847014904],[86.973989746,27.877397149],[86.973296683,27.895223235],[86.96706258,27.902716956],[86.972878969,27.915310062],[86.981092974,27.919880239],[86.979182604,27.936189938],[86.983289324,27.949511011],[87.015719067,27.957739423],[87.024178633,27.950040075],[87.039131975,27.950435996],[87.053383024,27.926633001],[87.078276384,27.915707861],[87.077810925,27.902886245],[87.088552633,27.889617808],[87.088823069,27.882654996],[87.107176527,27.874975385],[87.108156682,27.854337116],[87.115905236,27.840376123],[87.126340197,27.834234608],[87.140498837,27.83716529],[87.156733438,27.824519771],[87.168280551,27.821737852],[87.217816834,27.823631392],[87.225673394,27.819756192],[87.238651492,27.839514545],[87.2604445,27.850984047],[87.303607586,27.843486498],[87.304459782,27.835526971],[87.31786594,27.825783832],[87.347964019,27.830456028],[87.355242011,27.827479613],[87.37384479,27.845351427],[87.402604811,27.851953305],[87.418577852,27.862545907],[87.425647451,27.858835428],[87.431756969,27.842443371],[87.408883982,27.83885577],[87.40361953,27.83411522],[87.449799952,27.822357673],[87.490097559,27.846517206],[87.535957829,27.843197095],[87.547697935,27.853256356],[87.552131576,27.865209815],[87.561383947,27.867090194],[87.57879379,27.862043401],[87.586354017,27.852889916],[87.589495615,27.820435353],[87.601512092,27.821148386],[87.61146985,27.810622566],[87.616851202,27.818957677],[87.632012459,27.824824999],[87.635817862,27.834427656],[87.6695122,27.834931673],[87.66303877,27.822655705],[87.664619247,27.809549021],[87.677329362,27.789883624],[87.670877043,27.780728127],[87.67163399,27.773459598],[87.657150717,27.761688935],[87.663708878,27.750295565],[87.641215577,27.73097386],[87.644126473,27.727210559],[87.637922479,27.718767379],[87.639374741,27.710110485],[87.621907978,27.711866382],[87.612843369,27.700244557],[87.616396676,27.688643274],[87.605276024,27.674239094],[87.590617393,27.681449999],[87.579792927,27.67616658],[87.574618022,27.693150294],[87.561122159,27.698498635],[87.549367604,27.680773676],[87.545463667,27.659544546],[87.532291117,27.652229201],[87.539712926,27.651018258],[87.545043276,27.638245235],[87.534743138,27.632024347],[87.529396316,27.59495459],[87.524993999,27.592900067],[87.512793326,27.598976619],[87.481834031,27.567175053],[87.487226114,27.546540789],[87.480710288,27.543305393],[87.474983591,27.527172465],[87.476360124,27.51242523],[87.46822436,27.507495831],[87.466494099,27.495935883],[87.471258377,27.48670066],[87.458649816,27.473766886],[87.461091676,27.446741879],[87.456218096,27.425945751],[87.444443765,27.406234277],[87.456706611,27.386738407],[87.458506782,27.371664769],[87.492528678,27.332521147],[87.49747358,27.313974619],[87.514367684,27.306171987],[87.516660148,27.297366054],[87.479662026,27.250218224],[87.467409598,27.217905596],[87.470113822,27.197893718],[87.451689501,27.179670802],[87.419940271,27.176089297],[87.406015781,27.155942257],[87.409410188,27.146011003],[87.406750374,27.136397363],[87.389729953,27.147944356],[87.386096674,27.15915968],[87.374196415,27.167274378],[87.376106768,27.179501275],[87.36534772,27.188343242],[87.328541945,27.18832821],[87.312397429,27.182356261],[87.285282156,27.190225773],[87.261162461,27.177093062],[87.24703654,27.191570974],[87.237471712,27.21737603],[87.226821828,27.229533145],[87.215554822,27.233930619],[87.211081,27.243698616],[87.202372687,27.246958487],[87.204254832,27.260304593],[87.197262263,27.264989869],[87.209798878,27.267904959],[87.204598438,27.273192591],[87.206837397,27.28141834],[87.199714728,27.29453381],[87.201402528,27.301896247],[87.182098166,27.31607022],[87.191230918,27.327021786],[87.18450877,27.336512083],[87.192241717,27.352442936],[87.168600215,27.375872008],[87.154706593,27.381264971],[87.142036713,27.393956936],[87.131610122,27.394601194],[87.125061681,27.402220154],[87.130159044,27.409341115],[87.12398689,27.427131244],[87.139313896,27.449150007]]]]}},{"type":"Feature","properties":{"slug":"saptari"},"geometry":{"type":"MultiPolygon","coordinates":[[[[86.510079466,26.615873491],[86.512070113,26.623387866],[86.5057819,26.633962894],[86.504855247,26.650130085],[86.498456799,26.657617507],[86.508969104,26.682374634],[86.51010356,26.698379622],[86.502559832,26.723439293],[86.510755423,26.736900872],[86.528526446,26.744723546],[86.520151579,26.760610695],[86.525120794,26.785103812],[86.531275977,26.788831775],[86.547676425,26.781878602],[86.563891496,26.791090941],[86.566594231,26.780969688],[86.577870815,26.7844382],[86.57271264,26.768234412],[86.553180523,26.745976727],[86.573924332,26.739582388],[86.572080246,26.722357183],[86.583325182,26.712209139],[86.586398737,26.696471949],[86.6018934,26.699885286],[86.610699044,26.689044386],[86.616300501,26.69512301],[86.627401726,26.690045955],[86.633784656,26.698547254],[86.641935477,26.698206985],[86.648926181,26.689857086],[86.656602398,26.691529945],[86.664909983,26.704488885],[86.67045099,26.693681677],[86.684825364,26.688104536],[86.702753983,26.699392036],[86.706271112,26.707173351],[86.73695064,26.712333294],[86.746713071,26.696954498],[86.753147396,26.695232758],[86.753140211,26.686305791],[86.759929886,26.695402359],[86.799955757,26.712673026],[86.814277688,26.7077867],[86.823914734,26.714340789],[86.837557245,26.709855229],[86.840459625,26.691799111],[86.848255374,26.691322474],[86.85074894,26.696454317],[86.865667852,26.700652954],[86.871292918,26.713157392],[86.884951416,26.712108468],[86.911161107,26.739946352],[86.908694264,26.759294863],[86.921322906,26.766575317],[86.927822548,26.758428081],[86.92471919,26.750153878],[86.933865102,26.739624771],[86.948829568,26.732202367],[86.967085372,26.735700937],[86.988110717,26.700081921],[86.990772724,26.698231691],[87.001065064,26.710467172],[87.009997833,26.710886539],[87.013974868,26.696843525],[87.013391185,26.670908599],[87.00189144,26.655699732],[86.991114093,26.649595392],[86.985672416,26.629409628],[86.978839891,26.625236251],[86.989406929,26.606006615],[86.9825388,26.58635984],[86.992340082,26.572123628],[86.96431735,26.54509851],[86.93362688,26.533799847],[86.926478645,26.526608916],[86.916770452,26.512472548],[86.916244815,26.501462064],[86.904094666,26.488352314],[86.891623016,26.486149919],[86.893959968,26.462134119],[86.872947922,26.454114838],[86.86095409,26.457628578],[86.856047353,26.448549725],[86.845913797,26.448295387],[86.846845683,26.441961957],[86.842555775,26.440244534],[86.816307113,26.443368003],[86.766285701,26.459364572],[86.764128462,26.451288991],[86.743984225,26.435024448],[86.747033526,26.428575876],[86.729723834,26.422516676],[86.720139631,26.434934617],[86.699810841,26.437425369],[86.693366265,26.451242678],[86.633373209,26.464593752],[86.626135671,26.469557634],[86.629356889,26.478100565],[86.620605768,26.484439051],[86.57026899,26.496545335],[86.541839877,26.538537931],[86.523861422,26.543540566],[86.515721818,26.53926843],[86.498743655,26.541996658],[86.485936096,26.549860379],[86.496415947,26.560675168],[86.497109064,26.583900017],[86.51241992,26.600403701],[86.510079466,26.615873491]]]]}},{"type":"Feature","properties":{"slug":"sarlahi"},"geometry":{"type":"MultiPolygon","coordinates":[[[[85.386136054,26.919312047],[85.39871361,26.940519426],[85.400851111,26.954641769],[85.395947824,26.970086006],[85.401733396,26.978572407],[85.397458733,26.993033554],[85.388704284,27.001102135],[85.388235961,27.014178652],[85.402411137,27.034317963],[85.411365221,27.036904188],[85.415466243,27.049560129],[85.423450947,27.052595174],[85.424442123,27.06234026],[85.433819793,27.067260222],[85.43443652,27.089376702],[85.442824083,27.090536171],[85.449342267,27.101007031],[85.464178635,27.110120896],[85.473803553,27.129047366],[85.488249208,27.138882286],[85.489520037,27.154613406],[85.500669355,27.143656311],[85.520775458,27.140891756],[85.530789203,27.14100822],[85.536654836,27.148859492],[85.546786547,27.140644573],[85.551730086,27.140569347],[85.549766928,27.145719858],[85.553554283,27.146805759],[85.568919457,27.143504802],[85.571085177,27.137074596],[85.580707588,27.143951578],[85.629769342,27.137429578],[85.646782962,27.144624528],[85.671077267,27.166469917],[85.681717748,27.169354334],[85.694891843,27.184099237],[85.716855446,27.187848513],[85.723653965,27.195242903],[85.769443348,27.182174253],[85.815862124,27.161307431],[85.81020721,27.150639912],[85.793242958,27.137296569],[85.792418973,27.129647922],[85.797572425,27.123404249],[85.790861098,27.118286094],[85.797714841,27.114385365],[85.792173046,27.106229186],[85.800950793,27.105110866],[85.798853182,27.099565324],[85.794486681,27.100087457],[85.797536079,27.094721358],[85.786549189,27.092549058],[85.780881092,27.072417878],[85.747722771,27.034566009],[85.730634883,26.96372514],[85.719443374,26.947016314],[85.717571801,26.93487686],[85.711338488,26.932004388],[85.713449719,26.925464939],[85.707029711,26.924145077],[85.711624858,26.921125482],[85.705630851,26.920068916],[85.711432383,26.911835052],[85.705193447,26.905742679],[85.70971101,26.904247571],[85.697725108,26.896651551],[85.694841412,26.884743934],[85.687941314,26.881695092],[85.688971552,26.872488174],[85.683489262,26.872872676],[85.676197573,26.864465679],[85.680254528,26.843311367],[85.642360039,26.853292685],[85.634401951,26.87228725],[85.623466419,26.873640891],[85.606921661,26.857315822],[85.585180334,26.847249677],[85.583759865,26.858211496],[85.578174193,26.856436251],[85.575327661,26.861109354],[85.565704071,26.841009355],[85.557637817,26.84407458],[85.553402752,26.834375184],[85.542988472,26.838442095],[85.519802485,26.814471722],[85.50749005,26.816866939],[85.497754982,26.812112393],[85.495856966,26.797061133],[85.479805837,26.802412029],[85.477264495,26.792261325],[85.452003769,26.781348015],[85.432580577,26.790175488],[85.425485339,26.785976246],[85.407712187,26.791293494],[85.397775615,26.778558903],[85.384228849,26.77422026],[85.375244229,26.760721064],[85.355297037,26.760328909],[85.33431884,26.741532994],[85.326164597,26.744689211],[85.333225804,26.760332936],[85.351355627,26.762938553],[85.345728228,26.766726129],[85.345808984,26.775440983],[85.329723371,26.77715414],[85.341178493,26.786856086],[85.322108287,26.803686043],[85.323495257,26.811939771],[85.336898105,26.835257727],[85.35268648,26.841235321],[85.352710202,26.848890267],[85.34328919,26.855060446],[85.343300209,26.860411908],[85.37925741,26.88056269],[85.392551927,26.883153171],[85.395523722,26.892807174],[85.386136054,26.919312047]]]]}},{"type":"Feature","properties":{"slug":"sindhuli"},"geometry":{"type":"MultiPolygon","coordinates":[[[[85.642234728,27.142464396],[85.628640865,27.137407249],[85.580707588,27.143951578],[85.571085177,27.137074596],[85.568919457,27.143504802],[85.554141082,27.14679602],[85.549766928,27.145719858],[85.551614353,27.140500477],[85.536654836,27.148859492],[85.528094756,27.14040698],[85.496225017,27.146018966],[85.489520037,27.154613406],[85.494542957,27.163024425],[85.50357865,27.16280684],[85.499494018,27.168037747],[85.503375968,27.173132605],[85.489923831,27.171501909],[85.480474385,27.180813177],[85.49245762,27.187138244],[85.487095148,27.192862211],[85.488669763,27.198539605],[85.503834923,27.194059437],[85.510206075,27.197696278],[85.501453137,27.208197014],[85.504130263,27.221702729],[85.487761433,27.220761548],[85.4887229,27.250160068],[85.480089221,27.268804641],[85.4322123,27.288891639],[85.431601327,27.30080719],[85.42423635,27.304334069],[85.41816206,27.321162282],[85.421987837,27.328870405],[85.446298792,27.336688162],[85.44847765,27.351065351],[85.464939184,27.356569563],[85.47285961,27.370430204],[85.487230594,27.376474772],[85.49511394,27.376079311],[85.505971999,27.364388468],[85.509987197,27.365527806],[85.503747623,27.357312626],[85.5135021,27.350667065],[85.523177904,27.349986971],[85.533206446,27.356725158],[85.550350837,27.343422624],[85.555254579,27.345905357],[85.559059274,27.339364003],[85.564593061,27.344776672],[85.570713467,27.340530526],[85.578146155,27.34467384],[85.622922262,27.344849618],[85.635196468,27.35362416],[85.650648534,27.333621385],[85.679117304,27.345164571],[85.689270323,27.337086646],[85.704119315,27.345899666],[85.70437186,27.357254408],[85.695437585,27.363898668],[85.696348971,27.372701211],[85.714413774,27.40644756],[85.727191041,27.412037896],[85.773494238,27.398217206],[85.790807899,27.443356465],[85.803101379,27.438713645],[85.821516639,27.451030789],[85.828888293,27.44813067],[85.82997768,27.437637811],[85.852215893,27.425102986],[85.917900222,27.409048197],[85.945303033,27.380456264],[85.952010881,27.38146791],[85.955700982,27.389292838],[85.965959298,27.384511747],[85.977384714,27.370591927],[85.983501703,27.335749506],[85.997668495,27.337478588],[86.018502932,27.320362146],[86.021498278,27.308975834],[86.030829796,27.309295774],[86.038205735,27.298817017],[86.047677097,27.296860286],[86.054882768,27.288315229],[86.074216665,27.291576138],[86.076171467,27.276869477],[86.091186918,27.268739326],[86.105840076,27.267956078],[86.112380496,27.272672644],[86.127912815,27.264645555],[86.134893615,27.251428846],[86.148331912,27.242768215],[86.156892835,27.252515306],[86.191396946,27.255198397],[86.230122623,27.237429626],[86.265962679,27.261132753],[86.266663496,27.253649992],[86.287886448,27.245693244],[86.294927992,27.238441006],[86.340984351,27.229023996],[86.343575004,27.202869545],[86.358078574,27.201463291],[86.368739305,27.19255401],[86.379023132,27.193294869],[86.389808012,27.179614576],[86.373760298,27.158992943],[86.370460521,27.151065152],[86.374220663,27.147724511],[86.367912638,27.140638345],[86.359155559,27.139377933],[86.34303175,27.14734958],[86.326212216,27.110962829],[86.306501971,27.108459405],[86.323083125,27.099122199],[86.341189728,27.106500852],[86.36238566,27.099854297],[86.357027729,27.094195708],[86.35524536,27.075306161],[86.346081002,27.066078197],[86.350870736,27.066793028],[86.351161619,27.061631801],[86.363293567,27.054083236],[86.366987558,27.037571758],[86.382587841,27.031183274],[86.374040686,27.023322573],[86.37409164,27.007356485],[86.366663694,27.00033973],[86.365719336,26.981604994],[86.353709749,26.965107999],[86.315034772,26.963454245],[86.283471127,26.949192664],[86.27836872,26.934727918],[86.263073063,26.92710796],[86.259684484,26.91914317],[86.25541714,26.932451548],[86.241409315,26.939893032],[86.234185726,26.95047029],[86.226640668,26.949569431],[86.210204107,26.965566305],[86.187262733,26.977455622],[86.187577838,26.982450748],[86.106402021,27.015242559],[86.047532156,27.021402225],[86.012294136,27.018691069],[85.991667771,27.024848871],[85.970901888,27.050970526],[85.962013082,27.079850632],[85.94994539,27.084023062],[85.950976176,27.087830304],[85.94412961,27.092081627],[85.935898252,27.110202508],[85.938129042,27.121437361],[85.883021874,27.146410109],[85.862467965,27.12717123],[85.853522039,27.138045492],[85.835654758,27.147092332],[85.843550084,27.159936508],[85.830688434,27.167175966],[85.808996392,27.161689285],[85.769443348,27.182174253],[85.723653965,27.195242903],[85.716855446,27.187848513],[85.694891843,27.184099237],[85.681717748,27.169354334],[85.671077267,27.166469917],[85.642234728,27.142464396]]]]}},{"type":"Feature","properties":{"slug":"sindhupalchok"},"geometry":{"type":"MultiPolygon","coordinates":[[[[85.602192655,27.747689609],[85.595160782,27.744182683],[85.580276254,27.749841741],[85.567414807,27.744789107],[85.554100474,27.749164495],[85.550017226,27.756935918],[85.564085534,27.754969014],[85.565651441,27.764513933],[85.551210254,27.781011463],[85.533489742,27.791914004],[85.473045954,27.77802788],[85.467810964,27.783772778],[85.467696387,27.797243378],[85.451336255,27.811393275],[85.448231372,27.825526953],[85.454744957,27.846087774],[85.451258327,27.850496258],[85.470191933,27.869208261],[85.468389847,27.881735792],[85.475153893,27.884575773],[85.487538955,27.919835554],[85.478483948,27.959411028],[85.483807451,27.970406813],[85.49191922,27.971920748],[85.487232844,27.992525752],[85.494331064,28.002786819],[85.497131382,28.029446026],[85.47022341,28.063773358],[85.443026532,28.077704651],[85.444622449,28.08938831],[85.457184338,28.0927744],[85.473461544,28.105198611],[85.489243815,28.105788321],[85.495340969,28.122339678],[85.490336473,28.138716366],[85.503285097,28.152136182],[85.526839237,28.157408161],[85.532964899,28.167475667],[85.556186686,28.167918703],[85.583968812,28.153454162],[85.601619186,28.158119848],[85.613014965,28.15049854],[85.614953932,28.134130175],[85.627203038,28.129288504],[85.651675755,28.151649148],[85.67728691,28.158233109],[85.688557276,28.156072182],[85.703397765,28.164025277],[85.712344746,28.162092977],[85.712586428,28.169600242],[85.719243325,28.174088574],[85.727682238,28.16970305],[85.749690579,28.175283606],[85.778783372,28.17437768],[85.798586485,28.189486341],[85.800013085,28.196419802],[85.815690358,28.203369004],[85.818062122,28.193955519],[85.82893925,28.18506638],[85.848519115,28.184174481],[85.851306676,28.167195497],[85.871952375,28.144447523],[85.870128814,28.123770917],[85.898050627,28.109077653],[85.903311861,28.089234154],[85.896355666,28.074309754],[85.900902756,28.053894105],[85.91490269,28.049378562],[85.935837281,28.024167686],[85.977140421,27.996714981],[85.97830252,27.987896043],[85.959771593,27.967575304],[85.948765555,27.941035937],[86.000627727,27.911336235],[86.013761225,27.915121681],[86.023194642,27.907638076],[86.047381163,27.906559835],[86.065011672,27.899783931],[86.047793675,27.886120863],[86.042486457,27.86782385],[86.030458027,27.862781035],[86.024937175,27.846142307],[86.002513286,27.830196606],[86.019768955,27.809562435],[86.026126633,27.785591815],[86.019789998,27.772466383],[86.034093391,27.756628105],[86.030581212,27.74278966],[86.027905263,27.739411604],[86.004614643,27.745235814],[85.977247521,27.735368922],[85.961036948,27.742194537],[85.951857515,27.722488771],[85.936334535,27.708969469],[85.938896277,27.693481086],[85.934202958,27.687554537],[85.939150633,27.6692012],[85.918247382,27.663532606],[85.910627695,27.637095217],[85.891134153,27.624485143],[85.884025509,27.610494775],[85.866994735,27.629025458],[85.857138269,27.632673842],[85.842240306,27.626113805],[85.817392388,27.644083157],[85.821875304,27.655651759],[85.812590182,27.669052092],[85.791991294,27.665014047],[85.769001142,27.667742232],[85.745808983,27.677995178],[85.734722785,27.676678424],[85.72470753,27.662371789],[85.720333442,27.661255379],[85.720671794,27.666223877],[85.709577807,27.654852523],[85.705296464,27.656391815],[85.70798173,27.653639793],[85.707500483,27.647546456],[85.706460422,27.642115738],[85.706013989,27.641712266],[85.70627967,27.652310947],[85.693974933,27.663511365],[85.687337362,27.684810033],[85.681053232,27.685830963],[85.679597243,27.700453503],[85.654675055,27.720182821],[85.644160606,27.718309315],[85.614606523,27.732440746],[85.610636503,27.743493063],[85.602192655,27.747689609]]]]}},{"type":"Feature","properties":{"slug":"siraha"},"geometry":{"type":"MultiPolygon","coordinates":[[[[86.260583498,26.615693606],[86.251681383,26.616870044],[86.243204587,26.602841886],[86.234523503,26.597998044],[86.234420225,26.590842171],[86.217285255,26.58849247],[86.205374388,26.596689866],[86.195648263,26.594428279],[86.192253605,26.614749],[86.171554876,26.61718432],[86.14654493,26.608791335],[86.155281756,26.625924909],[86.151043129,26.63782048],[86.165972964,26.639362028],[86.170087852,26.65227727],[86.182503806,26.654889995],[86.196504114,26.666766619],[86.200177891,26.684807467],[86.192992421,26.698556012],[86.192962767,26.71238342],[86.183418865,26.72256624],[86.174547304,26.748495433],[86.159958641,26.7516771],[86.147683787,26.770862331],[86.144566787,26.787653799],[86.152397667,26.801589074],[86.154939313,26.820943846],[86.149358209,26.831030363],[86.155162728,26.844941982],[86.139838647,26.864076227],[86.141559284,26.870772352],[86.131033461,26.892509133],[86.132510242,26.914991608],[86.151489439,26.933681396],[86.158611804,26.934522753],[86.156006907,26.918800598],[86.168514443,26.913615202],[86.178472735,26.900026943],[86.227444991,26.880686152],[86.246240696,26.863961566],[86.271218864,26.882536531],[86.287532086,26.886706123],[86.314266756,26.879044683],[86.34080027,26.880179527],[86.366043074,26.872564496],[86.382882752,26.908518734],[86.403459665,26.909816653],[86.428243397,26.902531524],[86.451919474,26.888743639],[86.4795555,26.888557059],[86.479948628,26.871055046],[86.488153594,26.869399392],[86.496094889,26.856638214],[86.504765833,26.856082221],[86.512529525,26.840449104],[86.517754659,26.84328763],[86.51963541,26.831562507],[86.552019927,26.835238542],[86.553471541,26.814878171],[86.540610939,26.798281039],[86.535370086,26.799976552],[86.523238524,26.779839869],[86.520151579,26.760610695],[86.528526446,26.744723546],[86.510755423,26.736900872],[86.502559832,26.723439293],[86.51010356,26.698379622],[86.508969104,26.682374634],[86.498456799,26.657617507],[86.504221973,26.652190456],[86.5057819,26.633962894],[86.512070113,26.623387866],[86.509559976,26.6065633],[86.512941754,26.602100186],[86.494434206,26.578763674],[86.496415947,26.560675168],[86.485936096,26.549860379],[86.455490988,26.568158641],[86.394976507,26.585190638],[86.396906083,26.593599933],[86.340911176,26.606071719],[86.344332629,26.617083558],[86.307860316,26.62004963],[86.292875155,26.613319224],[86.260583498,26.615693606]]]]}},{"type":"Feature","properties":{"slug":"solukhumbu"},"geometry":{"type":"MultiPolygon","coordinates":[[[[86.437107137,27.485809774],[86.423127372,27.487458262],[86.401495632,27.517027635],[86.375360083,27.515980905],[86.355603203,27.526269463],[86.35853609,27.539784373],[86.369655042,27.549663371],[86.369238287,27.558199041],[86.376293336,27.568079345],[86.398500587,27.583472292],[86.41345424,27.586807753],[86.420183599,27.598683561],[86.434791117,27.610288905],[86.469694762,27.617132147],[86.492498094,27.613749593],[86.49986367,27.620371256],[86.507177456,27.640602143],[86.513706245,27.64820383],[86.526217806,27.650415412],[86.527116786,27.660185683],[86.538033881,27.670312407],[86.540255777,27.701615905],[86.550962418,27.710878954],[86.562887254,27.749347232],[86.572762655,27.754598998],[86.563987038,27.769613693],[86.567082996,27.804007865],[86.54035258,27.814877552],[86.55410265,27.857147017],[86.55102657,27.876163327],[86.554435581,27.908924833],[86.547802725,27.930458477],[86.533724256,27.942116376],[86.521732245,27.940435065],[86.51216622,27.967253998],[86.520149949,27.974370813],[86.512836868,27.98475938],[86.515039517,28.001496295],[86.519790684,28.005210796],[86.521438578,28.019854201],[86.531456158,28.02716241],[86.533350224,28.046632324],[86.536512087,28.050843877],[86.548896209,28.05076104],[86.565340634,28.068993821],[86.55860801,28.077874906],[86.566857109,28.091848425],[86.561599182,28.102739918],[86.563678776,28.108639488],[86.576423689,28.112880271],[86.602483815,28.101923714],[86.608015869,28.092161687],[86.602607246,28.087568503],[86.608357124,28.076017952],[86.635552226,28.070702972],[86.657948542,28.081102687],[86.66361754,28.097987901],[86.689097694,28.108667521],[86.738278456,28.103784148],[86.748310335,28.094961241],[86.750846497,28.08134788],[86.764930922,28.07462917],[86.755216346,28.068193511],[86.746866344,28.050567002],[86.752917896,28.037934615],[86.773337769,28.038071341],[86.790096937,28.018936539],[86.802679052,28.023618595],[86.835819445,28.015350551],[86.847316207,28.019846792],[86.852044094,28.027710112],[86.867427003,28.025264356],[86.872506781,28.022157911],[86.8730461,28.010512149],[86.889923566,27.996974036],[86.925350931,27.987889607],[86.933076827,27.978090496],[86.933477064,27.962613322],[86.983289324,27.949511011],[86.979182604,27.936189938],[86.981092974,27.919880239],[86.972878969,27.915310062],[86.96706258,27.902716956],[86.973296683,27.895223235],[86.973989746,27.877397149],[86.99058976,27.847014904],[86.989678301,27.839431625],[86.976737491,27.825926659],[86.997957054,27.824473356],[87.010156987,27.814789249],[86.993582355,27.795137764],[86.983127122,27.791411846],[86.986191588,27.780688293],[86.979450154,27.775355959],[86.982991813,27.756103924],[86.978958722,27.750284494],[86.993683727,27.742145418],[86.995363241,27.731744186],[87.007862715,27.72683672],[87.007467222,27.717753021],[86.987392166,27.687067515],[86.983692566,27.64631432],[86.968242578,27.632859678],[86.953728671,27.60467686],[86.956916475,27.589210915],[86.953452991,27.572359724],[86.965886794,27.561506032],[86.966707382,27.54156944],[86.947987697,27.527937818],[86.942883593,27.509217387],[86.96293148,27.483547142],[86.947979621,27.47514881],[86.940175623,27.45056735],[86.933118584,27.443224251],[86.915887024,27.44032233],[86.906018465,27.433497323],[86.891182243,27.435153978],[86.871292683,27.428237116],[86.85918642,27.435391582],[86.835109355,27.430863748],[86.821800764,27.440240497],[86.810791599,27.430749395],[86.803778417,27.415387446],[86.788602949,27.407468133],[86.77055972,27.411505523],[86.751753427,27.394489827],[86.741155309,27.397539185],[86.684297853,27.39262057],[86.680914535,27.390227973],[86.683496335,27.381036958],[86.678585325,27.353550184],[86.670631572,27.352629128],[86.657250476,27.339794346],[86.634960679,27.338070425],[86.589665418,27.343714206],[86.570768891,27.340778327],[86.563896518,27.35339709],[86.564437308,27.365580707],[86.536087546,27.387465963],[86.532011253,27.396811564],[86.509778175,27.410778504],[86.502593673,27.425425829],[86.491344101,27.427562571],[86.473435707,27.421327317],[86.464617645,27.428466531],[86.460330891,27.434404305],[86.467417847,27.445573184],[86.454511969,27.454507731],[86.437107137,27.485809774]]]]}},{"type":"Feature","properties":{"slug":"sunsari"},"geometry":{"type":"MultiPolygon","coordinates":[[[[87.056671371,26.586683587],[87.044641854,26.587342322],[87.042325432,26.568394125],[87.015284832,26.532171638],[86.990816192,26.523199752],[86.979339574,26.525195693],[86.975095544,26.520108628],[86.961267195,26.523844752],[86.932706294,26.516876873],[86.929858236,26.489678388],[86.904094666,26.488352314],[86.916244815,26.501462064],[86.916770452,26.512472548],[86.933289553,26.53361917],[86.963635948,26.544637976],[86.992340082,26.572123628],[86.9825388,26.58635984],[86.989406929,26.606006615],[86.978839891,26.625236251],[86.985672416,26.629409628],[86.991114093,26.649595392],[87.00189144,26.655699732],[87.013391185,26.670908599],[87.013974868,26.696843525],[87.009548143,26.707898856],[87.01390602,26.72223905],[87.024521793,26.729788135],[87.034298827,26.750654913],[87.042929896,26.756334565],[87.064088718,26.744468346],[87.068934084,26.7505204],[87.105132356,26.754842087],[87.142049375,26.81564884],[87.142113625,26.835440919],[87.158086184,26.875371322],[87.179269393,26.877207656],[87.185379991,26.87071227],[87.216033922,26.86336439],[87.233630114,26.878798096],[87.256417,26.865934811],[87.296907299,26.874919986],[87.301405468,26.869154071],[87.310540004,26.870458868],[87.323769519,26.854211649],[87.347485105,26.849678465],[87.353938937,26.839120003],[87.346764478,26.825548939],[87.349116284,26.820475113],[87.323502463,26.786981343],[87.323938925,26.774646117],[87.338369278,26.752976703],[87.339257082,26.736628149],[87.330082563,26.72896847],[87.325096262,26.715084159],[87.319483779,26.716089722],[87.32164922,26.711646211],[87.314002028,26.705712783],[87.303980643,26.676733264],[87.293891202,26.667983102],[87.289075218,26.670030651],[87.284995769,26.657494613],[87.294249618,26.63510623],[87.301260204,26.629596771],[87.300822816,26.615491745],[87.285451665,26.593074746],[87.291285328,26.576589724],[87.2839056,26.559034688],[87.277750457,26.559119011],[87.266166804,26.548756152],[87.260860361,26.534456744],[87.254029824,26.536570003],[87.255416299,26.529359843],[87.245994506,26.521182643],[87.247523113,26.515732457],[87.250561773,26.522020899],[87.254176677,26.51923208],[87.24992758,26.511501618],[87.252547228,26.503377621],[87.238590435,26.470034973],[87.244981586,26.465222003],[87.247048814,26.453750164],[87.245110844,26.4143365],[87.228778593,26.413779016],[87.218915467,26.403271635],[87.211335922,26.413210139],[87.185923747,26.414333102],[87.189046592,26.40559573],[87.162480745,26.4041254],[87.139038608,26.415009236],[87.091510507,26.45041627],[87.080172146,26.521791972],[87.072669999,26.542033513],[87.071781806,26.585846358],[87.056671371,26.586683587]]]]}},{"type":"Feature","properties":{"slug":"surkhet"},"geometry":{"type":"MultiPolygon","coordinates":[[[[81.320447384,28.668234432],[81.28533813,28.673314324],[81.281189961,28.695137742],[81.26662517,28.703990108],[81.273268103,28.717744663],[81.27245681,28.727090221],[81.256124231,28.729984868],[81.261103232,28.745879452],[81.247245118,28.760932062],[81.250753929,28.770086754],[81.247766864,28.779688822],[81.232669875,28.786054724],[81.225914519,28.795161914],[81.239083285,28.803066471],[81.242118307,28.810852847],[81.229915118,28.816793575],[81.232010335,28.831922379],[81.206168422,28.850430886],[81.206155288,28.862436642],[81.199000095,28.861181793],[81.195210385,28.833061242],[81.206695514,28.825259115],[81.203417349,28.816761678],[81.181797966,28.825073878],[81.174131722,28.835005292],[81.152998484,28.830417639],[81.157725237,28.844418956],[81.149195637,28.852719011],[81.143390406,28.873098037],[81.129074234,28.865241776],[81.126012435,28.851662066],[81.102441317,28.844824156],[81.089168393,28.862885115],[81.072889576,28.864891348],[81.072301088,28.876807165],[81.058799543,28.873477307],[81.051521728,28.876911456],[81.021177788,28.919857628],[80.987174752,28.934133741],[80.982557321,28.94176922],[81.003336362,28.957179916],[81.020837922,28.9528946],[81.04991623,28.978319215],[81.064967435,28.970286531],[81.119247274,28.963508916],[81.168786654,28.921454409],[81.184408322,28.914894221],[81.194527548,28.916229038],[81.204211175,28.90810717],[81.236636296,28.90598997],[81.245691849,28.915164105],[81.266129024,28.902679782],[81.283514717,28.921636236],[81.302050501,28.925757965],[81.31630634,28.920239038],[81.324197093,28.908101897],[81.336602361,28.906984161],[81.342340443,28.892701567],[81.355239987,28.889778444],[81.374843703,28.893023332],[81.394398846,28.908526015],[81.414170687,28.914169371],[81.431785661,28.910667176],[81.440641691,28.90041056],[81.464944936,28.893676504],[81.462232304,28.875163193],[81.467398824,28.861937555],[81.463271101,28.852811163],[81.490539468,28.840984307],[81.498241815,28.821282992],[81.522370963,28.803345851],[81.515475285,28.780455203],[81.527831642,28.774573848],[81.535068258,28.761339674],[81.520025123,28.749550636],[81.546502973,28.749096523],[81.549216953,28.739547759],[81.559301505,28.736792647],[81.559438505,28.72827169],[81.575210628,28.712513736],[81.601239061,28.707214381],[81.616280187,28.689905186],[81.629848933,28.692184339],[81.63925511,28.676450735],[81.675266806,28.679156645],[81.691435708,28.67355494],[81.701628225,28.661075045],[81.727438636,28.655337668],[81.739077349,28.645563228],[81.751030035,28.645982534],[81.777848236,28.63362491],[81.783901415,28.637382079],[81.782355564,28.651914024],[81.792215043,28.655452513],[81.797731953,28.668192593],[81.810538021,28.679688821],[81.807227282,28.694360103],[81.820063032,28.724109076],[81.845069126,28.710451989],[81.859003405,28.693389445],[81.868019437,28.664060723],[81.87724484,28.658855828],[81.877490664,28.648910691],[81.885550732,28.643245824],[81.936949994,28.641187952],[81.947605324,28.636169185],[81.957465473,28.640762516],[81.975644113,28.638523718],[82.008342069,28.645272658],[82.040399163,28.641937649],[82.027311172,28.639111796],[82.021744568,28.627216511],[82.024783337,28.613146917],[82.004200367,28.613526542],[82.011515999,28.595588427],[82.000857585,28.58724893],[82.002818036,28.578319658],[81.994094547,28.569985562],[82.018027084,28.543232734],[82.01836193,28.527773668],[82.027618229,28.517543863],[82.0205436,28.511632878],[82.025227244,28.499141158],[82.009052283,28.478650897],[82.010404032,28.468047583],[81.990860653,28.461981132],[81.983743234,28.45502393],[81.986229786,28.446957146],[81.961526463,28.449053623],[81.966074416,28.445080488],[81.96190951,28.424951792],[81.972002052,28.415829707],[81.974091711,28.40459421],[81.989855427,28.39539402],[81.976678617,28.386014585],[81.97562263,28.37521888],[81.981537533,28.363382801],[81.969504472,28.352291102],[81.960370569,28.352962606],[81.937028798,28.337306741],[81.927525245,28.338750107],[81.902213263,28.355035893],[81.843068738,28.374363952],[81.837789462,28.381157443],[81.819524563,28.380747365],[81.810254602,28.389749723],[81.778818149,28.390557922],[81.768480651,28.384358673],[81.766711003,28.370176647],[81.716645725,28.384144826],[81.695487328,28.39958581],[81.687608077,28.411002463],[81.673787397,28.417719787],[81.670114466,28.413406513],[81.658456759,28.415453172],[81.557347746,28.495009307],[81.538758456,28.49469397],[81.536137593,28.504109314],[81.516219135,28.513584678],[81.511914911,28.524551294],[81.497360608,28.533579456],[81.491194963,28.532428796],[81.486139849,28.539165169],[81.476114384,28.539809793],[81.466124388,28.553486083],[81.445366312,28.554313801],[81.433648631,28.563136332],[81.43074179,28.577357975],[81.421770315,28.581367863],[81.424649631,28.587806365],[81.40152972,28.602050745],[81.400988214,28.60688004],[81.379350559,28.612329444],[81.364602688,28.623545775],[81.345538443,28.624746232],[81.316360143,28.636782929],[81.310241738,28.651129017],[81.316311705,28.65238504],[81.320447384,28.668234432]]]]}},{"type":"Feature","properties":{"slug":"syangja"},"geometry":{"type":"MultiPolygon","coordinates":[[[[83.615672441,27.930362287],[83.600704257,27.923409073],[83.592963333,27.931217562],[83.574627675,27.930266442],[83.576409682,27.937259206],[83.57102623,27.943063412],[83.565625544,27.93468522],[83.548467083,27.928143626],[83.537929555,27.928115412],[83.536810661,27.937118201],[83.531012771,27.939203613],[83.52408679,27.924158381],[83.516370075,27.937408938],[83.508717908,27.940820139],[83.502917688,27.937153451],[83.50981372,27.932983995],[83.505930508,27.928584214],[83.490487809,27.929195744],[83.483878187,27.922736612],[83.460502219,27.93443308],[83.448923751,27.928496514],[83.439880115,27.933556609],[83.445249051,27.938835081],[83.443492612,27.94485632],[83.461603774,27.953894198],[83.483188871,27.981817407],[83.521855161,27.963939851],[83.545631164,27.971032491],[83.549974788,27.976826965],[83.577334428,27.974359779],[83.579111534,27.97938966],[83.585218352,27.978934416],[83.58414346,27.987508994],[83.60332034,27.997300823],[83.604919849,28.012067314],[83.627102133,28.0055143],[83.627357101,28.01203746],[83.635088276,28.017657874],[83.65593135,28.011820965],[83.678538457,28.018332707],[83.689101345,28.028999142],[83.69359397,28.027008077],[83.69786866,28.033016593],[83.691225428,28.032724271],[83.68851131,28.03831341],[83.693908713,28.041696182],[83.694006435,28.052422019],[83.702401619,28.052742801],[83.712705968,28.063659579],[83.710591637,28.083179586],[83.703630182,28.090321145],[83.717381098,28.090120119],[83.730047189,28.101491521],[83.70530811,28.11853741],[83.708843037,28.130407568],[83.73078958,28.148063535],[83.759458219,28.146205945],[83.76442771,28.154458268],[83.760440189,28.163863849],[83.766047121,28.170653127],[83.756273303,28.190329498],[83.772152462,28.198458431],[83.783262506,28.19687693],[83.799418611,28.209059623],[83.804245099,28.221646547],[83.816764272,28.210051856],[83.824187696,28.214352638],[83.837822168,28.21203893],[83.856044577,28.194044409],[83.871065311,28.19769174],[83.876840825,28.1925148],[83.890645313,28.194717245],[83.896513721,28.191148097],[83.90537387,28.177119322],[83.923559668,28.168510071],[83.927174399,28.16063828],[83.92353166,28.149682848],[83.930652197,28.143755371],[83.960872943,28.138801655],[83.979788388,28.143496139],[84.00276244,28.130836267],[83.998864574,28.121705789],[84.00481339,28.116002274],[83.993049971,28.108972047],[83.995018465,28.102194757],[83.961879925,28.087393789],[83.958830664,28.079868802],[83.96943696,28.075320939],[83.94979037,28.066895222],[83.939649382,28.068450177],[83.941142941,28.061535704],[83.96367512,28.038767741],[83.980502772,28.037555106],[83.995409725,28.04705478],[83.997398768,28.034303095],[84.017234439,28.030809526],[84.031950381,28.019505839],[84.02463847,28.013614263],[84.006149555,28.013934455],[84.002473877,28.00645764],[83.992068395,28.006207006],[83.991283061,27.999747581],[83.979379127,27.997614283],[83.979758989,27.972841602],[83.967017718,27.958158245],[83.978124904,27.91022564],[83.974170262,27.902707326],[83.954011675,27.897424815],[83.951920105,27.889457444],[83.940979657,27.894358147],[83.936647842,27.885412707],[83.942259773,27.876029393],[83.937025186,27.877845587],[83.924771376,27.868270897],[83.910740723,27.872738843],[83.913787222,27.87779693],[83.910134037,27.880289962],[83.892380854,27.886150101],[83.880997756,27.882372899],[83.877553288,27.888396175],[83.861123543,27.882367855],[83.858385686,27.873586234],[83.845205054,27.881653741],[83.845509686,27.868525251],[83.820917665,27.877793293],[83.807224077,27.873262438],[83.762270809,27.909992935],[83.756182144,27.909221974],[83.757112572,27.903140978],[83.744744632,27.907982917],[83.742531177,27.904675748],[83.747512323,27.901436053],[83.743014949,27.900112419],[83.719114697,27.920240484],[83.698334156,27.917008596],[83.689435776,27.923937834],[83.683056268,27.916439548],[83.682001451,27.924182577],[83.675660547,27.92752493],[83.654976839,27.902512461],[83.634316343,27.899379504],[83.6335078,27.914180084],[83.621259064,27.917334929],[83.626702124,27.925381714],[83.615672441,27.930362287]]]]}},{"type":"Feature","properties":{"slug":"tanahun"},"geometry":{"type":"MultiPolygon","coordinates":[[[[84.030896641,28.019797109],[84.017234439,28.030809526],[83.997398768,28.034303095],[83.995409725,28.04705478],[83.980502772,28.037555106],[83.96367512,28.038767741],[83.95494387,28.050627968],[83.947408297,28.05146909],[83.939649382,28.068450177],[83.94979037,28.066895222],[83.968815179,28.074770293],[83.958830664,28.079868802],[83.961063547,28.086689716],[83.973227475,28.090440059],[83.98202388,28.099328445],[83.992287006,28.099509834],[83.993049971,28.108972047],[84.00481339,28.116002274],[84.014987015,28.110444684],[84.012504253,28.105569465],[84.027166924,28.10538008],[84.02592902,28.096057972],[84.032558255,28.099515196],[84.04213132,28.094716091],[84.037730781,28.091583622],[84.047190906,28.084469351],[84.058306287,28.088259862],[84.069690534,28.077740992],[84.078956653,28.091588624],[84.105745023,28.110542371],[84.114265973,28.106086469],[84.144741343,28.106168241],[84.158439628,28.097223327],[84.179088606,28.101283775],[84.182888514,28.096037811],[84.209538303,28.094458738],[84.219452687,28.099894021],[84.225845137,28.097203427],[84.232538544,28.078739396],[84.245778198,28.08283604],[84.247955872,28.087876803],[84.253244973,28.084981523],[84.263824585,28.093397234],[84.277883531,28.093040108],[84.281305095,28.098312432],[84.309555651,28.107339174],[84.329482664,28.12412777],[84.340673592,28.121977455],[84.359111369,28.12917021],[84.38888882,28.126532836],[84.395679505,28.129757647],[84.422001984,28.119283092],[84.427239699,28.111296135],[84.44358885,28.104390219],[84.443150632,28.099290616],[84.465757201,28.081636284],[84.466998471,28.070146293],[84.474084067,28.067834326],[84.477626452,28.058197542],[84.466090926,28.050803331],[84.468204172,28.045512351],[84.461600753,28.038637774],[84.464169619,28.028284878],[84.459544627,28.023758842],[84.457196723,28.003750439],[84.42085381,27.977729232],[84.420931214,27.95773511],[84.443240263,27.946738633],[84.453807244,27.949305502],[84.458349966,27.942233276],[84.47397044,27.939651253],[84.483755992,27.928054518],[84.506554747,27.923042889],[84.508053863,27.919747899],[84.501457571,27.915627543],[84.510121458,27.913678042],[84.513149786,27.917763907],[84.517180604,27.912553004],[84.532850138,27.912987335],[84.538715022,27.917298536],[84.537654324,27.909167131],[84.545401941,27.904904137],[84.540315087,27.896969088],[84.545098273,27.880658638],[84.540740761,27.875831882],[84.544591679,27.869867232],[84.552309272,27.87017045],[84.547433998,27.863071766],[84.558741331,27.858787142],[84.556591027,27.837998614],[84.546115228,27.831793199],[84.521961363,27.832331087],[84.516715693,27.816034228],[84.466151308,27.824408624],[84.46492764,27.818936975],[84.445802348,27.82317167],[84.433424733,27.814111986],[84.43127455,27.786888727],[84.439336582,27.778477112],[84.461484871,27.773014885],[84.470560027,27.76092943],[84.47067912,27.752197533],[84.450560027,27.759353514],[84.437052643,27.742847609],[84.422042103,27.741335202],[84.424175663,27.746152425],[84.41782026,27.749228923],[84.417516171,27.759094028],[84.40625205,27.761832731],[84.392125098,27.775546149],[84.377199948,27.779145718],[84.366936988,27.773291403],[84.360960535,27.753786387],[84.351752666,27.748932184],[84.343895541,27.75119236],[84.339634308,27.744025817],[84.32497991,27.748950272],[84.321995044,27.75929979],[84.315663494,27.763350764],[84.318335925,27.774375246],[84.313877241,27.785436364],[84.3001065,27.792391275],[84.298073497,27.806494718],[84.305740549,27.818880339],[84.291611497,27.837860716],[84.267575923,27.832523894],[84.265867278,27.838779114],[84.252685413,27.838460941],[84.240178543,27.846671006],[84.227722343,27.845726464],[84.22546132,27.83663544],[84.213564148,27.846568109],[84.209510151,27.838783627],[84.207418662,27.849413507],[84.202200922,27.85245359],[84.190839734,27.846630756],[84.173345387,27.852440963],[84.169459347,27.845686204],[84.16256268,27.846869992],[84.1626967,27.841653466],[84.156209101,27.839689046],[84.155784928,27.848330819],[84.143211,27.850375005],[84.124723239,27.845693274],[84.12070872,27.848460712],[84.128952599,27.852949868],[84.126708401,27.859251262],[84.120167073,27.859877669],[84.121240105,27.854024029],[84.116796257,27.850864685],[84.109171374,27.861833825],[84.10265231,27.855025093],[84.095703295,27.858450489],[84.100867829,27.866413471],[84.080470041,27.869876597],[84.078666462,27.863718192],[84.071503391,27.865053275],[84.068335152,27.857113071],[84.052657834,27.848916328],[84.048770651,27.856133114],[84.040546361,27.850109474],[84.040193781,27.856754116],[84.027453729,27.856682743],[84.020898878,27.861916045],[84.015356125,27.858160177],[84.020963763,27.851120088],[84.00036675,27.854745136],[83.994647858,27.866087021],[83.978453326,27.866128272],[83.971548997,27.872656514],[83.947496256,27.869824659],[83.936647842,27.885412707],[83.940681454,27.894053483],[83.951920105,27.889457444],[83.954011675,27.897424815],[83.974170262,27.902707326],[83.978124904,27.91022564],[83.967017718,27.958158245],[83.979758989,27.972841602],[83.979250836,27.997386426],[83.991283061,27.999747581],[83.992068395,28.006207006],[84.002473877,28.00645764],[84.006149555,28.013934455],[84.02463847,28.013614263],[84.030896641,28.019797109]]]]}},{"type":"Feature","properties":{"slug":"taplejung"},"geometry":{"type":"MultiPolygon","coordinates":[[[[87.541055326,27.292907826],[87.516539741,27.296723483],[87.514367684,27.306171987],[87.49747358,27.313974619],[87.492528678,27.332521147],[87.458506782,27.371664769],[87.456706611,27.386738407],[87.444443765,27.406234277],[87.456218096,27.425945751],[87.461091676,27.446741879],[87.458649816,27.473766886],[87.471258377,27.48670066],[87.466494099,27.495935883],[87.46822436,27.507495831],[87.476360124,27.51242523],[87.474983591,27.527172465],[87.480710288,27.543305393],[87.487226114,27.546540789],[87.481834031,27.567175053],[87.512793326,27.598976619],[87.524993999,27.592900067],[87.529396316,27.59495459],[87.534743138,27.632024347],[87.545043276,27.638245235],[87.539712926,27.651018258],[87.532291117,27.652229201],[87.545463667,27.659544546],[87.549367604,27.680773676],[87.561122159,27.698498635],[87.574618022,27.693150294],[87.579792927,27.67616658],[87.590617393,27.681449999],[87.600493159,27.679092702],[87.601415527,27.674199526],[87.607831477,27.675328982],[87.616396676,27.688643274],[87.615178651,27.704554843],[87.622665436,27.712111188],[87.639374741,27.710110485],[87.637922479,27.718767379],[87.644126473,27.727210559],[87.641215577,27.73097386],[87.663708878,27.750295565],[87.657150717,27.761688935],[87.67163399,27.773459598],[87.670877043,27.780728127],[87.677369905,27.790481321],[87.665465948,27.806921019],[87.687136053,27.812412372],[87.709731751,27.811434003],[87.724057524,27.80535162],[87.733152369,27.809335312],[87.733960401,27.819411309],[87.743784621,27.835237341],[87.753428096,27.835967893],[87.766170187,27.859575539],[87.778650533,27.865946769],[87.775411357,27.878001265],[87.784599901,27.899422663],[87.804105377,27.908982055],[87.813567907,27.921515309],[87.824691235,27.920226382],[87.824646111,27.936204027],[87.831583558,27.952866054],[87.847017634,27.946389606],[87.856979107,27.948022274],[87.859263141,27.936721069],[87.854021826,27.92879436],[87.865899704,27.910834238],[87.876720446,27.914842461],[87.899198911,27.911212019],[87.90785127,27.916966797],[87.932176073,27.917945918],[87.939145145,27.910866551],[87.955705277,27.909117081],[87.966496436,27.893242941],[87.984844592,27.886002116],[88.002417447,27.89815706],[88.021592294,27.896669491],[88.030073091,27.905950706],[88.053984567,27.896890335],[88.064441893,27.886385026],[88.072008667,27.893784702],[88.084149479,27.895548652],[88.095807766,27.867254563],[88.112367391,27.868507142],[88.1264463,27.881766237],[88.134900136,27.881773585],[88.164204827,27.868465132],[88.178342831,27.856767497],[88.196027773,27.854366172],[88.201259874,27.837520759],[88.19454804,27.835778785],[88.187473336,27.825401567],[88.17313032,27.820536287],[88.185251542,27.810662327],[88.186830746,27.801482729],[88.197290577,27.790886552],[88.181267021,27.775950128],[88.183404661,27.766346203],[88.176743718,27.758414714],[88.178551692,27.747096872],[88.156266154,27.736607312],[88.155409036,27.717485982],[88.147455666,27.703037044],[88.154780694,27.69073508],[88.148799569,27.684082241],[88.144622051,27.66568972],[88.120064159,27.645631212],[88.113666321,27.610680295],[88.089644498,27.595175584],[88.081969922,27.585058518],[88.075200421,27.572122905],[88.081050707,27.564898652],[88.069230268,27.555889098],[88.068538518,27.546466227],[88.059006648,27.535161731],[88.067190229,27.526379345],[88.061412504,27.525372262],[88.057424196,27.517968777],[88.061550172,27.512172926],[88.04374299,27.49604345],[88.043962685,27.478556929],[88.067050359,27.457955048],[88.064521596,27.453843425],[88.072414781,27.444900608],[88.034334436,27.409212097],[88.025004674,27.389338919],[88.017534149,27.354285421],[88.00384351,27.329131126],[87.990949737,27.324162573],[87.959385157,27.288601672],[87.94026888,27.280769256],[87.894405948,27.28646466],[87.891264581,27.282118921],[87.880420753,27.284202413],[87.869640457,27.279091726],[87.839701741,27.286217175],[87.780974049,27.272744468],[87.755283758,27.281044206],[87.731803112,27.278662298],[87.724170119,27.28615225],[87.696247876,27.29139778],[87.688265369,27.287897129],[87.679853095,27.271074642],[87.651372362,27.26818444],[87.606729624,27.283633332],[87.557442931,27.285316353],[87.541055326,27.292907826]]]]}},{"type":"Feature","properties":{"slug":"terhathum"},"geometry":{"type":"MultiPolygon","coordinates":[[[[87.395281008,27.096301995],[87.392034729,27.102547825],[87.394725039,27.123418977],[87.406667953,27.136111075],[87.409410188,27.146011003],[87.405832321,27.155252314],[87.410960844,27.166368178],[87.422151582,27.177253734],[87.451689501,27.179670802],[87.470113822,27.197893718],[87.467409598,27.217905596],[87.479662026,27.250218224],[87.51665916,27.296867411],[87.543120869,27.292962983],[87.557442931,27.285316353],[87.606729624,27.283633332],[87.651372362,27.26818444],[87.679853095,27.271074642],[87.686012003,27.261985553],[87.723190568,27.242006049],[87.751371591,27.217638579],[87.751532969,27.208409392],[87.744602331,27.199060148],[87.718019854,27.187641916],[87.706353644,27.150785314],[87.692114974,27.143270402],[87.675784424,27.1424768],[87.663171278,27.132863915],[87.644921338,27.132730097],[87.644782241,27.126731058],[87.634243476,27.118735068],[87.589322732,27.099819167],[87.570342247,27.069752026],[87.536942752,27.045412747],[87.53291988,27.035071082],[87.53944375,27.033793874],[87.542190491,27.023868606],[87.535981463,27.013587333],[87.511494402,26.990685277],[87.500707949,26.984053978],[87.485642522,26.984285001],[87.483862008,26.975628603],[87.468816626,26.976649682],[87.46383465,26.968087157],[87.449740597,26.973995075],[87.438209573,26.972077288],[87.441227924,27.006165164],[87.43052557,27.014305697],[87.426648423,27.046327381],[87.40645036,27.065918862],[87.395281008,27.096301995]]]]}},{"type":"Feature","properties":{"slug":"udayapur"},"geometry":{"type":"MultiPolygon","coordinates":[[[[86.47875137,26.887829798],[86.457129636,26.887391846],[86.418443221,26.906345523],[86.38444678,26.909380746],[86.366043074,26.872564496],[86.34080027,26.880179527],[86.314266756,26.879044683],[86.287532086,26.886706123],[86.271218864,26.882536531],[86.246865617,26.863847587],[86.227444991,26.880686152],[86.178472735,26.900026943],[86.168514443,26.913615202],[86.156902756,26.917431859],[86.156269775,26.926521234],[86.157488794,26.92998751],[86.188824648,26.905364456],[86.199966501,26.905536313],[86.215899364,26.896245836],[86.22099792,26.888507542],[86.224201622,26.903843867],[86.241796665,26.905532448],[86.246246884,26.915116613],[86.258001646,26.91286832],[86.261117612,26.925006051],[86.278143255,26.934453751],[86.283471127,26.949192664],[86.315034772,26.963454245],[86.353709749,26.965107999],[86.365719336,26.981604994],[86.366663694,27.00033973],[86.37409164,27.007356485],[86.374040686,27.023322573],[86.382622706,27.031490309],[86.366987558,27.037571758],[86.363293567,27.054083236],[86.351161619,27.061631801],[86.350870736,27.066793028],[86.346081002,27.066078197],[86.35524536,27.075306161],[86.357027729,27.094195708],[86.362623759,27.099550829],[86.341189728,27.106500852],[86.323083125,27.099122199],[86.306430596,27.108898991],[86.326212216,27.110962829],[86.34303175,27.14734958],[86.359155559,27.139377933],[86.367912638,27.140638345],[86.374220663,27.147724511],[86.370460521,27.151065152],[86.373760298,27.158992943],[86.389862685,27.179939736],[86.41682533,27.166013052],[86.420304464,27.15007271],[86.437553205,27.147333683],[86.426474264,27.133285801],[86.445649959,27.132631746],[86.459667883,27.11767462],[86.459243311,27.105991646],[86.46534209,27.102425064],[86.475020762,27.102454789],[86.483821335,27.109640179],[86.492355948,27.104783878],[86.502407428,27.114569747],[86.514516603,27.114244357],[86.533189907,27.135122954],[86.58126557,27.152454869],[86.60549799,27.13972666],[86.640334773,27.133062284],[86.668813585,27.12005411],[86.678428546,27.107126792],[86.698000448,27.094637918],[86.710274989,27.067651886],[86.719998027,27.062156788],[86.726730573,27.039485841],[86.74719598,27.024378713],[86.753522683,27.005586728],[86.75493173,26.974404686],[86.760845358,26.970380206],[86.764493158,26.957544711],[86.760884029,26.924183086],[86.768475045,26.900581418],[86.773574771,26.896947638],[86.77215346,26.885017413],[86.779760412,26.887798236],[86.784645861,26.880876053],[86.805279282,26.872981039],[86.822801017,26.872284277],[86.834640539,26.875198287],[86.838509211,26.884558281],[86.861994555,26.895066949],[86.884969492,26.89854229],[86.914496585,26.895785417],[86.931391943,26.907733909],[86.967426844,26.900792206],[86.977564153,26.906523503],[86.980386515,26.895916047],[87.002117645,26.886412884],[87.005403225,26.891887147],[87.014091651,26.89217771],[87.032360402,26.903687392],[87.039115574,26.901417897],[87.041631744,26.907313423],[87.05060862,26.902465754],[87.061712304,26.91100451],[87.065780041,26.907396773],[87.082779163,26.912304764],[87.092530324,26.90989777],[87.093346573,26.916535952],[87.139644068,26.927525297],[87.149679253,26.925186303],[87.164253239,26.90778596],[87.168651323,26.892106976],[87.164372838,26.87668869],[87.15231502,26.868497511],[87.149589277,26.847076904],[87.142113625,26.835440919],[87.142049375,26.81564884],[87.126921165,26.786154349],[87.100946959,26.752051509],[87.069104123,26.750556462],[87.064088718,26.744468346],[87.043312285,26.756314135],[87.038845276,26.754613957],[87.025605543,26.737794264],[87.024521793,26.729788135],[87.01390602,26.72223905],[87.010906198,26.711696609],[87.000831971,26.710349866],[86.990521069,26.698224875],[86.967085372,26.735700937],[86.948829568,26.732202367],[86.932509755,26.740729901],[86.92471919,26.750153878],[86.927822548,26.758428081],[86.921322906,26.766575317],[86.908694264,26.759294863],[86.911161107,26.739946352],[86.884951416,26.712108468],[86.871292918,26.713157392],[86.865667852,26.700652954],[86.85074894,26.696454317],[86.848255374,26.691322474],[86.840459625,26.691799111],[86.835350754,26.711159202],[86.823361307,26.714292722],[86.813944231,26.707784006],[86.803322869,26.71330734],[86.759929886,26.695402359],[86.752901304,26.6863031],[86.753147396,26.695232758],[86.746713071,26.696954498],[86.73695064,26.712333294],[86.706271112,26.707173351],[86.702753983,26.699392036],[86.684825364,26.688104536],[86.67045099,26.693681677],[86.664909983,26.704488885],[86.656602398,26.691529945],[86.649541353,26.689757105],[86.641681197,26.698267288],[86.633784656,26.698547254],[86.62729574,26.690007332],[86.616046973,26.695061386],[86.610699044,26.689044386],[86.6018934,26.699885286],[86.586592402,26.696323591],[86.583325182,26.712209139],[86.572080246,26.722357183],[86.573924332,26.739582388],[86.553135651,26.746130025],[86.57271264,26.768234412],[86.577870815,26.7844382],[86.566594231,26.780969688],[86.563891496,26.791090941],[86.54816736,26.781947917],[86.538559836,26.78310609],[86.53820341,26.787769174],[86.530127828,26.791210859],[86.553471541,26.814878171],[86.554512505,26.830920715],[86.546693277,26.836767256],[86.537205871,26.831584989],[86.51963541,26.831562507],[86.517754659,26.84328763],[86.512529525,26.840449104],[86.504765833,26.856082221],[86.496094889,26.856638214],[86.488153594,26.869399392],[86.479948628,26.871055046],[86.47875137,26.887829798]]]]}}]}